year,y,x,nav_lat,nav_lon,ph
1980,0,0,-57.695797,-147.5,8.07261
1980,0,1,-57.695797,-146.5,8.073251
1980,0,2,-57.695797,-145.5,8.075509
1980,0,3,-57.695797,-144.5,8.077803
1980,0,4,-57.695797,-143.5,8.081162
1980,0,5,-57.695797,-142.5,8.0840845
1980,0,6,-57.695797,-141.5,8.085851
1980,0,7,-57.695797,-140.5,8.087553
1980,0,8,-57.695797,-139.5,8.088654
1980,0,9,-57.695797,-138.5,8.089284
1980,0,10,-57.695797,-137.5,8.089492
1980,0,11,-57.695797,-136.5,8.089559
1980,0,12,-57.695797,-135.5,8.089297
1980,0,13,-57.695797,-134.5,8.089186
1980,0,14,-57.695797,-133.5,8.089196
1980,0,15,-57.695797,-132.5,8.0891285
1980,0,16,-57.695797,-131.5,8.088898
1980,0,17,-57.695797,-130.5,8.088878
1980,0,18,-57.695797,-129.5,8.08884
1980,0,19,-57.695797,-128.5,8.088787
1980,1,0,-57.15743,-147.5,8.074809
1980,1,1,-57.15743,-146.5,8.075551
1980,1,2,-57.15743,-145.5,8.077472
1980,1,3,-57.15743,-144.5,8.079842
1980,1,4,-57.15743,-143.5,8.083111
1980,1,5,-57.15743,-142.5,8.08583
1980,1,6,-57.15743,-141.5,8.087377
1980,1,7,-57.15743,-140.5,8.088872
1980,1,8,-57.15743,-139.5,8.0898075
1980,1,9,-57.15743,-138.5,8.090127
1980,1,10,-57.15743,-137.5,8.090248
1980,1,11,-57.15743,-136.5,8.0903425
1980,1,12,-57.15743,-135.5,8.090127
1980,1,13,-57.15743,-134.5,8.090078
1980,1,14,-57.15743,-133.5,8.090185
1980,1,15,-57.15743,-132.5,8.090121
1980,1,16,-57.15743,-131.5,8.089977
1980,1,17,-57.15743,-130.5,8.090027
1980,1,18,-57.15743,-129.5,8.089965
1980,1,19,-57.15743,-128.5,8.089875
1980,2,0,-56.61111,-147.5,8.078594
1980,2,1,-56.61111,-146.5,8.079265
1980,2,2,-56.61111,-145.5,8.081
1980,2,3,-56.61111,-144.5,8.083096
1980,2,4,-56.61111,-143.5,8.085899
1980,2,5,-56.61111,-142.5,8.088119
1980,2,6,-56.61111,-141.5,8.089345
1980,2,7,-56.61111,-140.5,8.090452
1980,2,8,-56.61111,-139.5,8.091054
1980,2,9,-56.61111,-138.5,8.091212
1980,2,10,-56.61111,-137.5,8.091209
1980,2,11,-56.61111,-136.5,8.09131
1980,2,12,-56.61111,-135.5,8.091121
1980,2,13,-56.61111,-134.5,8.091031
1980,2,14,-56.61111,-133.5,8.091026
1980,2,15,-56.61111,-132.5,8.091012
1980,2,16,-56.61111,-131.5,8.090843
1980,2,17,-56.61111,-130.5,8.090895
1980,2,18,-56.61111,-129.5,8.090806
1980,2,19,-56.61111,-128.5,8.090687
1980,3,0,-56.05677,-147.5,8.083804
1980,3,1,-56.05677,-146.5,8.084284
1980,3,2,-56.05677,-145.5,8.085667
1980,3,3,-56.05677,-144.5,8.087069
1980,3,4,-56.05677,-143.5,8.089002
1980,3,5,-56.05677,-142.5,8.090396
1980,3,6,-56.05677,-141.5,8.091204
1980,3,7,-56.05677,-140.5,8.091869
1980,3,8,-56.05677,-139.5,8.092145
1980,3,9,-56.05677,-138.5,8.092221
1980,3,10,-56.05677,-137.5,8.092133
1980,3,11,-56.05677,-136.5,8.092103
1980,3,12,-56.05677,-135.5,8.092021
1980,3,13,-56.05677,-134.5,8.091907
1980,3,14,-56.05677,-133.5,8.091823
1980,3,15,-56.05677,-132.5,8.0918455
1980,3,16,-56.05677,-131.5,8.091763
1980,3,17,-56.05677,-130.5,8.091767
1980,3,18,-56.05677,-129.5,8.09165
1980,3,19,-56.05677,-128.5,8.091445
1980,4,0,-55.494347,-147.5,8.087836
1980,4,1,-55.494347,-146.5,8.087981
1980,4,2,-55.494347,-145.5,8.089122
1980,4,3,-55.494347,-144.5,8.089915
1980,4,4,-55.494347,-143.5,8.091231
1980,4,5,-55.494347,-142.5,8.092191
1980,4,6,-55.494347,-141.5,8.092843
1980,4,7,-55.494347,-140.5,8.093022
1980,4,8,-55.494347,-139.5,8.093213
1980,4,9,-55.494347,-138.5,8.093167
1980,4,10,-55.494347,-137.5,8.09299
1980,4,11,-55.494347,-136.5,8.092921
1980,4,12,-55.494347,-135.5,8.0928545
1980,4,13,-55.494347,-134.5,8.0926485
1980,4,14,-55.494347,-133.5,8.092608
1980,4,15,-55.494347,-132.5,8.09261
1980,4,16,-55.494347,-131.5,8.092517
1980,4,17,-55.494347,-130.5,8.092535
1980,4,18,-55.494347,-129.5,8.0923815
1980,4,19,-55.494347,-128.5,8.092055
1980,5,0,-54.923775,-147.5,8.091679
1980,5,1,-54.923775,-146.5,8.091825
1980,5,2,-54.923775,-145.5,8.092724
1980,5,3,-54.923775,-144.5,8.093238
1980,5,4,-54.923775,-143.5,8.094067
1980,5,5,-54.923775,-142.5,8.094497
1980,5,6,-54.923775,-141.5,8.095059
1980,5,7,-54.923775,-140.5,8.094716
1980,5,8,-54.923775,-139.5,8.09464
1980,5,9,-54.923775,-138.5,8.094274
1980,5,10,-54.923775,-137.5,8.09402
1980,5,11,-54.923775,-136.5,8.093829
1980,5,12,-54.923775,-135.5,8.093791
1980,5,13,-54.923775,-134.5,8.093479
1980,5,14,-54.923775,-133.5,8.093543
1980,5,15,-54.923775,-132.5,8.093577
1980,5,16,-54.923775,-131.5,8.093503
1980,5,17,-54.923775,-130.5,8.093382
1980,5,18,-54.923775,-129.5,8.093183
1980,5,19,-54.923775,-128.5,8.092636
1980,6,0,-54.344994,-147.5,8.093829
1980,6,1,-54.344994,-146.5,8.094026
1980,6,2,-54.344994,-145.5,8.094775
1980,6,3,-54.344994,-144.5,8.094989
1980,6,4,-54.344994,-143.5,8.09554
1980,6,5,-54.344994,-142.5,8.095875
1980,6,6,-54.344994,-141.5,8.096131
1980,6,7,-54.344994,-140.5,8.09588
1980,6,8,-54.344994,-139.5,8.095789
1980,6,9,-54.344994,-138.5,8.095417
1980,6,10,-54.344994,-137.5,8.095049
1980,6,11,-54.344994,-136.5,8.094832
1980,6,12,-54.344994,-135.5,8.094645
1980,6,13,-54.344994,-134.5,8.094373
1980,6,14,-54.344994,-133.5,8.094444
1980,6,15,-54.344994,-132.5,8.094434
1980,6,16,-54.344994,-131.5,8.094298
1980,6,17,-54.344994,-130.5,8.094087
1980,6,18,-54.344994,-129.5,8.093841
1980,6,19,-54.344994,-128.5,8.093368
1980,7,0,-53.75795,-147.5,8.096097
1980,7,1,-53.75795,-146.5,8.096359
1980,7,2,-53.75795,-145.5,8.0969095
1980,7,3,-53.75795,-144.5,8.097018
1980,7,4,-53.75795,-143.5,8.097351
1980,7,5,-53.75795,-142.5,8.097567
1980,7,6,-53.75795,-141.5,8.097607
1980,7,7,-53.75795,-140.5,8.097164
1980,7,8,-53.75795,-139.5,8.096953
1980,7,9,-53.75795,-138.5,8.096588
1980,7,10,-53.75795,-137.5,8.0961485
1980,7,11,-53.75795,-136.5,8.09583
1980,7,12,-53.75795,-135.5,8.095433
1980,7,13,-53.75795,-134.5,8.095297
1980,7,14,-53.75795,-133.5,8.095129
1980,7,15,-53.75795,-132.5,8.094897
1980,7,16,-53.75795,-131.5,8.094647
1980,7,17,-53.75795,-130.5,8.09434
1980,7,18,-53.75795,-129.5,8.094182
1980,7,19,-53.75795,-128.5,8.09372
1980,8,0,-53.162582,-147.5,8.097931
1980,8,1,-53.162582,-146.5,8.098079
1980,8,2,-53.162582,-145.5,8.098531
1980,8,3,-53.162582,-144.5,8.098566
1980,8,4,-53.162582,-143.5,8.098758
1980,8,5,-53.162582,-142.5,8.098859
1980,8,6,-53.162582,-141.5,8.098792
1980,8,7,-53.162582,-140.5,8.098319
1980,8,8,-53.162582,-139.5,8.09797
1980,8,9,-53.162582,-138.5,8.097569
1980,8,10,-53.162582,-137.5,8.097056
1980,8,11,-53.162582,-136.5,8.096608
1980,8,12,-53.162582,-135.5,8.096125
1980,8,13,-53.162582,-134.5,8.095824
1980,8,14,-53.162582,-133.5,8.095593
1980,8,15,-53.162582,-132.5,8.095283
1980,8,16,-53.162582,-131.5,8.0949745
1980,8,17,-53.162582,-130.5,8.09463
1980,8,18,-53.162582,-129.5,8.094571
1980,8,19,-53.162582,-128.5,8.094076
1980,9,0,-52.558838,-147.5,8.09958
1980,9,1,-52.558838,-146.5,8.099703
1980,9,2,-52.558838,-145.5,8.099868
1980,9,3,-52.558838,-144.5,8.099878
1980,9,4,-52.558838,-143.5,8.099946
1980,9,5,-52.558838,-142.5,8.09987
1980,9,6,-52.558838,-141.5,8.099704
1980,9,7,-52.558838,-140.5,8.09928
1980,9,8,-52.558838,-139.5,8.09885
1980,9,9,-52.558838,-138.5,8.098235
1980,9,10,-52.558838,-137.5,8.097657
1980,9,11,-52.558838,-136.5,8.097192
1980,9,12,-52.558838,-135.5,8.096737
1980,9,13,-52.558838,-134.5,8.096302
1980,9,14,-52.558838,-133.5,8.095944
1980,9,15,-52.558838,-132.5,8.095583
1980,9,16,-52.558838,-131.5,8.095271
1980,9,17,-52.558838,-130.5,8.09493
1980,9,18,-52.558838,-129.5,8.094865
1980,9,19,-52.558838,-128.5,8.094341
1980,10,0,-51.946674,-147.5,8.100789
1980,10,1,-51.946674,-146.5,8.100907
1980,10,2,-51.946674,-145.5,8.100897
1980,10,3,-51.946674,-144.5,8.10089
1980,10,4,-51.946674,-143.5,8.10085
1980,10,5,-51.946674,-142.5,8.100737
1980,10,6,-51.946674,-141.5,8.100556
1980,10,7,-51.946674,-140.5,8.099971
1980,10,8,-51.946674,-139.5,8.099466
1980,10,9,-51.946674,-138.5,8.0987425
1980,10,10,-51.946674,-137.5,8.098071
1980,10,11,-51.946674,-136.5,8.0976305
1980,10,12,-51.946674,-135.5,8.097177
1980,10,13,-51.946674,-134.5,8.096659
1980,10,14,-51.946674,-133.5,8.096305
1980,10,15,-51.946674,-132.5,8.095874
1980,10,16,-51.946674,-131.5,8.095584
1980,10,17,-51.946674,-130.5,8.095118
1980,10,18,-51.946674,-129.5,8.094985
1980,10,19,-51.946674,-128.5,8.094432
1980,11,0,-51.326035,-147.5,8.102078
1980,11,1,-51.326035,-146.5,8.102191
1980,11,2,-51.326035,-145.5,8.102091
1980,11,3,-51.326035,-144.5,8.102025
1980,11,4,-51.326035,-143.5,8.101882
1980,11,5,-51.326035,-142.5,8.101594
1980,11,6,-51.326035,-141.5,8.101349
1980,11,7,-51.326035,-140.5,8.100794
1980,11,8,-51.326035,-139.5,8.100255
1980,11,9,-51.326035,-138.5,8.099443
1980,11,10,-51.326035,-137.5,8.098636
1980,11,11,-51.326035,-136.5,8.098079
1980,11,12,-51.326035,-135.5,8.097634
1980,11,13,-51.326035,-134.5,8.097151
1980,11,14,-51.326035,-133.5,8.0967
1980,11,15,-51.326035,-132.5,8.096312
1980,11,16,-51.326035,-131.5,8.096022
1980,11,17,-51.326035,-130.5,8.095501
1980,11,18,-51.326035,-129.5,8.095201
1980,11,19,-51.326035,-128.5,8.094593
1980,12,0,-50.696884,-147.5,8.103616
1980,12,1,-50.696884,-146.5,8.103715
1980,12,2,-50.696884,-145.5,8.103412
1980,12,3,-50.696884,-144.5,8.103192
1980,12,4,-50.696884,-143.5,8.102857
1980,12,5,-50.696884,-142.5,8.102487
1980,12,6,-50.696884,-141.5,8.102135
1980,12,7,-50.696884,-140.5,8.101485
1980,12,8,-50.696884,-139.5,8.100892
1980,12,9,-50.696884,-138.5,8.100135
1980,12,10,-50.696884,-137.5,8.099293
1980,12,11,-50.696884,-136.5,8.098673
1980,12,12,-50.696884,-135.5,8.098184
1980,12,13,-50.696884,-134.5,8.097696
1980,12,14,-50.696884,-133.5,8.097145
1980,12,15,-50.696884,-132.5,8.096765
1980,12,16,-50.696884,-131.5,8.096423
1980,12,17,-50.696884,-130.5,8.095866
1980,12,18,-50.696884,-129.5,8.095486
1980,12,19,-50.696884,-128.5,8.094802
1980,13,0,-50.059177,-147.5,8.105264
1980,13,1,-50.059177,-146.5,8.105189
1980,13,2,-50.059177,-145.5,8.10464
1980,13,3,-50.059177,-144.5,8.104299
1980,13,4,-50.059177,-143.5,8.103751
1980,13,5,-50.059177,-142.5,8.1032095
1980,13,6,-50.059177,-141.5,8.102752
1980,13,7,-50.059177,-140.5,8.101976
1980,13,8,-50.059177,-139.5,8.101304
1980,13,9,-50.059177,-138.5,8.10053
1980,13,10,-50.059177,-137.5,8.099711
1980,13,11,-50.059177,-136.5,8.099128
1980,13,12,-50.059177,-135.5,8.098812
1980,13,13,-50.059177,-134.5,8.098423
1980,13,14,-50.059177,-133.5,8.09787
1980,13,15,-50.059177,-132.5,8.0974245
1980,13,16,-50.059177,-131.5,8.097057
1980,13,17,-50.059177,-130.5,8.096504
1980,13,18,-50.059177,-129.5,8.096162
1980,13,19,-50.059177,-128.5,8.095395
1980,14,0,-49.41288,-147.5,8.106863
1980,14,1,-49.41288,-146.5,8.106475
1980,14,2,-49.41288,-145.5,8.105668
1980,14,3,-49.41288,-144.5,8.105106
1980,14,4,-49.41288,-143.5,8.10435
1980,14,5,-49.41288,-142.5,8.103681
1980,14,6,-49.41288,-141.5,8.103095
1980,14,7,-49.41288,-140.5,8.102036
1980,14,8,-49.41288,-139.5,8.101199
1980,14,9,-49.41288,-138.5,8.100547
1980,14,10,-49.41288,-137.5,8.099808
1980,14,11,-49.41288,-136.5,8.099217
1980,14,12,-49.41288,-135.5,8.09905
1980,14,13,-49.41288,-134.5,8.098821
1980,14,14,-49.41288,-133.5,8.098303
1980,14,15,-49.41288,-132.5,8.09792
1980,14,16,-49.41288,-131.5,8.097605
1980,14,17,-49.41288,-130.5,8.097056
1980,14,18,-49.41288,-129.5,8.096786
1980,14,19,-49.41288,-128.5,8.096004
1980,15,0,-48.757957,-147.5,8.107633
1980,15,1,-48.757957,-146.5,8.10714
1980,15,2,-48.757957,-145.5,8.106421
1980,15,3,-48.757957,-144.5,8.105838
1980,15,4,-48.757957,-143.5,8.104958
1980,15,5,-48.757957,-142.5,8.104122
1980,15,6,-48.757957,-141.5,8.103478
1980,15,7,-48.757957,-140.5,8.102374
1980,15,8,-48.757957,-139.5,8.101499
1980,15,9,-48.757957,-138.5,8.100905
1980,15,10,-48.757957,-137.5,8.100103
1980,15,11,-48.757957,-136.5,8.099486
1980,15,12,-48.757957,-135.5,8.099474
1980,15,13,-48.757957,-134.5,8.099324
1980,15,14,-48.757957,-133.5,8.09893
1980,15,15,-48.757957,-132.5,8.098653
1980,15,16,-48.757957,-131.5,8.098412
1980,15,17,-48.757957,-130.5,8.097806
1980,15,18,-48.757957,-129.5,8.097501
1980,15,19,-48.757957,-128.5,8.0969515
1980,16,0,-48.094387,-147.5,8.108076
1980,16,1,-48.094387,-146.5,8.107419
1980,16,2,-48.094387,-145.5,8.106843
1980,16,3,-48.094387,-144.5,8.106359
1980,16,4,-48.094387,-143.5,8.105456
1980,16,5,-48.094387,-142.5,8.104671
1980,16,6,-48.094387,-141.5,8.103997
1980,16,7,-48.094387,-140.5,8.102818
1980,16,8,-48.094387,-139.5,8.101854
1980,16,9,-48.094387,-138.5,8.101338
1980,16,10,-48.094387,-137.5,8.100564
1980,16,11,-48.094387,-136.5,8.099934
1980,16,12,-48.094387,-135.5,8.099956
1980,16,13,-48.094387,-134.5,8.099875
1980,16,14,-48.094387,-133.5,8.099547
1980,16,15,-48.094387,-132.5,8.099236
1980,16,16,-48.094387,-131.5,8.098964
1980,16,17,-48.094387,-130.5,8.098328
1980,16,18,-48.094387,-129.5,8.097924
1980,16,19,-48.094387,-128.5,8.097569
1980,17,0,-47.422142,-147.5,8.108211
1980,17,1,-47.422142,-146.5,8.107658
1980,17,2,-47.422142,-145.5,8.107045
1980,17,3,-47.422142,-144.5,8.106666
1980,17,4,-47.422142,-143.5,8.105813
1980,17,5,-47.422142,-142.5,8.105142
1980,17,6,-47.422142,-141.5,8.104548
1980,17,7,-47.422142,-140.5,8.10334
1980,17,8,-47.422142,-139.5,8.102361
1980,17,9,-47.422142,-138.5,8.101796
1980,17,10,-47.422142,-137.5,8.101106
1980,17,11,-47.422142,-136.5,8.100533
1980,17,12,-47.422142,-135.5,8.100364
1980,17,13,-47.422142,-134.5,8.100297
1980,17,14,-47.422142,-133.5,8.100183
1980,17,15,-47.422142,-132.5,8.099931
1980,17,16,-47.422142,-131.5,8.099717
1980,17,17,-47.422142,-130.5,8.099278
1980,17,18,-47.422142,-129.5,8.098826
1980,17,19,-47.422142,-128.5,8.098522
1980,18,0,-46.7412,-147.5,8.107961
1980,18,1,-46.7412,-146.5,8.1074
1980,18,2,-46.7412,-145.5,8.106898
1980,18,3,-46.7412,-144.5,8.106682
1980,18,4,-46.7412,-143.5,8.105886
1980,18,5,-46.7412,-142.5,8.105323
1980,18,6,-46.7412,-141.5,8.104816
1980,18,7,-46.7412,-140.5,8.103633
1980,18,8,-46.7412,-139.5,8.102773
1980,18,9,-46.7412,-138.5,8.102341
1980,18,10,-46.7412,-137.5,8.101819
1980,18,11,-46.7412,-136.5,8.101405
1980,18,12,-46.7412,-135.5,8.10117
1980,18,13,-46.7412,-134.5,8.100971
1980,18,14,-46.7412,-133.5,8.10091
1980,18,15,-46.7412,-132.5,8.100732
1980,18,16,-46.7412,-131.5,8.100543
1980,18,17,-46.7412,-130.5,8.1001425
1980,18,18,-46.7412,-129.5,8.099769
1980,18,19,-46.7412,-128.5,8.099542
1980,19,0,-46.051548,-147.5,8.107556
1980,19,1,-46.051548,-146.5,8.107121
1980,19,2,-46.051548,-145.5,8.106522
1980,19,3,-46.051548,-144.5,8.106353
1980,19,4,-46.051548,-143.5,8.105381
1980,19,5,-46.051548,-142.5,8.104868
1980,19,6,-46.051548,-141.5,8.104586
1980,19,7,-46.051548,-140.5,8.103755
1980,19,8,-46.051548,-139.5,8.103122
1980,19,9,-46.051548,-138.5,8.102938
1980,19,10,-46.051548,-137.5,8.102554
1980,19,11,-46.051548,-136.5,8.102172
1980,19,12,-46.051548,-135.5,8.101981
1980,19,13,-46.051548,-134.5,8.101676
1980,19,14,-46.051548,-133.5,8.1017275
1980,19,15,-46.051548,-132.5,8.101686
1980,19,16,-46.051548,-131.5,8.101547
1980,19,17,-46.051548,-130.5,8.101435
1980,19,18,-46.051548,-129.5,8.101193
1980,19,19,-46.051548,-128.5,8.101039
1981,0,0,-57.695797,-147.5,8.075059
1981,0,1,-57.695797,-146.5,8.075414
1981,0,2,-57.695797,-145.5,8.076349
1981,0,3,-57.695797,-144.5,8.076049
1981,0,4,-57.695797,-143.5,8.077037
1981,0,5,-57.695797,-142.5,8.078441
1981,0,6,-57.695797,-141.5,8.079746
1981,0,7,-57.695797,-140.5,8.081295
1981,0,8,-57.695797,-139.5,8.082503
1981,0,9,-57.695797,-138.5,8.083229
1981,0,10,-57.695797,-137.5,8.083873
1981,0,11,-57.695797,-136.5,8.084794
1981,0,12,-57.695797,-135.5,8.0855665
1981,0,13,-57.695797,-134.5,8.086477
1981,0,14,-57.695797,-133.5,8.087285
1981,0,15,-57.695797,-132.5,8.087966
1981,0,16,-57.695797,-131.5,8.088473
1981,0,17,-57.695797,-130.5,8.089109
1981,0,18,-57.695797,-129.5,8.089601
1981,0,19,-57.695797,-128.5,8.090039
1981,1,0,-57.15743,-147.5,8.074738
1981,1,1,-57.15743,-146.5,8.075645
1981,1,2,-57.15743,-145.5,8.076301
1981,1,3,-57.15743,-144.5,8.076384
1981,1,4,-57.15743,-143.5,8.077717
1981,1,5,-57.15743,-142.5,8.079238
1981,1,6,-57.15743,-141.5,8.080678
1981,1,7,-57.15743,-140.5,8.082225
1981,1,8,-57.15743,-139.5,8.083208
1981,1,9,-57.15743,-138.5,8.0838785
1981,1,10,-57.15743,-137.5,8.084443
1981,1,11,-57.15743,-136.5,8.085352
1981,1,12,-57.15743,-135.5,8.086289
1981,1,13,-57.15743,-134.5,8.087248
1981,1,14,-57.15743,-133.5,8.088162
1981,1,15,-57.15743,-132.5,8.088908
1981,1,16,-57.15743,-131.5,8.089498
1981,1,17,-57.15743,-130.5,8.0903
1981,1,18,-57.15743,-129.5,8.090887
1981,1,19,-57.15743,-128.5,8.091315
1981,2,0,-56.61111,-147.5,8.074769
1981,2,1,-56.61111,-146.5,8.075802
1981,2,2,-56.61111,-145.5,8.076722
1981,2,3,-56.61111,-144.5,8.077466
1981,2,4,-56.61111,-143.5,8.079216
1981,2,5,-56.61111,-142.5,8.080893
1981,2,6,-56.61111,-141.5,8.08235
1981,2,7,-56.61111,-140.5,8.083812
1981,2,8,-56.61111,-139.5,8.084453
1981,2,9,-56.61111,-138.5,8.084929
1981,2,10,-56.61111,-137.5,8.085423
1981,2,11,-56.61111,-136.5,8.0862665
1981,2,12,-56.61111,-135.5,8.087199
1981,2,13,-56.61111,-134.5,8.088133
1981,2,14,-56.61111,-133.5,8.089055
1981,2,15,-56.61111,-132.5,8.089924
1981,2,16,-56.61111,-131.5,8.090671
1981,2,17,-56.61111,-130.5,8.091602
1981,2,18,-56.61111,-129.5,8.092292
1981,2,19,-56.61111,-128.5,8.092755
1981,3,0,-56.05677,-147.5,8.077096
1981,3,1,-56.05677,-146.5,8.07792
1981,3,2,-56.05677,-145.5,8.078923
1981,3,3,-56.05677,-144.5,8.079935
1981,3,4,-56.05677,-143.5,8.081601
1981,3,5,-56.05677,-142.5,8.083163
1981,3,6,-56.05677,-141.5,8.084596
1981,3,7,-56.05677,-140.5,8.085506
1981,3,8,-56.05677,-139.5,8.085986
1981,3,9,-56.05677,-138.5,8.086206
1981,3,10,-56.05677,-137.5,8.086456
1981,3,11,-56.05677,-136.5,8.087204
1981,3,12,-56.05677,-135.5,8.088062
1981,3,13,-56.05677,-134.5,8.088883
1981,3,14,-56.05677,-133.5,8.089969
1981,3,15,-56.05677,-132.5,8.09105
1981,3,16,-56.05677,-131.5,8.0920105
1981,3,17,-56.05677,-130.5,8.092967
1981,3,18,-56.05677,-129.5,8.093731
1981,3,19,-56.05677,-128.5,8.094109
1981,4,0,-55.494347,-147.5,8.079881
1981,4,1,-55.494347,-146.5,8.080309
1981,4,2,-55.494347,-145.5,8.081447
1981,4,3,-55.494347,-144.5,8.082375
1981,4,4,-55.494347,-143.5,8.083976
1981,4,5,-55.494347,-142.5,8.08553
1981,4,6,-55.494347,-141.5,8.086925
1981,4,7,-55.494347,-140.5,8.087525
1981,4,8,-55.494347,-139.5,8.087855
1981,4,9,-55.494347,-138.5,8.087881
1981,4,10,-55.494347,-137.5,8.087878
1981,4,11,-55.494347,-136.5,8.088449
1981,4,12,-55.494347,-135.5,8.0892725
1981,4,13,-55.494347,-134.5,8.090039
1981,4,14,-55.494347,-133.5,8.09123
1981,4,15,-55.494347,-132.5,8.092413
1981,4,16,-55.494347,-131.5,8.093407
1981,4,17,-55.494347,-130.5,8.094398
1981,4,18,-55.494347,-129.5,8.095047
1981,4,19,-55.494347,-128.5,8.095344
1981,5,0,-54.923775,-147.5,8.08359
1981,5,1,-54.923775,-146.5,8.084117
1981,5,2,-54.923775,-145.5,8.08517
1981,5,3,-54.923775,-144.5,8.086062
1981,5,4,-54.923775,-143.5,8.087613
1981,5,5,-54.923775,-142.5,8.088939
1981,5,6,-54.923775,-141.5,8.090106
1981,5,7,-54.923775,-140.5,8.090348
1981,5,8,-54.923775,-139.5,8.09061
1981,5,9,-54.923775,-138.5,8.090331
1981,5,10,-54.923775,-137.5,8.0900345
1981,5,11,-54.923775,-136.5,8.09041
1981,5,12,-54.923775,-135.5,8.09102
1981,5,13,-54.923775,-134.5,8.0916395
1981,5,14,-54.923775,-133.5,8.092748
1981,5,15,-54.923775,-132.5,8.093922
1981,5,16,-54.923775,-131.5,8.094846
1981,5,17,-54.923775,-130.5,8.09569
1981,5,18,-54.923775,-129.5,8.096131
1981,5,19,-54.923775,-128.5,8.096086
1981,6,0,-54.344994,-147.5,8.086867
1981,6,1,-54.344994,-146.5,8.087414
1981,6,2,-54.344994,-145.5,8.088367
1981,6,3,-54.344994,-144.5,8.0891485
1981,6,4,-54.344994,-143.5,8.090464
1981,6,5,-54.344994,-142.5,8.09158
1981,6,6,-54.344994,-141.5,8.092515
1981,6,7,-54.344994,-140.5,8.092593
1981,6,8,-54.344994,-139.5,8.092903
1981,6,9,-54.344994,-138.5,8.092693
1981,6,10,-54.344994,-137.5,8.092402
1981,6,11,-54.344994,-136.5,8.092546
1981,6,12,-54.344994,-135.5,8.093042
1981,6,13,-54.344994,-134.5,8.093561
1981,6,14,-54.344994,-133.5,8.09456
1981,6,15,-54.344994,-132.5,8.095551
1981,6,16,-54.344994,-131.5,8.096275
1981,6,17,-54.344994,-130.5,8.096877
1981,6,18,-54.344994,-129.5,8.097068
1981,6,19,-54.344994,-128.5,8.096925
1981,7,0,-53.75795,-147.5,8.090316
1981,7,1,-53.75795,-146.5,8.090951
1981,7,2,-53.75795,-145.5,8.091762
1981,7,3,-53.75795,-144.5,8.092484
1981,7,4,-53.75795,-143.5,8.093476
1981,7,5,-53.75795,-142.5,8.094309
1981,7,6,-53.75795,-141.5,8.094963
1981,7,7,-53.75795,-140.5,8.095069
1981,7,8,-53.75795,-139.5,8.095313
1981,7,9,-53.75795,-138.5,8.095194
1981,7,10,-53.75795,-137.5,8.094929
1981,7,11,-53.75795,-136.5,8.094908
1981,7,12,-53.75795,-135.5,8.095344
1981,7,13,-53.75795,-134.5,8.095767
1981,7,14,-53.75795,-133.5,8.096433
1981,7,15,-53.75795,-132.5,8.096992
1981,7,16,-53.75795,-131.5,8.097453
1981,7,17,-53.75795,-130.5,8.097721
1981,7,18,-53.75795,-129.5,8.097783
1981,7,19,-53.75795,-128.5,8.097512
1981,8,0,-53.162582,-147.5,8.093286
1981,8,1,-53.162582,-146.5,8.093899
1981,8,2,-53.162582,-145.5,8.094684
1981,8,3,-53.162582,-144.5,8.095319
1981,8,4,-53.162582,-143.5,8.096112
1981,8,5,-53.162582,-142.5,8.096703
1981,8,6,-53.162582,-141.5,8.0972185
1981,8,7,-53.162582,-140.5,8.097295
1981,8,8,-53.162582,-139.5,8.097523
1981,8,9,-53.162582,-138.5,8.097468
1981,8,10,-53.162582,-137.5,8.097244
1981,8,11,-53.162582,-136.5,8.0972185
1981,8,12,-53.162582,-135.5,8.097428
1981,8,13,-53.162582,-134.5,8.097648
1981,8,14,-53.162582,-133.5,8.098086
1981,8,15,-53.162582,-132.5,8.098329
1981,8,16,-53.162582,-131.5,8.0984955
1981,8,17,-53.162582,-130.5,8.098534
1981,8,18,-53.162582,-129.5,8.098474
1981,8,19,-53.162582,-128.5,8.098108
1981,9,0,-52.558838,-147.5,8.096017
1981,9,1,-52.558838,-146.5,8.096561
1981,9,2,-52.558838,-145.5,8.097369
1981,9,3,-52.558838,-144.5,8.097938
1981,9,4,-52.558838,-143.5,8.098489
1981,9,5,-52.558838,-142.5,8.098935
1981,9,6,-52.558838,-141.5,8.099338
1981,9,7,-52.558838,-140.5,8.099302
1981,9,8,-52.558838,-139.5,8.099418
1981,9,9,-52.558838,-138.5,8.099326
1981,9,10,-52.558838,-137.5,8.099151
1981,9,11,-52.558838,-136.5,8.0992
1981,9,12,-52.558838,-135.5,8.09917
1981,9,13,-52.558838,-134.5,8.099206
1981,9,14,-52.558838,-133.5,8.099437
1981,9,15,-52.558838,-132.5,8.099466
1981,9,16,-52.558838,-131.5,8.099408
1981,9,17,-52.558838,-130.5,8.099191
1981,9,18,-52.558838,-129.5,8.099032
1981,9,19,-52.558838,-128.5,8.098628
1981,10,0,-51.946674,-147.5,8.0984335
1981,10,1,-51.946674,-146.5,8.098876
1981,10,2,-51.946674,-145.5,8.099605
1981,10,3,-51.946674,-144.5,8.100085
1981,10,4,-51.946674,-143.5,8.100547
1981,10,5,-51.946674,-142.5,8.10093
1981,10,6,-51.946674,-141.5,8.101224
1981,10,7,-51.946674,-140.5,8.100966
1981,10,8,-51.946674,-139.5,8.100979
1981,10,9,-51.946674,-138.5,8.100877
1981,10,10,-51.946674,-137.5,8.100673
1981,10,11,-51.946674,-136.5,8.100627
1981,10,12,-51.946674,-135.5,8.100493
1981,10,13,-51.946674,-134.5,8.100408
1981,10,14,-51.946674,-133.5,8.100512
1981,10,15,-51.946674,-132.5,8.100357
1981,10,16,-51.946674,-131.5,8.100208
1981,10,17,-51.946674,-130.5,8.099744
1981,10,18,-51.946674,-129.5,8.099522
1981,10,19,-51.946674,-128.5,8.098992
1981,11,0,-51.326035,-147.5,8.100704
1981,11,1,-51.326035,-146.5,8.101073
1981,11,2,-51.326035,-145.5,8.101552
1981,11,3,-51.326035,-144.5,8.101936
1981,11,4,-51.326035,-143.5,8.102203
1981,11,5,-51.326035,-142.5,8.102408
1981,11,6,-51.326035,-141.5,8.102519
1981,11,7,-51.326035,-140.5,8.10227
1981,11,8,-51.326035,-139.5,8.10216
1981,11,9,-51.326035,-138.5,8.1019945
1981,11,10,-51.326035,-137.5,8.101763
1981,11,11,-51.326035,-136.5,8.101706
1981,11,12,-51.326035,-135.5,8.101468
1981,11,13,-51.326035,-134.5,8.101289
1981,11,14,-51.326035,-133.5,8.1013
1981,11,15,-51.326035,-132.5,8.101076
1981,11,16,-51.326035,-131.5,8.100879
1981,11,17,-51.326035,-130.5,8.10032
1981,11,18,-51.326035,-129.5,8.1001215
1981,11,19,-51.326035,-128.5,8.099505
1981,12,0,-50.696884,-147.5,8.10272
1981,12,1,-50.696884,-146.5,8.102943
1981,12,2,-50.696884,-145.5,8.103229
1981,12,3,-50.696884,-144.5,8.103494
1981,12,4,-50.696884,-143.5,8.1035595
1981,12,5,-50.696884,-142.5,8.103585
1981,12,6,-50.696884,-141.5,8.103499
1981,12,7,-50.696884,-140.5,8.103096
1981,12,8,-50.696884,-139.5,8.1029215
1981,12,9,-50.696884,-138.5,8.102726
1981,12,10,-50.696884,-137.5,8.102433
1981,12,11,-50.696884,-136.5,8.102303
1981,12,12,-50.696884,-135.5,8.101998
1981,12,13,-50.696884,-134.5,8.101839
1981,12,14,-50.696884,-133.5,8.101834
1981,12,15,-50.696884,-132.5,8.101663
1981,12,16,-50.696884,-131.5,8.101422
1981,12,17,-50.696884,-130.5,8.100927
1981,12,18,-50.696884,-129.5,8.100713
1981,12,19,-50.696884,-128.5,8.099967
1981,13,0,-50.059177,-147.5,8.104353
1981,13,1,-50.059177,-146.5,8.104473
1981,13,2,-50.059177,-145.5,8.104623
1981,13,3,-50.059177,-144.5,8.104784
1981,13,4,-50.059177,-143.5,8.104745
1981,13,5,-50.059177,-142.5,8.104616
1981,13,6,-50.059177,-141.5,8.104386
1981,13,7,-50.059177,-140.5,8.103737
1981,13,8,-50.059177,-139.5,8.103379
1981,13,9,-50.059177,-138.5,8.103027
1981,13,10,-50.059177,-137.5,8.102577
1981,13,11,-50.059177,-136.5,8.102389
1981,13,12,-50.059177,-135.5,8.102124
1981,13,13,-50.059177,-134.5,8.101985
1981,13,14,-50.059177,-133.5,8.102103
1981,13,15,-50.059177,-132.5,8.1021
1981,13,16,-50.059177,-131.5,8.101966
1981,13,17,-50.059177,-130.5,8.101399
1981,13,18,-50.059177,-129.5,8.10112
1981,13,19,-50.059177,-128.5,8.100471
1981,14,0,-49.41288,-147.5,8.105653
1981,14,1,-49.41288,-146.5,8.105649
1981,14,2,-49.41288,-145.5,8.105503
1981,14,3,-49.41288,-144.5,8.10553
1981,14,4,-49.41288,-143.5,8.105269
1981,14,5,-49.41288,-142.5,8.104934
1981,14,6,-49.41288,-141.5,8.104544
1981,14,7,-49.41288,-140.5,8.103736
1981,14,8,-49.41288,-139.5,8.103252
1981,14,9,-49.41288,-138.5,8.102735
1981,14,10,-49.41288,-137.5,8.102111
1981,14,11,-49.41288,-136.5,8.101916
1981,14,12,-49.41288,-135.5,8.101812
1981,14,13,-49.41288,-134.5,8.101705
1981,14,14,-49.41288,-133.5,8.101867
1981,14,15,-49.41288,-132.5,8.102012
1981,14,16,-49.41288,-131.5,8.102095
1981,14,17,-49.41288,-130.5,8.101665
1981,14,18,-49.41288,-129.5,8.101382
1981,14,19,-49.41288,-128.5,8.100842
1981,15,0,-48.757957,-147.5,8.106865
1981,15,1,-48.757957,-146.5,8.106702
1981,15,2,-48.757957,-145.5,8.106215
1981,15,3,-48.757957,-144.5,8.105931
1981,15,4,-48.757957,-143.5,8.105395
1981,15,5,-48.757957,-142.5,8.104876
1981,15,6,-48.757957,-141.5,8.104362
1981,15,7,-48.757957,-140.5,8.103447
1981,15,8,-48.757957,-139.5,8.1028385
1981,15,9,-48.757957,-138.5,8.10225
1981,15,10,-48.757957,-137.5,8.101653
1981,15,11,-48.757957,-136.5,8.101373
1981,15,12,-48.757957,-135.5,8.101361
1981,15,13,-48.757957,-134.5,8.101247
1981,15,14,-48.757957,-133.5,8.101474
1981,15,15,-48.757957,-132.5,8.101708
1981,15,16,-48.757957,-131.5,8.101922
1981,15,17,-48.757957,-130.5,8.101669
1981,15,18,-48.757957,-129.5,8.1015215
1981,15,19,-48.757957,-128.5,8.10118
1981,16,0,-48.094387,-147.5,8.107379
1981,16,1,-48.094387,-146.5,8.107038
1981,16,2,-48.094387,-145.5,8.106163
1981,16,3,-48.094387,-144.5,8.105677
1981,16,4,-48.094387,-143.5,8.104831
1981,16,5,-48.094387,-142.5,8.104092
1981,16,6,-48.094387,-141.5,8.103513
1981,16,7,-48.094387,-140.5,8.102723
1981,16,8,-48.094387,-139.5,8.102087
1981,16,9,-48.094387,-138.5,8.101468
1981,16,10,-48.094387,-137.5,8.10081
1981,16,11,-48.094387,-136.5,8.100432
1981,16,12,-48.094387,-135.5,8.100379
1981,16,13,-48.094387,-134.5,8.100299
1981,16,14,-48.094387,-133.5,8.1005945
1981,16,15,-48.094387,-132.5,8.100965
1981,16,16,-48.094387,-131.5,8.101412
1981,16,17,-48.094387,-130.5,8.101429
1981,16,18,-48.094387,-129.5,8.101377
1981,16,19,-48.094387,-128.5,8.101176
1981,17,0,-47.422142,-147.5,8.107293
1981,17,1,-47.422142,-146.5,8.106872
1981,17,2,-47.422142,-145.5,8.105741
1981,17,3,-47.422142,-144.5,8.105039
1981,17,4,-47.422142,-143.5,8.104057
1981,17,5,-47.422142,-142.5,8.103237
1981,17,6,-47.422142,-141.5,8.102735
1981,17,7,-47.422142,-140.5,8.101897
1981,17,8,-47.422142,-139.5,8.101279
1981,17,9,-47.422142,-138.5,8.100959
1981,17,10,-47.422142,-137.5,8.100465
1981,17,11,-47.422142,-136.5,8.100164
1981,17,12,-47.422142,-135.5,8.100094
1981,17,13,-47.422142,-134.5,8.099892
1981,17,14,-47.422142,-133.5,8.100216
1981,17,15,-47.422142,-132.5,8.100844
1981,17,16,-47.422142,-131.5,8.101254
1981,17,17,-47.422142,-130.5,8.101331
1981,17,18,-47.422142,-129.5,8.10126
1981,17,19,-47.422142,-128.5,8.101088
1981,18,0,-46.7412,-147.5,8.106505
1981,18,1,-46.7412,-146.5,8.106034
1981,18,2,-46.7412,-145.5,8.104714
1981,18,3,-46.7412,-144.5,8.103944
1981,18,4,-46.7412,-143.5,8.102969
1981,18,5,-46.7412,-142.5,8.102277
1981,18,6,-46.7412,-141.5,8.101886
1981,18,7,-46.7412,-140.5,8.1011505
1981,18,8,-46.7412,-139.5,8.100491
1981,18,9,-46.7412,-138.5,8.100373
1981,18,10,-46.7412,-137.5,8.1000185
1981,18,11,-46.7412,-136.5,8.099788
1981,18,12,-46.7412,-135.5,8.099826
1981,18,13,-46.7412,-134.5,8.099751
1981,18,14,-46.7412,-133.5,8.100039
1981,18,15,-46.7412,-132.5,8.100466
1981,18,16,-46.7412,-131.5,8.100823
1981,18,17,-46.7412,-130.5,8.100977
1981,18,18,-46.7412,-129.5,8.101111
1981,18,19,-46.7412,-128.5,8.100889
1981,19,0,-46.051548,-147.5,8.10506
1981,19,1,-46.051548,-146.5,8.1046
1981,19,2,-46.051548,-145.5,8.103628
1981,19,3,-46.051548,-144.5,8.103046
1981,19,4,-46.051548,-143.5,8.102405
1981,19,5,-46.051548,-142.5,8.101916
1981,19,6,-46.051548,-141.5,8.101676
1981,19,7,-46.051548,-140.5,8.101163
1981,19,8,-46.051548,-139.5,8.10068
1981,19,9,-46.051548,-138.5,8.100617
1981,19,10,-46.051548,-137.5,8.100568
1981,19,11,-46.051548,-136.5,8.100463
1981,19,12,-46.051548,-135.5,8.100449
1981,19,13,-46.051548,-134.5,8.100435
1981,19,14,-46.051548,-133.5,8.1005945
1981,19,15,-46.051548,-132.5,8.100726
1981,19,16,-46.051548,-131.5,8.100991
1981,19,17,-46.051548,-130.5,8.101021
1981,19,18,-46.051548,-129.5,8.101146
1981,19,19,-46.051548,-128.5,8.101193
1982,0,0,-57.695797,-147.5,8.073811
1982,0,1,-57.695797,-146.5,8.074218
1982,0,2,-57.695797,-145.5,8.076306
1982,0,3,-57.695797,-144.5,8.077777
1982,0,4,-57.695797,-143.5,8.0800295
1982,0,5,-57.695797,-142.5,8.081904
1982,0,6,-57.695797,-141.5,8.082953
1982,0,7,-57.695797,-140.5,8.084011
1982,0,8,-57.695797,-139.5,8.085025
1982,0,9,-57.695797,-138.5,8.086034
1982,0,10,-57.695797,-137.5,8.086807
1982,0,11,-57.695797,-136.5,8.08763
1982,0,12,-57.695797,-135.5,8.088141
1982,0,13,-57.695797,-134.5,8.08871
1982,0,14,-57.695797,-133.5,8.089003
1982,0,15,-57.695797,-132.5,8.089248
1982,0,16,-57.695797,-131.5,8.089107
1982,0,17,-57.695797,-130.5,8.089234
1982,0,18,-57.695797,-129.5,8.089038
1982,0,19,-57.695797,-128.5,8.088836
1982,1,0,-57.15743,-147.5,8.075802
1982,1,1,-57.15743,-146.5,8.075992
1982,1,2,-57.15743,-145.5,8.077581
1982,1,3,-57.15743,-144.5,8.078957
1982,1,4,-57.15743,-143.5,8.081067
1982,1,5,-57.15743,-142.5,8.082618
1982,1,6,-57.15743,-141.5,8.083447
1982,1,7,-57.15743,-140.5,8.084392
1982,1,8,-57.15743,-139.5,8.085048
1982,1,9,-57.15743,-138.5,8.0856695
1982,1,10,-57.15743,-137.5,8.086329
1982,1,11,-57.15743,-136.5,8.087144
1982,1,12,-57.15743,-135.5,8.08786
1982,1,13,-57.15743,-134.5,8.088576
1982,1,14,-57.15743,-133.5,8.089053
1982,1,15,-57.15743,-132.5,8.089435
1982,1,16,-57.15743,-131.5,8.089279
1982,1,17,-57.15743,-130.5,8.0895195
1982,1,18,-57.15743,-129.5,8.089262
1982,1,19,-57.15743,-128.5,8.089156
1982,2,0,-56.61111,-147.5,8.077923
1982,2,1,-56.61111,-146.5,8.078511
1982,2,2,-56.61111,-145.5,8.079755
1982,2,3,-56.61111,-144.5,8.080843
1982,2,4,-56.61111,-143.5,8.0825
1982,2,5,-56.61111,-142.5,8.083531
1982,2,6,-56.61111,-141.5,8.084037
1982,2,7,-56.61111,-140.5,8.084767
1982,2,8,-56.61111,-139.5,8.085269
1982,2,9,-56.61111,-138.5,8.085853
1982,2,10,-56.61111,-137.5,8.08648
1982,2,11,-56.61111,-136.5,8.087249
1982,2,12,-56.61111,-135.5,8.088092
1982,2,13,-56.61111,-134.5,8.088763
1982,2,14,-56.61111,-133.5,8.089256
1982,2,15,-56.61111,-132.5,8.089513
1982,2,16,-56.61111,-131.5,8.0891905
1982,2,17,-56.61111,-130.5,8.089334
1982,2,18,-56.61111,-129.5,8.089026
1982,2,19,-56.61111,-128.5,8.08912
1982,3,0,-56.05677,-147.5,8.080638
1982,3,1,-56.05677,-146.5,8.081474
1982,3,2,-56.05677,-145.5,8.082308
1982,3,3,-56.05677,-144.5,8.082921
1982,3,4,-56.05677,-143.5,8.083832
1982,3,5,-56.05677,-142.5,8.084276
1982,3,6,-56.05677,-141.5,8.084631
1982,3,7,-56.05677,-140.5,8.084979
1982,3,8,-56.05677,-139.5,8.08529
1982,3,9,-56.05677,-138.5,8.085739
1982,3,10,-56.05677,-137.5,8.086322
1982,3,11,-56.05677,-136.5,8.087188
1982,3,12,-56.05677,-135.5,8.088059
1982,3,13,-56.05677,-134.5,8.088555
1982,3,14,-56.05677,-133.5,8.089053
1982,3,15,-56.05677,-132.5,8.089077
1982,3,16,-56.05677,-131.5,8.088751
1982,3,17,-56.05677,-130.5,8.088843
1982,3,18,-56.05677,-129.5,8.088653
1982,3,19,-56.05677,-128.5,8.088879
1982,4,0,-55.494347,-147.5,8.082417
1982,4,1,-55.494347,-146.5,8.082948
1982,4,2,-55.494347,-145.5,8.083713
1982,4,3,-55.494347,-144.5,8.083974
1982,4,4,-55.494347,-143.5,8.084479
1982,4,5,-55.494347,-142.5,8.084826
1982,4,6,-55.494347,-141.5,8.085292
1982,4,7,-55.494347,-140.5,8.085216
1982,4,8,-55.494347,-139.5,8.085513
1982,4,9,-55.494347,-138.5,8.085862
1982,4,10,-55.494347,-137.5,8.086362
1982,4,11,-55.494347,-136.5,8.087188
1982,4,12,-55.494347,-135.5,8.088006
1982,4,13,-55.494347,-134.5,8.088398
1982,4,14,-55.494347,-133.5,8.088771
1982,4,15,-55.494347,-132.5,8.088815
1982,4,16,-55.494347,-131.5,8.088548
1982,4,17,-55.494347,-130.5,8.08869
1982,4,18,-55.494347,-129.5,8.088671
1982,4,19,-55.494347,-128.5,8.088957
1982,5,0,-54.923775,-147.5,8.084643
1982,5,1,-54.923775,-146.5,8.085046
1982,5,2,-54.923775,-145.5,8.085603
1982,5,3,-54.923775,-144.5,8.085777
1982,5,4,-54.923775,-143.5,8.086058
1982,5,5,-54.923775,-142.5,8.086218
1982,5,6,-54.923775,-141.5,8.086644
1982,5,7,-54.923775,-140.5,8.086227
1982,5,8,-54.923775,-139.5,8.086383
1982,5,9,-54.923775,-138.5,8.086559
1982,5,10,-54.923775,-137.5,8.086776
1982,5,11,-54.923775,-136.5,8.08738
1982,5,12,-54.923775,-135.5,8.088082
1982,5,13,-54.923775,-134.5,8.088374
1982,5,14,-54.923775,-133.5,8.088677
1982,5,15,-54.923775,-132.5,8.088886
1982,5,16,-54.923775,-131.5,8.08874
1982,5,17,-54.923775,-130.5,8.088883
1982,5,18,-54.923775,-129.5,8.089032
1982,5,19,-54.923775,-128.5,8.089043
1982,6,0,-54.344994,-147.5,8.085891
1982,6,1,-54.344994,-146.5,8.086087
1982,6,2,-54.344994,-145.5,8.086505
1982,6,3,-54.344994,-144.5,8.086545
1982,6,4,-54.344994,-143.5,8.0867405
1982,6,5,-54.344994,-142.5,8.086963
1982,6,6,-54.344994,-141.5,8.087266
1982,6,7,-54.344994,-140.5,8.08696
1982,6,8,-54.344994,-139.5,8.087117
1982,6,9,-54.344994,-138.5,8.08722
1982,6,10,-54.344994,-137.5,8.087296
1982,6,11,-54.344994,-136.5,8.08763
1982,6,12,-54.344994,-135.5,8.088107
1982,6,13,-54.344994,-134.5,8.088308
1982,6,14,-54.344994,-133.5,8.088777
1982,6,15,-54.344994,-132.5,8.089082
1982,6,16,-54.344994,-131.5,8.089211
1982,6,17,-54.344994,-130.5,8.089535
1982,6,18,-54.344994,-129.5,8.08978
1982,6,19,-54.344994,-128.5,8.089715
1982,7,0,-53.75795,-147.5,8.087541
1982,7,1,-53.75795,-146.5,8.087712
1982,7,2,-53.75795,-145.5,8.087949
1982,7,3,-53.75795,-144.5,8.087995
1982,7,4,-53.75795,-143.5,8.088185
1982,7,5,-53.75795,-142.5,8.088311
1982,7,6,-53.75795,-141.5,8.088481
1982,7,7,-53.75795,-140.5,8.088312
1982,7,8,-53.75795,-139.5,8.088349
1982,7,9,-53.75795,-138.5,8.088352
1982,7,10,-53.75795,-137.5,8.088272
1982,7,11,-53.75795,-136.5,8.08837
1982,7,12,-53.75795,-135.5,8.088834
1982,7,13,-53.75795,-134.5,8.089049
1982,7,14,-53.75795,-133.5,8.089462
1982,7,15,-53.75795,-132.5,8.089894
1982,7,16,-53.75795,-131.5,8.090188
1982,7,17,-53.75795,-130.5,8.090542
1982,7,18,-53.75795,-129.5,8.090741
1982,7,19,-53.75795,-128.5,8.090549
1982,8,0,-53.162582,-147.5,8.088886
1982,8,1,-53.162582,-146.5,8.089066
1982,8,2,-53.162582,-145.5,8.089246
1982,8,3,-53.162582,-144.5,8.089328
1982,8,4,-53.162582,-143.5,8.089489
1982,8,5,-53.162582,-142.5,8.089633
1982,8,6,-53.162582,-141.5,8.089798
1982,8,7,-53.162582,-140.5,8.089677
1982,8,8,-53.162582,-139.5,8.089673
1982,8,9,-53.162582,-138.5,8.089604
1982,8,10,-53.162582,-137.5,8.089435
1982,8,11,-53.162582,-136.5,8.089402
1982,8,12,-53.162582,-135.5,8.089789
1982,8,13,-53.162582,-134.5,8.089946
1982,8,14,-53.162582,-133.5,8.090455
1982,8,15,-53.162582,-132.5,8.090934
1982,8,16,-53.162582,-131.5,8.091325
1982,8,17,-53.162582,-130.5,8.09162
1982,8,18,-53.162582,-129.5,8.091748
1982,8,19,-53.162582,-128.5,8.091532
1982,9,0,-52.558838,-147.5,8.09058
1982,9,1,-52.558838,-146.5,8.0907755
1982,9,2,-52.558838,-145.5,8.090915
1982,9,3,-52.558838,-144.5,8.091044
1982,9,4,-52.558838,-143.5,8.091276
1982,9,5,-52.558838,-142.5,8.091344
1982,9,6,-52.558838,-141.5,8.091502
1982,9,7,-52.558838,-140.5,8.091385
1982,9,8,-52.558838,-139.5,8.091268
1982,9,9,-52.558838,-138.5,8.09115
1982,9,10,-52.558838,-137.5,8.091029
1982,9,11,-52.558838,-136.5,8.091036
1982,9,12,-52.558838,-135.5,8.091252
1982,9,13,-52.558838,-134.5,8.091426
1982,9,14,-52.558838,-133.5,8.091865
1982,9,15,-52.558838,-132.5,8.092341
1982,9,16,-52.558838,-131.5,8.092726
1982,9,17,-52.558838,-130.5,8.0928
1982,9,18,-52.558838,-129.5,8.092753
1982,9,19,-52.558838,-128.5,8.09239
1982,10,0,-51.946674,-147.5,8.0923605
1982,10,1,-51.946674,-146.5,8.092601
1982,10,2,-51.946674,-145.5,8.092702
1982,10,3,-51.946674,-144.5,8.092889
1982,10,4,-51.946674,-143.5,8.093105
1982,10,5,-51.946674,-142.5,8.093178
1982,10,6,-51.946674,-141.5,8.093255
1982,10,7,-51.946674,-140.5,8.093088
1982,10,8,-51.946674,-139.5,8.092959
1982,10,9,-51.946674,-138.5,8.092842
1982,10,10,-51.946674,-137.5,8.092728
1982,10,11,-51.946674,-136.5,8.092767
1982,10,12,-51.946674,-135.5,8.092888
1982,10,13,-51.946674,-134.5,8.093065
1982,10,14,-51.946674,-133.5,8.093421
1982,10,15,-51.946674,-132.5,8.093779
1982,10,16,-51.946674,-131.5,8.094088
1982,10,17,-51.946674,-130.5,8.094005
1982,10,18,-51.946674,-129.5,8.093924
1982,10,19,-51.946674,-128.5,8.093349
1982,11,0,-51.326035,-147.5,8.094218
1982,11,1,-51.326035,-146.5,8.094491
1982,11,2,-51.326035,-145.5,8.09464
1982,11,3,-51.326035,-144.5,8.094829
1982,11,4,-51.326035,-143.5,8.094928
1982,11,5,-51.326035,-142.5,8.094899
1982,11,6,-51.326035,-141.5,8.094941
1982,11,7,-51.326035,-140.5,8.094748
1982,11,8,-51.326035,-139.5,8.094561
1982,11,9,-51.326035,-138.5,8.094417
1982,11,10,-51.326035,-137.5,8.094334
1982,11,11,-51.326035,-136.5,8.094359
1982,11,12,-51.326035,-135.5,8.094464
1982,11,13,-51.326035,-134.5,8.094567
1982,11,14,-51.326035,-133.5,8.094825
1982,11,15,-51.326035,-132.5,8.095056
1982,11,16,-51.326035,-131.5,8.095246
1982,11,17,-51.326035,-130.5,8.095031
1982,11,18,-51.326035,-129.5,8.094914
1982,11,19,-51.326035,-128.5,8.094315
1982,12,0,-50.696884,-147.5,8.096269
1982,12,1,-50.696884,-146.5,8.096545
1982,12,2,-50.696884,-145.5,8.096646
1982,12,3,-50.696884,-144.5,8.096734
1982,12,4,-50.696884,-143.5,8.096667
1982,12,5,-50.696884,-142.5,8.096498
1982,12,6,-50.696884,-141.5,8.096398
1982,12,7,-50.696884,-140.5,8.0961895
1982,12,8,-50.696884,-139.5,8.095975
1982,12,9,-50.696884,-138.5,8.095798
1982,12,10,-50.696884,-137.5,8.095651
1982,12,11,-50.696884,-136.5,8.095744
1982,12,12,-50.696884,-135.5,8.095817
1982,12,13,-50.696884,-134.5,8.095955
1982,12,14,-50.696884,-133.5,8.096159
1982,12,15,-50.696884,-132.5,8.096248
1982,12,16,-50.696884,-131.5,8.096303
1982,12,17,-50.696884,-130.5,8.095996
1982,12,18,-50.696884,-129.5,8.095881
1982,12,19,-50.696884,-128.5,8.095299
1982,13,0,-50.059177,-147.5,8.098477
1982,13,1,-50.059177,-146.5,8.098598
1982,13,2,-50.059177,-145.5,8.098531
1982,13,3,-50.059177,-144.5,8.098486
1982,13,4,-50.059177,-143.5,8.098289
1982,13,5,-50.059177,-142.5,8.09803
1982,13,6,-50.059177,-141.5,8.097786
1982,13,7,-50.059177,-140.5,8.097508
1982,13,8,-50.059177,-139.5,8.097309
1982,13,9,-50.059177,-138.5,8.097146
1982,13,10,-50.059177,-137.5,8.097009
1982,13,11,-50.059177,-136.5,8.0970335
1982,13,12,-50.059177,-135.5,8.097048
1982,13,13,-50.059177,-134.5,8.097196
1982,13,14,-50.059177,-133.5,8.097329
1982,13,15,-50.059177,-132.5,8.097368
1982,13,16,-50.059177,-131.5,8.097331
1982,13,17,-50.059177,-130.5,8.097043
1982,13,18,-50.059177,-129.5,8.09696
1982,13,19,-50.059177,-128.5,8.0965605
1982,14,0,-49.41288,-147.5,8.10024
1982,14,1,-49.41288,-146.5,8.100263
1982,14,2,-49.41288,-145.5,8.100137
1982,14,3,-49.41288,-144.5,8.099987
1982,14,4,-49.41288,-143.5,8.099651
1982,14,5,-49.41288,-142.5,8.099266
1982,14,6,-49.41288,-141.5,8.0989275
1982,14,7,-49.41288,-140.5,8.098598
1982,14,8,-49.41288,-139.5,8.098386
1982,14,9,-49.41288,-138.5,8.098246
1982,14,10,-49.41288,-137.5,8.09808
1982,14,11,-49.41288,-136.5,8.098057
1982,14,12,-49.41288,-135.5,8.09802
1982,14,13,-49.41288,-134.5,8.09814
1982,14,14,-49.41288,-133.5,8.098237
1982,14,15,-49.41288,-132.5,8.098285
1982,14,16,-49.41288,-131.5,8.098217
1982,14,17,-49.41288,-130.5,8.097999
1982,14,18,-49.41288,-129.5,8.097827
1982,14,19,-49.41288,-128.5,8.097624
1982,15,0,-48.757957,-147.5,8.101794
1982,15,1,-48.757957,-146.5,8.101701
1982,15,2,-48.757957,-145.5,8.101409
1982,15,3,-48.757957,-144.5,8.101218
1982,15,4,-48.757957,-143.5,8.100793
1982,15,5,-48.757957,-142.5,8.10032
1982,15,6,-48.757957,-141.5,8.099963
1982,15,7,-48.757957,-140.5,8.099605
1982,15,8,-48.757957,-139.5,8.099429
1982,15,9,-48.757957,-138.5,8.099269
1982,15,10,-48.757957,-137.5,8.09911
1982,15,11,-48.757957,-136.5,8.099114
1982,15,12,-48.757957,-135.5,8.099107
1982,15,13,-48.757957,-134.5,8.099236
1982,15,14,-48.757957,-133.5,8.099336
1982,15,15,-48.757957,-132.5,8.099353
1982,15,16,-48.757957,-131.5,8.099263
1982,15,17,-48.757957,-130.5,8.099156
1982,15,18,-48.757957,-129.5,8.099008
1982,15,19,-48.757957,-128.5,8.098889
1982,16,0,-48.094387,-147.5,8.102964
1982,16,1,-48.094387,-146.5,8.102759
1982,16,2,-48.094387,-145.5,8.102306
1982,16,3,-48.094387,-144.5,8.101977
1982,16,4,-48.094387,-143.5,8.101592
1982,16,5,-48.094387,-142.5,8.101108
1982,16,6,-48.094387,-141.5,8.100732
1982,16,7,-48.094387,-140.5,8.100505
1982,16,8,-48.094387,-139.5,8.100352
1982,16,9,-48.094387,-138.5,8.100223
1982,16,10,-48.094387,-137.5,8.100033
1982,16,11,-48.094387,-136.5,8.100055
1982,16,12,-48.094387,-135.5,8.1001005
1982,16,13,-48.094387,-134.5,8.1002035
1982,16,14,-48.094387,-133.5,8.10032
1982,16,15,-48.094387,-132.5,8.100303
1982,16,16,-48.094387,-131.5,8.100158
1982,16,17,-48.094387,-130.5,8.100139
1982,16,18,-48.094387,-129.5,8.10012
1982,16,19,-48.094387,-128.5,8.100139
1982,17,0,-47.422142,-147.5,8.104085
1982,17,1,-47.422142,-146.5,8.103781
1982,17,2,-47.422142,-145.5,8.103085
1982,17,3,-47.422142,-144.5,8.10253
1982,17,4,-47.422142,-143.5,8.10226
1982,17,5,-47.422142,-142.5,8.101896
1982,17,6,-47.422142,-141.5,8.101659
1982,17,7,-47.422142,-140.5,8.101372
1982,17,8,-47.422142,-139.5,8.10119
1982,17,9,-47.422142,-138.5,8.101352
1982,17,10,-47.422142,-137.5,8.101289
1982,17,11,-47.422142,-136.5,8.101377
1982,17,12,-47.422142,-135.5,8.101386
1982,17,13,-47.422142,-134.5,8.101537
1982,17,14,-47.422142,-133.5,8.101655
1982,17,15,-47.422142,-132.5,8.101598
1982,17,16,-47.422142,-131.5,8.101486
1982,17,17,-47.422142,-130.5,8.101506
1982,17,18,-47.422142,-129.5,8.10157
1982,17,19,-47.422142,-128.5,8.101766
1982,18,0,-46.7412,-147.5,8.104749
1982,18,1,-46.7412,-146.5,8.104539
1982,18,2,-46.7412,-145.5,8.103735
1982,18,3,-46.7412,-144.5,8.103115
1982,18,4,-46.7412,-143.5,8.102894
1982,18,5,-46.7412,-142.5,8.102581
1982,18,6,-46.7412,-141.5,8.102344
1982,18,7,-46.7412,-140.5,8.102054
1982,18,8,-46.7412,-139.5,8.101864
1982,18,9,-46.7412,-138.5,8.102166
1982,18,10,-46.7412,-137.5,8.102239
1982,18,11,-46.7412,-136.5,8.102359
1982,18,12,-46.7412,-135.5,8.10251
1982,18,13,-46.7412,-134.5,8.102705
1982,18,14,-46.7412,-133.5,8.102824
1982,18,15,-46.7412,-132.5,8.102789
1982,18,16,-46.7412,-131.5,8.102731
1982,18,17,-46.7412,-130.5,8.102796
1982,18,18,-46.7412,-129.5,8.102899
1982,18,19,-46.7412,-128.5,8.103251
1982,19,0,-46.051548,-147.5,8.104693
1982,19,1,-46.051548,-146.5,8.10468
1982,19,2,-46.051548,-145.5,8.104224
1982,19,3,-46.051548,-144.5,8.103714
1982,19,4,-46.051548,-143.5,8.103517
1982,19,5,-46.051548,-142.5,8.103238
1982,19,6,-46.051548,-141.5,8.103077
1982,19,7,-46.051548,-140.5,8.103071
1982,19,8,-46.051548,-139.5,8.102969
1982,19,9,-46.051548,-138.5,8.103199
1982,19,10,-46.051548,-137.5,8.103274
1982,19,11,-46.051548,-136.5,8.103446
1982,19,12,-46.051548,-135.5,8.103725
1982,19,13,-46.051548,-134.5,8.103934
1982,19,14,-46.051548,-133.5,8.1041355
1982,19,15,-46.051548,-132.5,8.104157
1982,19,16,-46.051548,-131.5,8.104165
1982,19,17,-46.051548,-130.5,8.104364
1982,19,18,-46.051548,-129.5,8.104575
1982,19,19,-46.051548,-128.5,8.104998
1983,0,0,-57.695797,-147.5,8.075019
1983,0,1,-57.695797,-146.5,8.075694
1983,0,2,-57.695797,-145.5,8.07615
1983,0,3,-57.695797,-144.5,8.074956
1983,0,4,-57.695797,-143.5,8.074953
1983,0,5,-57.695797,-142.5,8.0757475
1983,0,6,-57.695797,-141.5,8.0767765
1983,0,7,-57.695797,-140.5,8.078073
1983,0,8,-57.695797,-139.5,8.079296
1983,0,9,-57.695797,-138.5,8.080028
1983,0,10,-57.695797,-137.5,8.080714
1983,0,11,-57.695797,-136.5,8.081542
1983,0,12,-57.695797,-135.5,8.081928
1983,0,13,-57.695797,-134.5,8.082318
1983,0,14,-57.695797,-133.5,8.082762
1983,0,15,-57.695797,-132.5,8.08314
1983,0,16,-57.695797,-131.5,8.083319
1983,0,17,-57.695797,-130.5,8.0836935
1983,0,18,-57.695797,-129.5,8.08402
1983,0,19,-57.695797,-128.5,8.084455
1983,1,0,-57.15743,-147.5,8.073579
1983,1,1,-57.15743,-146.5,8.074563
1983,1,2,-57.15743,-145.5,8.074966
1983,1,3,-57.15743,-144.5,8.074559
1983,1,4,-57.15743,-143.5,8.07537
1983,1,5,-57.15743,-142.5,8.076549
1983,1,6,-57.15743,-141.5,8.077751
1983,1,7,-57.15743,-140.5,8.079051
1983,1,8,-57.15743,-139.5,8.079907
1983,1,9,-57.15743,-138.5,8.080361
1983,1,10,-57.15743,-137.5,8.080906
1983,1,11,-57.15743,-136.5,8.08166
1983,1,12,-57.15743,-135.5,8.082185
1983,1,13,-57.15743,-134.5,8.082557
1983,1,14,-57.15743,-133.5,8.083106
1983,1,15,-57.15743,-132.5,8.083632
1983,1,16,-57.15743,-131.5,8.083911
1983,1,17,-57.15743,-130.5,8.084456
1983,1,18,-57.15743,-129.5,8.084918
1983,1,19,-57.15743,-128.5,8.08548
1983,2,0,-56.61111,-147.5,8.072671
1983,2,1,-56.61111,-146.5,8.073787
1983,2,2,-56.61111,-145.5,8.074653
1983,2,3,-56.61111,-144.5,8.075145
1983,2,4,-56.61111,-143.5,8.076554
1983,2,5,-56.61111,-142.5,8.077975
1983,2,6,-56.61111,-141.5,8.079194
1983,2,7,-56.61111,-140.5,8.080318
1983,2,8,-56.61111,-139.5,8.080745
1983,2,9,-56.61111,-138.5,8.081059
1983,2,10,-56.61111,-137.5,8.081388
1983,2,11,-56.61111,-136.5,8.082016
1983,2,12,-56.61111,-135.5,8.082502
1983,2,13,-56.61111,-134.5,8.082887
1983,2,14,-56.61111,-133.5,8.08344
1983,2,15,-56.61111,-132.5,8.084127
1983,2,16,-56.61111,-131.5,8.084575
1983,2,17,-56.61111,-130.5,8.085336
1983,2,18,-56.61111,-129.5,8.085928
1983,2,19,-56.61111,-128.5,8.086625
1983,3,0,-56.05677,-147.5,8.075024
1983,3,1,-56.05677,-146.5,8.075818
1983,3,2,-56.05677,-145.5,8.076805
1983,3,3,-56.05677,-144.5,8.07768
1983,3,4,-56.05677,-143.5,8.079051
1983,3,5,-56.05677,-142.5,8.080207
1983,3,6,-56.05677,-141.5,8.081364
1983,3,7,-56.05677,-140.5,8.081825
1983,3,8,-56.05677,-139.5,8.082107
1983,3,9,-56.05677,-138.5,8.082135
1983,3,10,-56.05677,-137.5,8.0822115
1983,3,11,-56.05677,-136.5,8.082721
1983,3,12,-56.05677,-135.5,8.083241
1983,3,13,-56.05677,-134.5,8.083623
1983,3,14,-56.05677,-133.5,8.084346
1983,3,15,-56.05677,-132.5,8.085205
1983,3,16,-56.05677,-131.5,8.085885
1983,3,17,-56.05677,-130.5,8.086831
1983,3,18,-56.05677,-129.5,8.087584
1983,3,19,-56.05677,-128.5,8.088344
1983,4,0,-55.494347,-147.5,8.078381
1983,4,1,-55.494347,-146.5,8.078676
1983,4,2,-55.494347,-145.5,8.079608
1983,4,3,-55.494347,-144.5,8.080253
1983,4,4,-55.494347,-143.5,8.081315
1983,4,5,-55.494347,-142.5,8.082162
1983,4,6,-55.494347,-141.5,8.083169
1983,4,7,-55.494347,-140.5,8.083213
1983,4,8,-55.494347,-139.5,8.083543
1983,4,9,-55.494347,-138.5,8.083526
1983,4,10,-55.494347,-137.5,8.083393
1983,4,11,-55.494347,-136.5,8.083716
1983,4,12,-55.494347,-135.5,8.084193
1983,4,13,-55.494347,-134.5,8.084543
1983,4,14,-55.494347,-133.5,8.085334
1983,4,15,-55.494347,-132.5,8.086268
1983,4,16,-55.494347,-131.5,8.087063
1983,4,17,-55.494347,-130.5,8.088142
1983,4,18,-55.494347,-129.5,8.088989
1983,4,19,-55.494347,-128.5,8.089825
1983,5,0,-54.923775,-147.5,8.082094
1983,5,1,-54.923775,-146.5,8.082351
1983,5,2,-54.923775,-145.5,8.083049
1983,5,3,-54.923775,-144.5,8.083488
1983,5,4,-54.923775,-143.5,8.084142
1983,5,5,-54.923775,-142.5,8.084698
1983,5,6,-54.923775,-141.5,8.085389
1983,5,7,-54.923775,-140.5,8.085069
1983,5,8,-54.923775,-139.5,8.085164
1983,5,9,-54.923775,-138.5,8.084965
1983,5,10,-54.923775,-137.5,8.084769
1983,5,11,-54.923775,-136.5,8.084996
1983,5,12,-54.923775,-135.5,8.085459
1983,5,13,-54.923775,-134.5,8.085845
1983,5,14,-54.923775,-133.5,8.086647
1983,5,15,-54.923775,-132.5,8.087629
1983,5,16,-54.923775,-131.5,8.088536
1983,5,17,-54.923775,-130.5,8.089684
1983,5,18,-54.923775,-129.5,8.090671
1983,5,19,-54.923775,-128.5,8.09131
1983,6,0,-54.344994,-147.5,8.084739
1983,6,1,-54.344994,-146.5,8.084861
1983,6,2,-54.344994,-145.5,8.085365
1983,6,3,-54.344994,-144.5,8.085592
1983,6,4,-54.344994,-143.5,8.086031
1983,6,5,-54.344994,-142.5,8.086495
1983,6,6,-54.344994,-141.5,8.086986
1983,6,7,-54.344994,-140.5,8.086749
1983,6,8,-54.344994,-139.5,8.086817
1983,6,9,-54.344994,-138.5,8.086586
1983,6,10,-54.344994,-137.5,8.086345
1983,6,11,-54.344994,-136.5,8.086391
1983,6,12,-54.344994,-135.5,8.086778
1983,6,13,-54.344994,-134.5,8.087209
1983,6,14,-54.344994,-133.5,8.08804
1983,6,15,-54.344994,-132.5,8.088884
1983,6,16,-54.344994,-131.5,8.0898695
1983,6,17,-54.344994,-130.5,8.091091
1983,6,18,-54.344994,-129.5,8.092079
1983,6,19,-54.344994,-128.5,8.092606
1983,7,0,-53.75795,-147.5,8.086837
1983,7,1,-53.75795,-146.5,8.086978
1983,7,2,-53.75795,-145.5,8.087345
1983,7,3,-53.75795,-144.5,8.087498
1983,7,4,-53.75795,-143.5,8.087823
1983,7,5,-53.75795,-142.5,8.088174
1983,7,6,-53.75795,-141.5,8.088435
1983,7,7,-53.75795,-140.5,8.088344
1983,7,8,-53.75795,-139.5,8.088404
1983,7,9,-53.75795,-138.5,8.088251
1983,7,10,-53.75795,-137.5,8.088038
1983,7,11,-53.75795,-136.5,8.087992
1983,7,12,-53.75795,-135.5,8.088298
1983,7,13,-53.75795,-134.5,8.088765
1983,7,14,-53.75795,-133.5,8.089437
1983,7,15,-53.75795,-132.5,8.090199
1983,7,16,-53.75795,-131.5,8.0911665
1983,7,17,-53.75795,-130.5,8.092331
1983,7,18,-53.75795,-129.5,8.093139
1983,7,19,-53.75795,-128.5,8.093469
1983,8,0,-53.162582,-147.5,8.088434
1983,8,1,-53.162582,-146.5,8.088578
1983,8,2,-53.162582,-145.5,8.088845
1983,8,3,-53.162582,-144.5,8.088996
1983,8,4,-53.162582,-143.5,8.089349
1983,8,5,-53.162582,-142.5,8.08966
1983,8,6,-53.162582,-141.5,8.089817
1983,8,7,-53.162582,-140.5,8.089696
1983,8,8,-53.162582,-139.5,8.089752
1983,8,9,-53.162582,-138.5,8.089726
1983,8,10,-53.162582,-137.5,8.089555
1983,8,11,-53.162582,-136.5,8.089519
1983,8,12,-53.162582,-135.5,8.089748
1983,8,13,-53.162582,-134.5,8.090137
1983,8,14,-53.162582,-133.5,8.090768
1983,8,15,-53.162582,-132.5,8.091514
1983,8,16,-53.162582,-131.5,8.092467
1983,8,17,-53.162582,-130.5,8.093404
1983,8,18,-53.162582,-129.5,8.094026
1983,8,19,-53.162582,-128.5,8.094308
1983,9,0,-52.558838,-147.5,8.089869
1983,9,1,-52.558838,-146.5,8.0899935
1983,9,2,-52.558838,-145.5,8.090253
1983,9,3,-52.558838,-144.5,8.090383
1983,9,4,-52.558838,-143.5,8.090651
1983,9,5,-52.558838,-142.5,8.090842
1983,9,6,-52.558838,-141.5,8.091023
1983,9,7,-52.558838,-140.5,8.091065
1983,9,8,-52.558838,-139.5,8.091127
1983,9,9,-52.558838,-138.5,8.09114
1983,9,10,-52.558838,-137.5,8.09104
1983,9,11,-52.558838,-136.5,8.091143
1983,9,12,-52.558838,-135.5,8.091169
1983,9,13,-52.558838,-134.5,8.091458
1983,9,14,-52.558838,-133.5,8.092034
1983,9,15,-52.558838,-132.5,8.092707
1983,9,16,-52.558838,-131.5,8.093424
1983,9,17,-52.558838,-130.5,8.094061
1983,9,18,-52.558838,-129.5,8.094463
1983,9,19,-52.558838,-128.5,8.094609
1983,10,0,-51.946674,-147.5,8.091428
1983,10,1,-51.946674,-146.5,8.091565
1983,10,2,-51.946674,-145.5,8.091778
1983,10,3,-51.946674,-144.5,8.09189
1983,10,4,-51.946674,-143.5,8.092136
1983,10,5,-51.946674,-142.5,8.092229
1983,10,6,-51.946674,-141.5,8.092298
1983,10,7,-51.946674,-140.5,8.092399
1983,10,8,-51.946674,-139.5,8.09254
1983,10,9,-51.946674,-138.5,8.092556
1983,10,10,-51.946674,-137.5,8.092496
1983,10,11,-51.946674,-136.5,8.0926695
1983,10,12,-51.946674,-135.5,8.092658
1983,10,13,-51.946674,-134.5,8.092861
1983,10,14,-51.946674,-133.5,8.093322
1983,10,15,-51.946674,-132.5,8.093774
1983,10,16,-51.946674,-131.5,8.0943365
1983,10,17,-51.946674,-130.5,8.094609
1983,10,18,-51.946674,-129.5,8.094796
1983,10,19,-51.946674,-128.5,8.094743
1983,11,0,-51.326035,-147.5,8.092992
1983,11,1,-51.326035,-146.5,8.093184
1983,11,2,-51.326035,-145.5,8.093375
1983,11,3,-51.326035,-144.5,8.093451
1983,11,4,-51.326035,-143.5,8.093567
1983,11,5,-51.326035,-142.5,8.093625
1983,11,6,-51.326035,-141.5,8.093686
1983,11,7,-51.326035,-140.5,8.093816
1983,11,8,-51.326035,-139.5,8.093932
1983,11,9,-51.326035,-138.5,8.093955
1983,11,10,-51.326035,-137.5,8.093937
1983,11,11,-51.326035,-136.5,8.094081
1983,11,12,-51.326035,-135.5,8.094021
1983,11,13,-51.326035,-134.5,8.09416
1983,11,14,-51.326035,-133.5,8.094394
1983,11,15,-51.326035,-132.5,8.094694
1983,11,16,-51.326035,-131.5,8.095004
1983,11,17,-51.326035,-130.5,8.095067
1983,11,18,-51.326035,-129.5,8.095098
1983,11,19,-51.326035,-128.5,8.0947895
1983,12,0,-50.696884,-147.5,8.094372
1983,12,1,-50.696884,-146.5,8.094615
1983,12,2,-50.696884,-145.5,8.094771
1983,12,3,-50.696884,-144.5,8.094763
1983,12,4,-50.696884,-143.5,8.0948305
1983,12,5,-50.696884,-142.5,8.0948305
1983,12,6,-50.696884,-141.5,8.094809
1983,12,7,-50.696884,-140.5,8.094912
1983,12,8,-50.696884,-139.5,8.095056
1983,12,9,-50.696884,-138.5,8.095126
1983,12,10,-50.696884,-137.5,8.09511
1983,12,11,-50.696884,-136.5,8.095285
1983,12,12,-50.696884,-135.5,8.09515
1983,12,13,-50.696884,-134.5,8.095292
1983,12,14,-50.696884,-133.5,8.095411
1983,12,15,-50.696884,-132.5,8.095436
1983,12,16,-50.696884,-131.5,8.095487
1983,12,17,-50.696884,-130.5,8.095282
1983,12,18,-50.696884,-129.5,8.095191
1983,12,19,-50.696884,-128.5,8.094678
1983,13,0,-50.059177,-147.5,8.095905
1983,13,1,-50.059177,-146.5,8.0960655
1983,13,2,-50.059177,-145.5,8.096126
1983,13,3,-50.059177,-144.5,8.096076
1983,13,4,-50.059177,-143.5,8.096101
1983,13,5,-50.059177,-142.5,8.096078
1983,13,6,-50.059177,-141.5,8.096009
1983,13,7,-50.059177,-140.5,8.096008
1983,13,8,-50.059177,-139.5,8.096082
1983,13,9,-50.059177,-138.5,8.096159
1983,13,10,-50.059177,-137.5,8.096038
1983,13,11,-50.059177,-136.5,8.096116
1983,13,12,-50.059177,-135.5,8.096006
1983,13,13,-50.059177,-134.5,8.096134
1983,13,14,-50.059177,-133.5,8.0962105
1983,13,15,-50.059177,-132.5,8.096141
1983,13,16,-50.059177,-131.5,8.096032
1983,13,17,-50.059177,-130.5,8.095771
1983,13,18,-50.059177,-129.5,8.095586
1983,13,19,-50.059177,-128.5,8.095086
1983,14,0,-49.41288,-147.5,8.097033
1983,14,1,-49.41288,-146.5,8.097139
1983,14,2,-49.41288,-145.5,8.097179
1983,14,3,-49.41288,-144.5,8.097239
1983,14,4,-49.41288,-143.5,8.097314
1983,14,5,-49.41288,-142.5,8.097228
1983,14,6,-49.41288,-141.5,8.09714
1983,14,7,-49.41288,-140.5,8.097009
1983,14,8,-49.41288,-139.5,8.097041
1983,14,9,-49.41288,-138.5,8.096892
1983,14,10,-49.41288,-137.5,8.09672
1983,14,11,-49.41288,-136.5,8.096818
1983,14,12,-49.41288,-135.5,8.096637
1983,14,13,-49.41288,-134.5,8.096705
1983,14,14,-49.41288,-133.5,8.096633
1983,14,15,-49.41288,-132.5,8.096494
1983,14,16,-49.41288,-131.5,8.096384
1983,14,17,-49.41288,-130.5,8.096133
1983,14,18,-49.41288,-129.5,8.095881
1983,14,19,-49.41288,-128.5,8.09558
1983,15,0,-48.757957,-147.5,8.097966
1983,15,1,-48.757957,-146.5,8.098072
1983,15,2,-48.757957,-145.5,8.097997
1983,15,3,-48.757957,-144.5,8.098113
1983,15,4,-48.757957,-143.5,8.098255
1983,15,5,-48.757957,-142.5,8.098274
1983,15,6,-48.757957,-141.5,8.098294
1983,15,7,-48.757957,-140.5,8.0981245
1983,15,8,-48.757957,-139.5,8.098137
1983,15,9,-48.757957,-138.5,8.097865
1983,15,10,-48.757957,-137.5,8.097622
1983,15,11,-48.757957,-136.5,8.097684
1983,15,12,-48.757957,-135.5,8.097488
1983,15,13,-48.757957,-134.5,8.097376
1983,15,14,-48.757957,-133.5,8.097332
1983,15,15,-48.757957,-132.5,8.097151
1983,15,16,-48.757957,-131.5,8.09708
1983,15,17,-48.757957,-130.5,8.096824
1983,15,18,-48.757957,-129.5,8.096562
1983,15,19,-48.757957,-128.5,8.096292
1983,16,0,-48.094387,-147.5,8.098853
1983,16,1,-48.094387,-146.5,8.098971
1983,16,2,-48.094387,-145.5,8.098943
1983,16,3,-48.094387,-144.5,8.099094
1983,16,4,-48.094387,-143.5,8.099312
1983,16,5,-48.094387,-142.5,8.099359
1983,16,6,-48.094387,-141.5,8.099366
1983,16,7,-48.094387,-140.5,8.099359
1983,16,8,-48.094387,-139.5,8.099399
1983,16,9,-48.094387,-138.5,8.099016
1983,16,10,-48.094387,-137.5,8.0985155
1983,16,11,-48.094387,-136.5,8.098458
1983,16,12,-48.094387,-135.5,8.098205
1983,16,13,-48.094387,-134.5,8.097962
1983,16,14,-48.094387,-133.5,8.097926
1983,16,15,-48.094387,-132.5,8.097763
1983,16,16,-48.094387,-131.5,8.0976515
1983,16,17,-48.094387,-130.5,8.097378
1983,16,18,-48.094387,-129.5,8.096993
1983,16,19,-48.094387,-128.5,8.096639
1983,17,0,-47.422142,-147.5,8.100097
1983,17,1,-47.422142,-146.5,8.100292
1983,17,2,-47.422142,-145.5,8.100341
1983,17,3,-47.422142,-144.5,8.100447
1983,17,4,-47.422142,-143.5,8.100675
1983,17,5,-47.422142,-142.5,8.100628
1983,17,6,-47.422142,-141.5,8.100596
1983,17,7,-47.422142,-140.5,8.100383
1983,17,8,-47.422142,-139.5,8.100347
1983,17,9,-47.422142,-138.5,8.100017
1983,17,10,-47.422142,-137.5,8.099508
1983,17,11,-47.422142,-136.5,8.099365
1983,17,12,-47.422142,-135.5,8.099175
1983,17,13,-47.422142,-134.5,8.098761
1983,17,14,-47.422142,-133.5,8.098471
1983,17,15,-47.422142,-132.5,8.098208
1983,17,16,-47.422142,-131.5,8.098123
1983,17,17,-47.422142,-130.5,8.09789
1983,17,18,-47.422142,-129.5,8.097439
1983,17,19,-47.422142,-128.5,8.097129
1983,18,0,-46.7412,-147.5,8.10141
1983,18,1,-46.7412,-146.5,8.101607
1983,18,2,-46.7412,-145.5,8.10174
1983,18,3,-46.7412,-144.5,8.101716
1983,18,4,-46.7412,-143.5,8.101802
1983,18,5,-46.7412,-142.5,8.101709
1983,18,6,-46.7412,-141.5,8.101654
1983,18,7,-46.7412,-140.5,8.101316
1983,18,8,-46.7412,-139.5,8.101073
1983,18,9,-46.7412,-138.5,8.100663
1983,18,10,-46.7412,-137.5,8.100131
1983,18,11,-46.7412,-136.5,8.099824
1983,18,12,-46.7412,-135.5,8.099662
1983,18,13,-46.7412,-134.5,8.099178
1983,18,14,-46.7412,-133.5,8.09876
1983,18,15,-46.7412,-132.5,8.098491
1983,18,16,-46.7412,-131.5,8.098395
1983,18,17,-46.7412,-130.5,8.098113
1983,18,18,-46.7412,-129.5,8.097585
1983,18,19,-46.7412,-128.5,8.097247
1983,19,0,-46.051548,-147.5,8.102687
1983,19,1,-46.051548,-146.5,8.102927
1983,19,2,-46.051548,-145.5,8.103028
1983,19,3,-46.051548,-144.5,8.103158
1983,19,4,-46.051548,-143.5,8.103084
1983,19,5,-46.051548,-142.5,8.10278
1983,19,6,-46.051548,-141.5,8.102588
1983,19,7,-46.051548,-140.5,8.102341
1983,19,8,-46.051548,-139.5,8.102006
1983,19,9,-46.051548,-138.5,8.101752
1983,19,10,-46.051548,-137.5,8.10132
1983,19,11,-46.051548,-136.5,8.101027
1983,19,12,-46.051548,-135.5,8.100518
1983,19,13,-46.051548,-134.5,8.099858
1983,19,14,-46.051548,-133.5,8.0995035
1983,19,15,-46.051548,-132.5,8.099187
1983,19,16,-46.051548,-131.5,8.098876
1983,19,17,-46.051548,-130.5,8.098442
1983,19,18,-46.051548,-129.5,8.097974
1983,19,19,-46.051548,-128.5,8.097751
1984,0,0,-57.695797,-147.5,8.075009
1984,0,1,-57.695797,-146.5,8.075938
1984,0,2,-57.695797,-145.5,8.07618
1984,0,3,-57.695797,-144.5,8.074374
1984,0,4,-57.695797,-143.5,8.073625
1984,0,5,-57.695797,-142.5,8.073667
1984,0,6,-57.695797,-141.5,8.074107
1984,0,7,-57.695797,-140.5,8.075021
1984,0,8,-57.695797,-139.5,8.0757265
1984,0,9,-57.695797,-138.5,8.076033
1984,0,10,-57.695797,-137.5,8.076386
1984,0,11,-57.695797,-136.5,8.076872
1984,0,12,-57.695797,-135.5,8.077072
1984,0,13,-57.695797,-134.5,8.077544
1984,0,14,-57.695797,-133.5,8.078076
1984,0,15,-57.695797,-132.5,8.078566
1984,0,16,-57.695797,-131.5,8.078842
1984,0,17,-57.695797,-130.5,8.079328
1984,0,18,-57.695797,-129.5,8.079629
1984,0,19,-57.695797,-128.5,8.079967
1984,1,0,-57.15743,-147.5,8.072938
1984,1,1,-57.15743,-146.5,8.0745325
1984,1,2,-57.15743,-145.5,8.074738
1984,1,3,-57.15743,-144.5,8.073556
1984,1,4,-57.15743,-143.5,8.07351
1984,1,5,-57.15743,-142.5,8.074079
1984,1,6,-57.15743,-141.5,8.074849
1984,1,7,-57.15743,-140.5,8.075933
1984,1,8,-57.15743,-139.5,8.076433
1984,1,9,-57.15743,-138.5,8.076619
1984,1,10,-57.15743,-137.5,8.076795
1984,1,11,-57.15743,-136.5,8.077241
1984,1,12,-57.15743,-135.5,8.07753
1984,1,13,-57.15743,-134.5,8.077984
1984,1,14,-57.15743,-133.5,8.078554
1984,1,15,-57.15743,-132.5,8.079079
1984,1,16,-57.15743,-131.5,8.079477
1984,1,17,-57.15743,-130.5,8.080211
1984,1,18,-57.15743,-129.5,8.080676
1984,1,19,-57.15743,-128.5,8.081196
1984,2,0,-56.61111,-147.5,8.071485
1984,2,1,-56.61111,-146.5,8.072975
1984,2,2,-56.61111,-145.5,8.073542
1984,2,3,-56.61111,-144.5,8.073352
1984,2,4,-56.61111,-143.5,8.0741625
1984,2,5,-56.61111,-142.5,8.075217
1984,2,6,-56.61111,-141.5,8.076251
1984,2,7,-56.61111,-140.5,8.077368
1984,2,8,-56.61111,-139.5,8.077542
1984,2,9,-56.61111,-138.5,8.077535
1984,2,10,-56.61111,-137.5,8.077588
1984,2,11,-56.61111,-136.5,8.077884
1984,2,12,-56.61111,-135.5,8.078256
1984,2,13,-56.61111,-134.5,8.0786495
1984,2,14,-56.61111,-133.5,8.079293
1984,2,15,-56.61111,-132.5,8.07993
1984,2,16,-56.61111,-131.5,8.080509
1984,2,17,-56.61111,-130.5,8.081442
1984,2,18,-56.61111,-129.5,8.082108
1984,2,19,-56.61111,-128.5,8.082735
1984,3,0,-56.05677,-147.5,8.072642
1984,3,1,-56.05677,-146.5,8.0736065
1984,3,2,-56.05677,-145.5,8.074345
1984,3,3,-56.05677,-144.5,8.074818
1984,3,4,-56.05677,-143.5,8.075991
1984,3,5,-56.05677,-142.5,8.077152
1984,3,6,-56.05677,-141.5,8.07835
1984,3,7,-56.05677,-140.5,8.07893
1984,3,8,-56.05677,-139.5,8.079056
1984,3,9,-56.05677,-138.5,8.078849
1984,3,10,-56.05677,-137.5,8.078637
1984,3,11,-56.05677,-136.5,8.078708
1984,3,12,-56.05677,-135.5,8.07919
1984,3,13,-56.05677,-134.5,8.079509
1984,3,14,-56.05677,-133.5,8.080277
1984,3,15,-56.05677,-132.5,8.081173
1984,3,16,-56.05677,-131.5,8.082011
1984,3,17,-56.05677,-130.5,8.083107
1984,3,18,-56.05677,-129.5,8.083934
1984,3,19,-56.05677,-128.5,8.084529
1984,4,0,-55.494347,-147.5,8.075059
1984,4,1,-55.494347,-146.5,8.07543
1984,4,2,-55.494347,-145.5,8.076263
1984,4,3,-55.494347,-144.5,8.076845
1984,4,4,-55.494347,-143.5,8.078122
1984,4,5,-55.494347,-142.5,8.079299
1984,4,6,-55.494347,-141.5,8.080614
1984,4,7,-55.494347,-140.5,8.080505
1984,4,8,-55.494347,-139.5,8.080684
1984,4,9,-55.494347,-138.5,8.080362
1984,4,10,-55.494347,-137.5,8.07997
1984,4,11,-55.494347,-136.5,8.079826
1984,4,12,-55.494347,-135.5,8.080309
1984,4,13,-55.494347,-134.5,8.080636
1984,4,14,-55.494347,-133.5,8.081536
1984,4,15,-55.494347,-132.5,8.08263
1984,4,16,-55.494347,-131.5,8.083585
1984,4,17,-55.494347,-130.5,8.0847
1984,4,18,-55.494347,-129.5,8.085568
1984,4,19,-55.494347,-128.5,8.085956
1984,5,0,-54.923775,-147.5,8.078758
1984,5,1,-54.923775,-146.5,8.078922
1984,5,2,-54.923775,-145.5,8.079663
1984,5,3,-54.923775,-144.5,8.080278
1984,5,4,-54.923775,-143.5,8.081384
1984,5,5,-54.923775,-142.5,8.082308
1984,5,6,-54.923775,-141.5,8.08327
1984,5,7,-54.923775,-140.5,8.082863
1984,5,8,-54.923775,-139.5,8.082784
1984,5,9,-54.923775,-138.5,8.082328
1984,5,10,-54.923775,-137.5,8.081851
1984,5,11,-54.923775,-136.5,8.08154
1984,5,12,-54.923775,-135.5,8.081975
1984,5,13,-54.923775,-134.5,8.0823145
1984,5,14,-54.923775,-133.5,8.083203
1984,5,15,-54.923775,-132.5,8.084311
1984,5,16,-54.923775,-131.5,8.085274
1984,5,17,-54.923775,-130.5,8.086247
1984,5,18,-54.923775,-129.5,8.086978
1984,5,19,-54.923775,-128.5,8.0870075
1984,6,0,-54.344994,-147.5,8.08182
1984,6,1,-54.344994,-146.5,8.081921
1984,6,2,-54.344994,-145.5,8.082555
1984,6,3,-54.344994,-144.5,8.083052
1984,6,4,-54.344994,-143.5,8.083931
1984,6,5,-54.344994,-142.5,8.084672
1984,6,6,-54.344994,-141.5,8.0852995
1984,6,7,-54.344994,-140.5,8.085042
1984,6,8,-54.344994,-139.5,8.08491
1984,6,9,-54.344994,-138.5,8.084428
1984,6,10,-54.344994,-137.5,8.084001
1984,6,11,-54.344994,-136.5,8.08364
1984,6,12,-54.344994,-135.5,8.083924
1984,6,13,-54.344994,-134.5,8.08426
1984,6,14,-54.344994,-133.5,8.085096
1984,6,15,-54.344994,-132.5,8.086123
1984,6,16,-54.344994,-131.5,8.08699
1984,6,17,-54.344994,-130.5,8.08781
1984,6,18,-54.344994,-129.5,8.0883255
1984,6,19,-54.344994,-128.5,8.088323
1984,7,0,-53.75795,-147.5,8.084847
1984,7,1,-53.75795,-146.5,8.084999
1984,7,2,-53.75795,-145.5,8.085453
1984,7,3,-53.75795,-144.5,8.085853
1984,7,4,-53.75795,-143.5,8.086473
1984,7,5,-53.75795,-142.5,8.0870075
1984,7,6,-53.75795,-141.5,8.087388
1984,7,7,-53.75795,-140.5,8.087287
1984,7,8,-53.75795,-139.5,8.087135
1984,7,9,-53.75795,-138.5,8.086747
1984,7,10,-53.75795,-137.5,8.086354
1984,7,11,-53.75795,-136.5,8.085978
1984,7,12,-53.75795,-135.5,8.086176
1984,7,13,-53.75795,-134.5,8.086475
1984,7,14,-53.75795,-133.5,8.087115
1984,7,15,-53.75795,-132.5,8.087886
1984,7,16,-53.75795,-131.5,8.088611
1984,7,17,-53.75795,-130.5,8.089124
1984,7,18,-53.75795,-129.5,8.089305
1984,7,19,-53.75795,-128.5,8.089314
1984,8,0,-53.162582,-147.5,8.087152
1984,8,1,-53.162582,-146.5,8.087342
1984,8,2,-53.162582,-145.5,8.087706
1984,8,3,-53.162582,-144.5,8.088025
1984,8,4,-53.162582,-143.5,8.0884905
1984,8,5,-53.162582,-142.5,8.088926
1984,8,6,-53.162582,-141.5,8.089241
1984,8,7,-53.162582,-140.5,8.089169
1984,8,8,-53.162582,-139.5,8.08908
1984,8,9,-53.162582,-138.5,8.088797
1984,8,10,-53.162582,-137.5,8.088458
1984,8,11,-53.162582,-136.5,8.088212
1984,8,12,-53.162582,-135.5,8.088234
1984,8,13,-53.162582,-134.5,8.0884495
1984,8,14,-53.162582,-133.5,8.088962
1984,8,15,-53.162582,-132.5,8.089486
1984,8,16,-53.162582,-131.5,8.089993
1984,8,17,-53.162582,-130.5,8.090211
1984,8,18,-53.162582,-129.5,8.090238
1984,8,19,-53.162582,-128.5,8.090045
1984,9,0,-52.558838,-147.5,8.089253
1984,9,1,-52.558838,-146.5,8.089537
1984,9,2,-52.558838,-145.5,8.089854
1984,9,3,-52.558838,-144.5,8.090221
1984,9,4,-52.558838,-143.5,8.090579
1984,9,5,-52.558838,-142.5,8.090909
1984,9,6,-52.558838,-141.5,8.09113
1984,9,7,-52.558838,-140.5,8.091036
1984,9,8,-52.558838,-139.5,8.090987
1984,9,9,-52.558838,-138.5,8.09071
1984,9,10,-52.558838,-137.5,8.090434
1984,9,11,-52.558838,-136.5,8.090297
1984,9,12,-52.558838,-135.5,8.090301
1984,9,13,-52.558838,-134.5,8.090375
1984,9,14,-52.558838,-133.5,8.090688
1984,9,15,-52.558838,-132.5,8.091033
1984,9,16,-52.558838,-131.5,8.091222
1984,9,17,-52.558838,-130.5,8.091172
1984,9,18,-52.558838,-129.5,8.091038
1984,9,19,-52.558838,-128.5,8.090542
1984,10,0,-51.946674,-147.5,8.091277
1984,10,1,-51.946674,-146.5,8.091609
1984,10,2,-51.946674,-145.5,8.091907
1984,10,3,-51.946674,-144.5,8.09232
1984,10,4,-51.946674,-143.5,8.09261
1984,10,5,-51.946674,-142.5,8.092845
1984,10,6,-51.946674,-141.5,8.092934
1984,10,7,-51.946674,-140.5,8.092793
1984,10,8,-51.946674,-139.5,8.09275
1984,10,9,-51.946674,-138.5,8.092534
1984,10,10,-51.946674,-137.5,8.092271
1984,10,11,-51.946674,-136.5,8.092169
1984,10,12,-51.946674,-135.5,8.09209
1984,10,13,-51.946674,-134.5,8.092105
1984,10,14,-51.946674,-133.5,8.092281
1984,10,15,-51.946674,-132.5,8.092477
1984,10,16,-51.946674,-131.5,8.092383
1984,10,17,-51.946674,-130.5,8.091952
1984,10,18,-51.946674,-129.5,8.091662
1984,10,19,-51.946674,-128.5,8.090961
1984,11,0,-51.326035,-147.5,8.093184
1984,11,1,-51.326035,-146.5,8.093637
1984,11,2,-51.326035,-145.5,8.093916
1984,11,3,-51.326035,-144.5,8.0943
1984,11,4,-51.326035,-143.5,8.094529
1984,11,5,-51.326035,-142.5,8.094677
1984,11,6,-51.326035,-141.5,8.094739
1984,11,7,-51.326035,-140.5,8.094553
1984,11,8,-51.326035,-139.5,8.094423
1984,11,9,-51.326035,-138.5,8.09421
1984,11,10,-51.326035,-137.5,8.093973
1984,11,11,-51.326035,-136.5,8.09391
1984,11,12,-51.326035,-135.5,8.093782
1984,11,13,-51.326035,-134.5,8.093692
1984,11,14,-51.326035,-133.5,8.093612
1984,11,15,-51.326035,-132.5,8.093558
1984,11,16,-51.326035,-131.5,8.093269
1984,11,17,-51.326035,-130.5,8.09266
1984,11,18,-51.326035,-129.5,8.092246
1984,11,19,-51.326035,-128.5,8.09145
1984,12,0,-50.696884,-147.5,8.095185
1984,12,1,-50.696884,-146.5,8.095722
1984,12,2,-50.696884,-145.5,8.095989
1984,12,3,-50.696884,-144.5,8.096288
1984,12,4,-50.696884,-143.5,8.096459
1984,12,5,-50.696884,-142.5,8.096497
1984,12,6,-50.696884,-141.5,8.096437
1984,12,7,-50.696884,-140.5,8.096179
1984,12,8,-50.696884,-139.5,8.096034
1984,12,9,-50.696884,-138.5,8.095777
1984,12,10,-50.696884,-137.5,8.095482
1984,12,11,-50.696884,-136.5,8.095416
1984,12,12,-50.696884,-135.5,8.0952215
1984,12,13,-50.696884,-134.5,8.094984
1984,12,14,-50.696884,-133.5,8.094644
1984,12,15,-50.696884,-132.5,8.094372
1984,12,16,-50.696884,-131.5,8.0940485
1984,12,17,-50.696884,-130.5,8.093425
1984,12,18,-50.696884,-129.5,8.092954
1984,12,19,-50.696884,-128.5,8.092129
1984,13,0,-50.059177,-147.5,8.097141
1984,13,1,-50.059177,-146.5,8.097589
1984,13,2,-50.059177,-145.5,8.097762
1984,13,3,-50.059177,-144.5,8.097934
1984,13,4,-50.059177,-143.5,8.097897
1984,13,5,-50.059177,-142.5,8.097829
1984,13,6,-50.059177,-141.5,8.097781
1984,13,7,-50.059177,-140.5,8.097592
1984,13,8,-50.059177,-139.5,8.097531
1984,13,9,-50.059177,-138.5,8.097341
1984,13,10,-50.059177,-137.5,8.097048
1984,13,11,-50.059177,-136.5,8.09692
1984,13,12,-50.059177,-135.5,8.096664
1984,13,13,-50.059177,-134.5,8.09637
1984,13,14,-50.059177,-133.5,8.0959835
1984,13,15,-50.059177,-132.5,8.095659
1984,13,16,-50.059177,-131.5,8.095247
1984,13,17,-50.059177,-130.5,8.094488
1984,13,18,-50.059177,-129.5,8.093965
1984,13,19,-50.059177,-128.5,8.093155
1984,14,0,-49.41288,-147.5,8.098751
1984,14,1,-49.41288,-146.5,8.099153
1984,14,2,-49.41288,-145.5,8.099221
1984,14,3,-49.41288,-144.5,8.099286
1984,14,4,-49.41288,-143.5,8.099107
1984,14,5,-49.41288,-142.5,8.098945
1984,14,6,-49.41288,-141.5,8.098977
1984,14,7,-49.41288,-140.5,8.098862
1984,14,8,-49.41288,-139.5,8.098817
1984,14,9,-49.41288,-138.5,8.098663
1984,14,10,-49.41288,-137.5,8.098331
1984,14,11,-49.41288,-136.5,8.098107
1984,14,12,-49.41288,-135.5,8.097732
1984,14,13,-49.41288,-134.5,8.097417
1984,14,14,-49.41288,-133.5,8.0969
1984,14,15,-49.41288,-132.5,8.096601
1984,14,16,-49.41288,-131.5,8.096208
1984,14,17,-49.41288,-130.5,8.095456
1984,14,18,-49.41288,-129.5,8.094837
1984,14,19,-49.41288,-128.5,8.0940895
1984,15,0,-48.757957,-147.5,8.100146
1984,15,1,-48.757957,-146.5,8.100436
1984,15,2,-48.757957,-145.5,8.100463
1984,15,3,-48.757957,-144.5,8.100551
1984,15,4,-48.757957,-143.5,8.100371
1984,15,5,-48.757957,-142.5,8.100174
1984,15,6,-48.757957,-141.5,8.0999775
1984,15,7,-48.757957,-140.5,8.099937
1984,15,8,-48.757957,-139.5,8.099881
1984,15,9,-48.757957,-138.5,8.099862
1984,15,10,-48.757957,-137.5,8.099494
1984,15,11,-48.757957,-136.5,8.099275
1984,15,12,-48.757957,-135.5,8.098989
1984,15,13,-48.757957,-134.5,8.098628
1984,15,14,-48.757957,-133.5,8.098062
1984,15,15,-48.757957,-132.5,8.097704
1984,15,16,-48.757957,-131.5,8.097318
1984,15,17,-48.757957,-130.5,8.096612
1984,15,18,-48.757957,-129.5,8.096041
1984,15,19,-48.757957,-128.5,8.095387
1984,16,0,-48.094387,-147.5,8.101196
1984,16,1,-48.094387,-146.5,8.101361
1984,16,2,-48.094387,-145.5,8.10132
1984,16,3,-48.094387,-144.5,8.101335
1984,16,4,-48.094387,-143.5,8.101149
1984,16,5,-48.094387,-142.5,8.100999
1984,16,6,-48.094387,-141.5,8.100819
1984,16,7,-48.094387,-140.5,8.1006775
1984,16,8,-48.094387,-139.5,8.100584
1984,16,9,-48.094387,-138.5,8.100872
1984,16,10,-48.094387,-137.5,8.100633
1984,16,11,-48.094387,-136.5,8.100281
1984,16,12,-48.094387,-135.5,8.100112
1984,16,13,-48.094387,-134.5,8.09986
1984,16,14,-48.094387,-133.5,8.099322
1984,16,15,-48.094387,-132.5,8.098924
1984,16,16,-48.094387,-131.5,8.098558
1984,16,17,-48.094387,-130.5,8.097905
1984,16,18,-48.094387,-129.5,8.097416
1984,16,19,-48.094387,-128.5,8.096801
1984,17,0,-47.422142,-147.5,8.102025
1984,17,1,-47.422142,-146.5,8.10212
1984,17,2,-47.422142,-145.5,8.102019
1984,17,3,-47.422142,-144.5,8.102024
1984,17,4,-47.422142,-143.5,8.101878
1984,17,5,-47.422142,-142.5,8.101775
1984,17,6,-47.422142,-141.5,8.101622
1984,17,7,-47.422142,-140.5,8.10146
1984,17,8,-47.422142,-139.5,8.1013975
1984,17,9,-47.422142,-138.5,8.101642
1984,17,10,-47.422142,-137.5,8.101627
1984,17,11,-47.422142,-136.5,8.101317
1984,17,12,-47.422142,-135.5,8.101195
1984,17,13,-47.422142,-134.5,8.101122
1984,17,14,-47.422142,-133.5,8.100753
1984,17,15,-47.422142,-132.5,8.100405
1984,17,16,-47.422142,-131.5,8.100041
1984,17,17,-47.422142,-130.5,8.099499
1984,17,18,-47.422142,-129.5,8.099139
1984,17,19,-47.422142,-128.5,8.098528
1984,18,0,-46.7412,-147.5,8.102796
1984,18,1,-46.7412,-146.5,8.102788
1984,18,2,-46.7412,-145.5,8.102614
1984,18,3,-46.7412,-144.5,8.102443
1984,18,4,-46.7412,-143.5,8.102299
1984,18,5,-46.7412,-142.5,8.102218
1984,18,6,-46.7412,-141.5,8.102035
1984,18,7,-46.7412,-140.5,8.101887
1984,18,8,-46.7412,-139.5,8.101726
1984,18,9,-46.7412,-138.5,8.101958
1984,18,10,-46.7412,-137.5,8.102011
1984,18,11,-46.7412,-136.5,8.101867
1984,18,12,-46.7412,-135.5,8.101847
1984,18,13,-46.7412,-134.5,8.101918
1984,18,14,-46.7412,-133.5,8.101757
1984,18,15,-46.7412,-132.5,8.101546
1984,18,16,-46.7412,-131.5,8.101286
1984,18,17,-46.7412,-130.5,8.100909
1984,18,18,-46.7412,-129.5,8.100585
1984,18,19,-46.7412,-128.5,8.100038
1984,19,0,-46.051548,-147.5,8.103315
1984,19,1,-46.051548,-146.5,8.103343
1984,19,2,-46.051548,-145.5,8.103097
1984,19,3,-46.051548,-144.5,8.102645
1984,19,4,-46.051548,-143.5,8.102717
1984,19,5,-46.051548,-142.5,8.102866
1984,19,6,-46.051548,-141.5,8.102952
1984,19,7,-46.051548,-140.5,8.102799
1984,19,8,-46.051548,-139.5,8.1027565
1984,19,9,-46.051548,-138.5,8.102865
1984,19,10,-46.051548,-137.5,8.102841
1984,19,11,-46.051548,-136.5,8.10278
1984,19,12,-46.051548,-135.5,8.102811
1984,19,13,-46.051548,-134.5,8.102836
1984,19,14,-46.051548,-133.5,8.102752
1984,19,15,-46.051548,-132.5,8.10266
1984,19,16,-46.051548,-131.5,8.102502
1984,19,17,-46.051548,-130.5,8.102132
1984,19,18,-46.051548,-129.5,8.101829
1984,19,19,-46.051548,-128.5,8.101457
1985,0,0,-57.695797,-147.5,8.066214
1985,0,1,-57.695797,-146.5,8.066733
1985,0,2,-57.695797,-145.5,8.067464
1985,0,3,-57.695797,-144.5,8.068118
1985,0,4,-57.695797,-143.5,8.070363
1985,0,5,-57.695797,-142.5,8.07253
1985,0,6,-57.695797,-141.5,8.073882
1985,0,7,-57.695797,-140.5,8.075153
1985,0,8,-57.695797,-139.5,8.076198
1985,0,9,-57.695797,-138.5,8.076511
1985,0,10,-57.695797,-137.5,8.076875
1985,0,11,-57.695797,-136.5,8.077342
1985,0,12,-57.695797,-135.5,8.077629
1985,0,13,-57.695797,-134.5,8.077786
1985,0,14,-57.695797,-133.5,8.077995
1985,0,15,-57.695797,-132.5,8.078045
1985,0,16,-57.695797,-131.5,8.077816
1985,0,17,-57.695797,-130.5,8.077949
1985,0,18,-57.695797,-129.5,8.077869
1985,0,19,-57.695797,-128.5,8.077996
1985,1,0,-57.15743,-147.5,8.065881
1985,1,1,-57.15743,-146.5,8.0669565
1985,1,2,-57.15743,-145.5,8.067905
1985,1,3,-57.15743,-144.5,8.069154
1985,1,4,-57.15743,-143.5,8.071688
1985,1,5,-57.15743,-142.5,8.073771
1985,1,6,-57.15743,-141.5,8.074929
1985,1,7,-57.15743,-140.5,8.076062
1985,1,8,-57.15743,-139.5,8.076673
1985,1,9,-57.15743,-138.5,8.076846
1985,1,10,-57.15743,-137.5,8.0770035
1985,1,11,-57.15743,-136.5,8.077456
1985,1,12,-57.15743,-135.5,8.077888
1985,1,13,-57.15743,-134.5,8.077926
1985,1,14,-57.15743,-133.5,8.07824
1985,1,15,-57.15743,-132.5,8.07831
1985,1,16,-57.15743,-131.5,8.078103
1985,1,17,-57.15743,-130.5,8.078271
1985,1,18,-57.15743,-129.5,8.078299
1985,1,19,-57.15743,-128.5,8.078533
1985,2,0,-56.61111,-147.5,8.066877
1985,2,1,-56.61111,-146.5,8.068396
1985,2,2,-56.61111,-145.5,8.069555
1985,2,3,-56.61111,-144.5,8.0712
1985,2,4,-56.61111,-143.5,8.073653
1985,2,5,-56.61111,-142.5,8.075299
1985,2,6,-56.61111,-141.5,8.076151
1985,2,7,-56.61111,-140.5,8.077126
1985,2,8,-56.61111,-139.5,8.077182
1985,2,9,-56.61111,-138.5,8.077292
1985,2,10,-56.61111,-137.5,8.077409
1985,2,11,-56.61111,-136.5,8.0777445
1985,2,12,-56.61111,-135.5,8.078212
1985,2,13,-56.61111,-134.5,8.078205
1985,2,14,-56.61111,-133.5,8.07842
1985,2,15,-56.61111,-132.5,8.078411
1985,2,16,-56.61111,-131.5,8.078257
1985,2,17,-56.61111,-130.5,8.078514
1985,2,18,-56.61111,-129.5,8.07871
1985,2,19,-56.61111,-128.5,8.07902
1985,3,0,-56.05677,-147.5,8.070943
1985,3,1,-56.05677,-146.5,8.072106
1985,3,2,-56.05677,-145.5,8.073259
1985,3,3,-56.05677,-144.5,8.074583
1985,3,4,-56.05677,-143.5,8.076146
1985,3,5,-56.05677,-142.5,8.076975
1985,3,6,-56.05677,-141.5,8.077431
1985,3,7,-56.05677,-140.5,8.077766
1985,3,8,-56.05677,-139.5,8.077686
1985,3,9,-56.05677,-138.5,8.077726
1985,3,10,-56.05677,-137.5,8.077729
1985,3,11,-56.05677,-136.5,8.077957
1985,3,12,-56.05677,-135.5,8.078341
1985,3,13,-56.05677,-134.5,8.07827
1985,3,14,-56.05677,-133.5,8.078499
1985,3,15,-56.05677,-132.5,8.078533
1985,3,16,-56.05677,-131.5,8.078476
1985,3,17,-56.05677,-130.5,8.078867
1985,3,18,-56.05677,-129.5,8.0792
1985,3,19,-56.05677,-128.5,8.079633
1985,4,0,-55.494347,-147.5,8.075112
1985,4,1,-55.494347,-146.5,8.075709
1985,4,2,-55.494347,-145.5,8.076569
1985,4,3,-55.494347,-144.5,8.077094
1985,4,4,-55.494347,-143.5,8.077759
1985,4,5,-55.494347,-142.5,8.078025
1985,4,6,-55.494347,-141.5,8.07853
1985,4,7,-55.494347,-140.5,8.077976
1985,4,8,-55.494347,-139.5,8.0781555
1985,4,9,-55.494347,-138.5,8.07811
1985,4,10,-55.494347,-137.5,8.078017
1985,4,11,-55.494347,-136.5,8.078062
1985,4,12,-55.494347,-135.5,8.07845
1985,4,13,-55.494347,-134.5,8.078336
1985,4,14,-55.494347,-133.5,8.078587
1985,4,15,-55.494347,-132.5,8.078752
1985,4,16,-55.494347,-131.5,8.078881
1985,4,17,-55.494347,-130.5,8.079398
1985,4,18,-55.494347,-129.5,8.07987
1985,4,19,-55.494347,-128.5,8.080428
1985,5,0,-54.923775,-147.5,8.078816
1985,5,1,-54.923775,-146.5,8.078969
1985,5,2,-54.923775,-145.5,8.079446
1985,5,3,-54.923775,-144.5,8.0794525
1985,5,4,-54.923775,-143.5,8.079512
1985,5,5,-54.923775,-142.5,8.079469
1985,5,6,-54.923775,-141.5,8.0798855
1985,5,7,-54.923775,-140.5,8.0791235
1985,5,8,-54.923775,-139.5,8.079141
1985,5,9,-54.923775,-138.5,8.078978
1985,5,10,-54.923775,-137.5,8.078867
1985,5,11,-54.923775,-136.5,8.078675
1985,5,12,-54.923775,-135.5,8.0789795
1985,5,13,-54.923775,-134.5,8.078851
1985,5,14,-54.923775,-133.5,8.079043
1985,5,15,-54.923775,-132.5,8.079281
1985,5,16,-54.923775,-131.5,8.07961
1985,5,17,-54.923775,-130.5,8.080247
1985,5,18,-54.923775,-129.5,8.080826
1985,5,19,-54.923775,-128.5,8.081292
1985,6,0,-54.344994,-147.5,8.080411
1985,6,1,-54.344994,-146.5,8.080341
1985,6,2,-54.344994,-145.5,8.0805235
1985,6,3,-54.344994,-144.5,8.080296
1985,6,4,-54.344994,-143.5,8.080243
1985,6,5,-54.344994,-142.5,8.080265
1985,6,6,-54.344994,-141.5,8.080617
1985,6,7,-54.344994,-140.5,8.080105
1985,6,8,-54.344994,-139.5,8.080055
1985,6,9,-54.344994,-138.5,8.079836
1985,6,10,-54.344994,-137.5,8.079656
1985,6,11,-54.344994,-136.5,8.079354
1985,6,12,-54.344994,-135.5,8.0795765
1985,6,13,-54.344994,-134.5,8.079473
1985,6,14,-54.344994,-133.5,8.079744
1985,6,15,-54.344994,-132.5,8.080079
1985,6,16,-54.344994,-131.5,8.080517
1985,6,17,-54.344994,-130.5,8.081172
1985,6,18,-54.344994,-129.5,8.0817995
1985,6,19,-54.344994,-128.5,8.082154
1985,7,0,-53.75795,-147.5,8.081561
1985,7,1,-53.75795,-146.5,8.081481
1985,7,2,-53.75795,-145.5,8.081534
1985,7,3,-53.75795,-144.5,8.081372
1985,7,4,-53.75795,-143.5,8.081451
1985,7,5,-53.75795,-142.5,8.081617
1985,7,6,-53.75795,-141.5,8.081862
1985,7,7,-53.75795,-140.5,8.081515
1985,7,8,-53.75795,-139.5,8.081424
1985,7,9,-53.75795,-138.5,8.081216
1985,7,10,-53.75795,-137.5,8.080957
1985,7,11,-53.75795,-136.5,8.080648
1985,7,12,-53.75795,-135.5,8.080724
1985,7,13,-53.75795,-134.5,8.080708
1985,7,14,-53.75795,-133.5,8.080845
1985,7,15,-53.75795,-132.5,8.081119
1985,7,16,-53.75795,-131.5,8.08153
1985,7,17,-53.75795,-130.5,8.082089
1985,7,18,-53.75795,-129.5,8.082733
1985,7,19,-53.75795,-128.5,8.082825
1985,8,0,-53.162582,-147.5,8.08244
1985,8,1,-53.162582,-146.5,8.082371
1985,8,2,-53.162582,-145.5,8.082456
1985,8,3,-53.162582,-144.5,8.082434
1985,8,4,-53.162582,-143.5,8.082606
1985,8,5,-53.162582,-142.5,8.082832
1985,8,6,-53.162582,-141.5,8.083056
1985,8,7,-53.162582,-140.5,8.082842
1985,8,8,-53.162582,-139.5,8.082755
1985,8,9,-53.162582,-138.5,8.082586
1985,8,10,-53.162582,-137.5,8.08232
1985,8,11,-53.162582,-136.5,8.082135
1985,8,12,-53.162582,-135.5,8.081969
1985,8,13,-53.162582,-134.5,8.082016
1985,8,14,-53.162582,-133.5,8.0821085
1985,8,15,-53.162582,-132.5,8.082287
1985,8,16,-53.162582,-131.5,8.082615
1985,8,17,-53.162582,-130.5,8.083104
1985,8,18,-53.162582,-129.5,8.083608
1985,8,19,-53.162582,-128.5,8.083673
1985,9,0,-52.558838,-147.5,8.083608
1985,9,1,-52.558838,-146.5,8.083608
1985,9,2,-52.558838,-145.5,8.083741
1985,9,3,-52.558838,-144.5,8.083794
1985,9,4,-52.558838,-143.5,8.083945
1985,9,5,-52.558838,-142.5,8.084076
1985,9,6,-52.558838,-141.5,8.084218
1985,9,7,-52.558838,-140.5,8.084172
1985,9,8,-52.558838,-139.5,8.084114
1985,9,9,-52.558838,-138.5,8.083942
1985,9,10,-52.558838,-137.5,8.083727
1985,9,11,-52.558838,-136.5,8.083662
1985,9,12,-52.558838,-135.5,8.083439
1985,9,13,-52.558838,-134.5,8.083409
1985,9,14,-52.558838,-133.5,8.083456
1985,9,15,-52.558838,-132.5,8.083548
1985,9,16,-52.558838,-131.5,8.08381
1985,9,17,-52.558838,-130.5,8.084107
1985,9,18,-52.558838,-129.5,8.084395
1985,9,19,-52.558838,-128.5,8.084386
1985,10,0,-51.946674,-147.5,8.084926
1985,10,1,-51.946674,-146.5,8.085002
1985,10,2,-51.946674,-145.5,8.085172
1985,10,3,-51.946674,-144.5,8.085302
1985,10,4,-51.946674,-143.5,8.085398
1985,10,5,-51.946674,-142.5,8.085481
1985,10,6,-51.946674,-141.5,8.085558
1985,10,7,-51.946674,-140.5,8.08552
1985,10,8,-51.946674,-139.5,8.085528
1985,10,9,-51.946674,-138.5,8.085392
1985,10,10,-51.946674,-137.5,8.085134
1985,10,11,-51.946674,-136.5,8.085111
1985,10,12,-51.946674,-135.5,8.08492
1985,10,13,-51.946674,-134.5,8.084901
1985,10,14,-51.946674,-133.5,8.084901
1985,10,15,-51.946674,-132.5,8.084903
1985,10,16,-51.946674,-131.5,8.085044
1985,10,17,-51.946674,-130.5,8.085082
1985,10,18,-51.946674,-129.5,8.085182
1985,10,19,-51.946674,-128.5,8.0849085
1985,11,0,-51.326035,-147.5,8.0867
1985,11,1,-51.326035,-146.5,8.08681
1985,11,2,-51.326035,-145.5,8.086948
1985,11,3,-51.326035,-144.5,8.087064
1985,11,4,-51.326035,-143.5,8.087123
1985,11,5,-51.326035,-142.5,8.087118
1985,11,6,-51.326035,-141.5,8.087151
1985,11,7,-51.326035,-140.5,8.087045
1985,11,8,-51.326035,-139.5,8.086998
1985,11,9,-51.326035,-138.5,8.086854
1985,11,10,-51.326035,-137.5,8.086621
1985,11,11,-51.326035,-136.5,8.086577
1985,11,12,-51.326035,-135.5,8.086339
1985,11,13,-51.326035,-134.5,8.086246
1985,11,14,-51.326035,-133.5,8.086156
1985,11,15,-51.326035,-132.5,8.086068
1985,11,16,-51.326035,-131.5,8.086154
1985,11,17,-51.326035,-130.5,8.085989
1985,11,18,-51.326035,-129.5,8.0859785
1985,11,19,-51.326035,-128.5,8.085673
1985,12,0,-50.696884,-147.5,8.0886755
1985,12,1,-50.696884,-146.5,8.088845
1985,12,2,-50.696884,-145.5,8.088872
1985,12,3,-50.696884,-144.5,8.088947
1985,12,4,-50.696884,-143.5,8.088942
1985,12,5,-50.696884,-142.5,8.088882
1985,12,6,-50.696884,-141.5,8.088826
1985,12,7,-50.696884,-140.5,8.088535
1985,12,8,-50.696884,-139.5,8.088434
1985,12,9,-50.696884,-138.5,8.088256
1985,12,10,-50.696884,-137.5,8.08797
1985,12,11,-50.696884,-136.5,8.087895
1985,12,12,-50.696884,-135.5,8.087611
1985,12,13,-50.696884,-134.5,8.087459
1985,12,14,-50.696884,-133.5,8.087182
1985,12,15,-50.696884,-132.5,8.08694
1985,12,16,-50.696884,-131.5,8.086921
1985,12,17,-50.696884,-130.5,8.08665
1985,12,18,-50.696884,-129.5,8.086524
1985,12,19,-50.696884,-128.5,8.08622
1985,13,0,-50.059177,-147.5,8.09085
1985,13,1,-50.059177,-146.5,8.090921
1985,13,2,-50.059177,-145.5,8.090865
1985,13,3,-50.059177,-144.5,8.090848
1985,13,4,-50.059177,-143.5,8.090749
1985,13,5,-50.059177,-142.5,8.090619
1985,13,6,-50.059177,-141.5,8.090517
1985,13,7,-50.059177,-140.5,8.090138
1985,13,8,-50.059177,-139.5,8.089959
1985,13,9,-50.059177,-138.5,8.0897255
1985,13,10,-50.059177,-137.5,8.089365
1985,13,11,-50.059177,-136.5,8.089242
1985,13,12,-50.059177,-135.5,8.0888195
1985,13,13,-50.059177,-134.5,8.088613
1985,13,14,-50.059177,-133.5,8.088235
1985,13,15,-50.059177,-132.5,8.087887
1985,13,16,-50.059177,-131.5,8.087725
1985,13,17,-50.059177,-130.5,8.087367
1985,13,18,-50.059177,-129.5,8.087121
1985,13,19,-50.059177,-128.5,8.086739
1985,14,0,-49.41288,-147.5,8.092744
1985,14,1,-49.41288,-146.5,8.092675
1985,14,2,-49.41288,-145.5,8.092528
1985,14,3,-49.41288,-144.5,8.092443
1985,14,4,-49.41288,-143.5,8.092199
1985,14,5,-49.41288,-142.5,8.091977
1985,14,6,-49.41288,-141.5,8.091836
1985,14,7,-49.41288,-140.5,8.091502
1985,14,8,-49.41288,-139.5,8.091314
1985,14,9,-49.41288,-138.5,8.091012
1985,14,10,-49.41288,-137.5,8.090595
1985,14,11,-49.41288,-136.5,8.090337
1985,14,12,-49.41288,-135.5,8.08973
1985,14,13,-49.41288,-134.5,8.089433
1985,14,14,-49.41288,-133.5,8.088993
1985,14,15,-49.41288,-132.5,8.088575
1985,14,16,-49.41288,-131.5,8.088273
1985,14,17,-49.41288,-130.5,8.087813
1985,14,18,-49.41288,-129.5,8.087515
1985,14,19,-49.41288,-128.5,8.087196
1985,15,0,-48.757957,-147.5,8.094419
1985,15,1,-48.757957,-146.5,8.094235
1985,15,2,-48.757957,-145.5,8.093895
1985,15,3,-48.757957,-144.5,8.093722
1985,15,4,-48.757957,-143.5,8.093457
1985,15,5,-48.757957,-142.5,8.093181
1985,15,6,-48.757957,-141.5,8.093047
1985,15,7,-48.757957,-140.5,8.092793
1985,15,8,-48.757957,-139.5,8.092642
1985,15,9,-48.757957,-138.5,8.092262
1985,15,10,-48.757957,-137.5,8.0917425
1985,15,11,-48.757957,-136.5,8.0913515
1985,15,12,-48.757957,-135.5,8.09073
1985,15,13,-48.757957,-134.5,8.09027
1985,15,14,-48.757957,-133.5,8.089702
1985,15,15,-48.757957,-132.5,8.089195
1985,15,16,-48.757957,-131.5,8.088868
1985,15,17,-48.757957,-130.5,8.088385
1985,15,18,-48.757957,-129.5,8.08813
1985,15,19,-48.757957,-128.5,8.087828
1985,16,0,-48.094387,-147.5,8.095592
1985,16,1,-48.094387,-146.5,8.095363
1985,16,2,-48.094387,-145.5,8.094951
1985,16,3,-48.094387,-144.5,8.094762
1985,16,4,-48.094387,-143.5,8.094472
1985,16,5,-48.094387,-142.5,8.094227
1985,16,6,-48.094387,-141.5,8.094045
1985,16,7,-48.094387,-140.5,8.093774
1985,16,8,-48.094387,-139.5,8.093587
1985,16,9,-48.094387,-138.5,8.093137
1985,16,10,-48.094387,-137.5,8.092524
1985,16,11,-48.094387,-136.5,8.092109
1985,16,12,-48.094387,-135.5,8.091638
1985,16,13,-48.094387,-134.5,8.091174
1985,16,14,-48.094387,-133.5,8.090498
1985,16,15,-48.094387,-132.5,8.089974
1985,16,16,-48.094387,-131.5,8.089585
1985,16,17,-48.094387,-130.5,8.089044
1985,16,18,-48.094387,-129.5,8.08882
1985,16,19,-48.094387,-128.5,8.08865
1985,17,0,-47.422142,-147.5,8.0965605
1985,17,1,-47.422142,-146.5,8.096297
1985,17,2,-47.422142,-145.5,8.095771
1985,17,3,-47.422142,-144.5,8.095651
1985,17,4,-47.422142,-143.5,8.095332
1985,17,5,-47.422142,-142.5,8.095143
1985,17,6,-47.422142,-141.5,8.094938
1985,17,7,-47.422142,-140.5,8.094572
1985,17,8,-47.422142,-139.5,8.094315
1985,17,9,-47.422142,-138.5,8.093724
1985,17,10,-47.422142,-137.5,8.09297
1985,17,11,-47.422142,-136.5,8.092511
1985,17,12,-47.422142,-135.5,8.092172
1985,17,13,-47.422142,-134.5,8.091839
1985,17,14,-47.422142,-133.5,8.09125
1985,17,15,-47.422142,-132.5,8.090829
1985,17,16,-47.422142,-131.5,8.090579
1985,17,17,-47.422142,-130.5,8.090061
1985,17,18,-47.422142,-129.5,8.089841
1985,17,19,-47.422142,-128.5,8.089866
1985,18,0,-46.7412,-147.5,8.097499
1985,18,1,-46.7412,-146.5,8.097272
1985,18,2,-46.7412,-145.5,8.096686
1985,18,3,-46.7412,-144.5,8.096484
1985,18,4,-46.7412,-143.5,8.096076
1985,18,5,-46.7412,-142.5,8.095707
1985,18,6,-46.7412,-141.5,8.095423
1985,18,7,-46.7412,-140.5,8.094958
1985,18,8,-46.7412,-139.5,8.0946
1985,18,9,-46.7412,-138.5,8.094109
1985,18,10,-46.7412,-137.5,8.093529
1985,18,11,-46.7412,-136.5,8.093078
1985,18,12,-46.7412,-135.5,8.09287
1985,18,13,-46.7412,-134.5,8.092704
1985,18,14,-46.7412,-133.5,8.092187
1985,18,15,-46.7412,-132.5,8.091834
1985,18,16,-46.7412,-131.5,8.091664
1985,18,17,-46.7412,-130.5,8.09122
1985,18,18,-46.7412,-129.5,8.090937
1985,18,19,-46.7412,-128.5,8.091067
1985,19,0,-46.051548,-147.5,8.098111
1985,19,1,-46.051548,-146.5,8.097894
1985,19,2,-46.051548,-145.5,8.097388
1985,19,3,-46.051548,-144.5,8.097034
1985,19,4,-46.051548,-143.5,8.096591
1985,19,5,-46.051548,-142.5,8.096252
1985,19,6,-46.051548,-141.5,8.095954
1985,19,7,-46.051548,-140.5,8.095506
1985,19,8,-46.051548,-139.5,8.095201
1985,19,9,-46.051548,-138.5,8.094917
1985,19,10,-46.051548,-137.5,8.094464
1985,19,11,-46.051548,-136.5,8.0940075
1985,19,12,-46.051548,-135.5,8.093693
1985,19,13,-46.051548,-134.5,8.093547
1985,19,14,-46.051548,-133.5,8.093209
1985,19,15,-46.051548,-132.5,8.093026
1985,19,16,-46.051548,-131.5,8.093057
1985,19,17,-46.051548,-130.5,8.092927
1985,19,18,-46.051548,-129.5,8.0927725
1985,19,19,-46.051548,-128.5,8.092959
1986,0,0,-57.695797,-147.5,8.068652
1986,0,1,-57.695797,-146.5,8.069864
1986,0,2,-57.695797,-145.5,8.071549
1986,0,3,-57.695797,-144.5,8.071456
1986,0,4,-57.695797,-143.5,8.072019
1986,0,5,-57.695797,-142.5,8.07241
1986,0,6,-57.695797,-141.5,8.072846
1986,0,7,-57.695797,-140.5,8.07395
1986,0,8,-57.695797,-139.5,8.074875
1986,0,9,-57.695797,-138.5,8.075305
1986,0,10,-57.695797,-137.5,8.07582
1986,0,11,-57.695797,-136.5,8.076589
1986,0,12,-57.695797,-135.5,8.07739
1986,0,13,-57.695797,-134.5,8.077903
1986,0,14,-57.695797,-133.5,8.07878
1986,0,15,-57.695797,-132.5,8.079179
1986,0,16,-57.695797,-131.5,8.079342
1986,0,17,-57.695797,-130.5,8.079629
1986,0,18,-57.695797,-129.5,8.079914
1986,0,19,-57.695797,-128.5,8.08024
1986,1,0,-57.15743,-147.5,8.068325
1986,1,1,-57.15743,-146.5,8.0701065
1986,1,2,-57.15743,-145.5,8.071222
1986,1,3,-57.15743,-144.5,8.071234
1986,1,4,-57.15743,-143.5,8.071947
1986,1,5,-57.15743,-142.5,8.072507
1986,1,6,-57.15743,-141.5,8.073091
1986,1,7,-57.15743,-140.5,8.074302
1986,1,8,-57.15743,-139.5,8.075077
1986,1,9,-57.15743,-138.5,8.075413
1986,1,10,-57.15743,-137.5,8.075871
1986,1,11,-57.15743,-136.5,8.076648
1986,1,12,-57.15743,-135.5,8.077451
1986,1,13,-57.15743,-134.5,8.077831
1986,1,14,-57.15743,-133.5,8.078738
1986,1,15,-57.15743,-132.5,8.079246
1986,1,16,-57.15743,-131.5,8.079482
1986,1,17,-57.15743,-130.5,8.07993
1986,1,18,-57.15743,-129.5,8.080413
1986,1,19,-57.15743,-128.5,8.0808115
1986,2,0,-56.61111,-147.5,8.067858
1986,2,1,-56.61111,-146.5,8.06972
1986,2,2,-56.61111,-145.5,8.070806
1986,2,3,-56.61111,-144.5,8.071189
1986,2,4,-56.61111,-143.5,8.072061
1986,2,5,-56.61111,-142.5,8.072713
1986,2,6,-56.61111,-141.5,8.073413
1986,2,7,-56.61111,-140.5,8.074694
1986,2,8,-56.61111,-139.5,8.0751705
1986,2,9,-56.61111,-138.5,8.075554
1986,2,10,-56.61111,-137.5,8.076024
1986,2,11,-56.61111,-136.5,8.076812
1986,2,12,-56.61111,-135.5,8.077662
1986,2,13,-56.61111,-134.5,8.077959
1986,2,14,-56.61111,-133.5,8.078733
1986,2,15,-56.61111,-132.5,8.079381
1986,2,16,-56.61111,-131.5,8.07975
1986,2,17,-56.61111,-130.5,8.080367
1986,2,18,-56.61111,-129.5,8.080912
1986,2,19,-56.61111,-128.5,8.081412
1986,3,0,-56.05677,-147.5,8.069113
1986,3,1,-56.05677,-146.5,8.070576
1986,3,2,-56.05677,-145.5,8.071679
1986,3,3,-56.05677,-144.5,8.072159
1986,3,4,-56.05677,-143.5,8.072974
1986,3,5,-56.05677,-142.5,8.073655
1986,3,6,-56.05677,-141.5,8.074593
1986,3,7,-56.05677,-140.5,8.075316
1986,3,8,-56.05677,-139.5,8.075688
1986,3,9,-56.05677,-138.5,8.075982
1986,3,10,-56.05677,-137.5,8.076284
1986,3,11,-56.05677,-136.5,8.076894
1986,3,12,-56.05677,-135.5,8.0777645
1986,3,13,-56.05677,-134.5,8.0781145
1986,3,14,-56.05677,-133.5,8.079029
1986,3,15,-56.05677,-132.5,8.079886
1986,3,16,-56.05677,-131.5,8.080449
1986,3,17,-56.05677,-130.5,8.081153
1986,3,18,-56.05677,-129.5,8.081779
1986,3,19,-56.05677,-128.5,8.082302
1986,4,0,-55.494347,-147.5,8.071219
1986,4,1,-55.494347,-146.5,8.07193
1986,4,2,-55.494347,-145.5,8.072942
1986,4,3,-55.494347,-144.5,8.073354
1986,4,4,-55.494347,-143.5,8.074321
1986,4,5,-55.494347,-142.5,8.075213
1986,4,6,-55.494347,-141.5,8.076392
1986,4,7,-55.494347,-140.5,8.076554
1986,4,8,-55.494347,-139.5,8.076816
1986,4,9,-55.494347,-138.5,8.076819
1986,4,10,-55.494347,-137.5,8.076898
1986,4,11,-55.494347,-136.5,8.077242
1986,4,12,-55.494347,-135.5,8.07804
1986,4,13,-55.494347,-134.5,8.078485
1986,4,14,-55.494347,-133.5,8.079533
1986,4,15,-55.494347,-132.5,8.080511
1986,4,16,-55.494347,-131.5,8.081234
1986,4,17,-55.494347,-130.5,8.08199
1986,4,18,-55.494347,-129.5,8.082631
1986,4,19,-55.494347,-128.5,8.083207
1986,5,0,-54.923775,-147.5,8.074205
1986,5,1,-54.923775,-146.5,8.074663
1986,5,2,-54.923775,-145.5,8.07561
1986,5,3,-54.923775,-144.5,8.0762005
1986,5,4,-54.923775,-143.5,8.077093
1986,5,5,-54.923775,-142.5,8.077917
1986,5,6,-54.923775,-141.5,8.078876
1986,5,7,-54.923775,-140.5,8.078744
1986,5,8,-54.923775,-139.5,8.078784
1986,5,9,-54.923775,-138.5,8.078456
1986,5,10,-54.923775,-137.5,8.078273
1986,5,11,-54.923775,-136.5,8.078353
1986,5,12,-54.923775,-135.5,8.078921
1986,5,13,-54.923775,-134.5,8.079307
1986,5,14,-54.923775,-133.5,8.080423
1986,5,15,-54.923775,-132.5,8.081451
1986,5,16,-54.923775,-131.5,8.082248
1986,5,17,-54.923775,-130.5,8.083042
1986,5,18,-54.923775,-129.5,8.08365
1986,5,19,-54.923775,-128.5,8.083936
1986,6,0,-54.344994,-147.5,8.076615
1986,6,1,-54.344994,-146.5,8.076949
1986,6,2,-54.344994,-145.5,8.077907
1986,6,3,-54.344994,-144.5,8.078509
1986,6,4,-54.344994,-143.5,8.07941
1986,6,5,-54.344994,-142.5,8.080169
1986,6,6,-54.344994,-141.5,8.080806
1986,6,7,-54.344994,-140.5,8.0808
1986,6,8,-54.344994,-139.5,8.080732
1986,6,9,-54.344994,-138.5,8.080309
1986,6,10,-54.344994,-137.5,8.079984
1986,6,11,-54.344994,-136.5,8.079862
1986,6,12,-54.344994,-135.5,8.080274
1986,6,13,-54.344994,-134.5,8.080639
1986,6,14,-54.344994,-133.5,8.081676
1986,6,15,-54.344994,-132.5,8.082565
1986,6,16,-54.344994,-131.5,8.083329
1986,6,17,-54.344994,-130.5,8.084056
1986,6,18,-54.344994,-129.5,8.084662
1986,6,19,-54.344994,-128.5,8.084732
1986,7,0,-53.75795,-147.5,8.079353
1986,7,1,-53.75795,-146.5,8.079721
1986,7,2,-53.75795,-145.5,8.080637
1986,7,3,-53.75795,-144.5,8.081347
1986,7,4,-53.75795,-143.5,8.082196
1986,7,5,-53.75795,-142.5,8.082811
1986,7,6,-53.75795,-141.5,8.083131
1986,7,7,-53.75795,-140.5,8.0830765
1986,7,8,-53.75795,-139.5,8.082906
1986,7,9,-53.75795,-138.5,8.082471
1986,7,10,-53.75795,-137.5,8.082002
1986,7,11,-53.75795,-136.5,8.081764
1986,7,12,-53.75795,-135.5,8.082105
1986,7,13,-53.75795,-134.5,8.082461
1986,7,14,-53.75795,-133.5,8.083093
1986,7,15,-53.75795,-132.5,8.083661
1986,7,16,-53.75795,-131.5,8.084253
1986,7,17,-53.75795,-130.5,8.084832
1986,7,18,-53.75795,-129.5,8.085195
1986,7,19,-53.75795,-128.5,8.085137
1986,8,0,-53.162582,-147.5,8.082047
1986,8,1,-53.162582,-146.5,8.082387
1986,8,2,-53.162582,-145.5,8.083234
1986,8,3,-53.162582,-144.5,8.083865
1986,8,4,-53.162582,-143.5,8.084535
1986,8,5,-53.162582,-142.5,8.084955
1986,8,6,-53.162582,-141.5,8.085135
1986,8,7,-53.162582,-140.5,8.084998
1986,8,8,-53.162582,-139.5,8.084878
1986,8,9,-53.162582,-138.5,8.0844555
1986,8,10,-53.162582,-137.5,8.083927
1986,8,11,-53.162582,-136.5,8.083613
1986,8,12,-53.162582,-135.5,8.083787
1986,8,13,-53.162582,-134.5,8.083974
1986,8,14,-53.162582,-133.5,8.084454
1986,8,15,-53.162582,-132.5,8.084806
1986,8,16,-53.162582,-131.5,8.085209
1986,8,17,-53.162582,-130.5,8.085564
1986,8,18,-53.162582,-129.5,8.085663
1986,8,19,-53.162582,-128.5,8.085642
1986,9,0,-52.558838,-147.5,8.084892
1986,9,1,-52.558838,-146.5,8.085231
1986,9,2,-52.558838,-145.5,8.0858755
1986,9,3,-52.558838,-144.5,8.086356
1986,9,4,-52.558838,-143.5,8.086871
1986,9,5,-52.558838,-142.5,8.086986
1986,9,6,-52.558838,-141.5,8.087016
1986,9,7,-52.558838,-140.5,8.086833
1986,9,8,-52.558838,-139.5,8.086688
1986,9,9,-52.558838,-138.5,8.086212
1986,9,10,-52.558838,-137.5,8.085731
1986,9,11,-52.558838,-136.5,8.08542
1986,9,12,-52.558838,-135.5,8.085299
1986,9,13,-52.558838,-134.5,8.085322
1986,9,14,-52.558838,-133.5,8.085634
1986,9,15,-52.558838,-132.5,8.085806
1986,9,16,-52.558838,-131.5,8.08606
1986,9,17,-52.558838,-130.5,8.086238
1986,9,18,-52.558838,-129.5,8.086314
1986,9,19,-52.558838,-128.5,8.085975
1986,10,0,-51.946674,-147.5,8.087562
1986,10,1,-51.946674,-146.5,8.087893
1986,10,2,-51.946674,-145.5,8.088374
1986,10,3,-51.946674,-144.5,8.088647
1986,10,4,-51.946674,-143.5,8.088986
1986,10,5,-51.946674,-142.5,8.089036
1986,10,6,-51.946674,-141.5,8.088872
1986,10,7,-51.946674,-140.5,8.08847
1986,10,8,-51.946674,-139.5,8.088293
1986,10,9,-51.946674,-138.5,8.087791
1986,10,10,-51.946674,-137.5,8.087256
1986,10,11,-51.946674,-136.5,8.086899
1986,10,12,-51.946674,-135.5,8.086585
1986,10,13,-51.946674,-134.5,8.086417
1986,10,14,-51.946674,-133.5,8.086593
1986,10,15,-51.946674,-132.5,8.086589
1986,10,16,-51.946674,-131.5,8.086681
1986,10,17,-51.946674,-130.5,8.086705
1986,10,18,-51.946674,-129.5,8.086722
1986,10,19,-51.946674,-128.5,8.086194
1986,11,0,-51.326035,-147.5,8.0903425
1986,11,1,-51.326035,-146.5,8.090585
1986,11,2,-51.326035,-145.5,8.090835
1986,11,3,-51.326035,-144.5,8.090927
1986,11,4,-51.326035,-143.5,8.09105
1986,11,5,-51.326035,-142.5,8.090949
1986,11,6,-51.326035,-141.5,8.090705
1986,11,7,-51.326035,-140.5,8.090168
1986,11,8,-51.326035,-139.5,8.08983
1986,11,9,-51.326035,-138.5,8.089183
1986,11,10,-51.326035,-137.5,8.088578
1986,11,11,-51.326035,-136.5,8.088149
1986,11,12,-51.326035,-135.5,8.087716
1986,11,13,-51.326035,-134.5,8.0874405
1986,11,14,-51.326035,-133.5,8.087361
1986,11,15,-51.326035,-132.5,8.087114
1986,11,16,-51.326035,-131.5,8.087
1986,11,17,-51.326035,-130.5,8.086945
1986,11,18,-51.326035,-129.5,8.086842
1986,11,19,-51.326035,-128.5,8.086448
1986,12,0,-50.696884,-147.5,8.092655
1986,12,1,-50.696884,-146.5,8.092801
1986,12,2,-50.696884,-145.5,8.092852
1986,12,3,-50.696884,-144.5,8.092843
1986,12,4,-50.696884,-143.5,8.092739
1986,12,5,-50.696884,-142.5,8.09252
1986,12,6,-50.696884,-141.5,8.092195
1986,12,7,-50.696884,-140.5,8.091573
1986,12,8,-50.696884,-139.5,8.091049
1986,12,9,-50.696884,-138.5,8.090293
1986,12,10,-50.696884,-137.5,8.089586
1986,12,11,-50.696884,-136.5,8.089049
1986,12,12,-50.696884,-135.5,8.088404
1986,12,13,-50.696884,-134.5,8.088008
1986,12,14,-50.696884,-133.5,8.087785
1986,12,15,-50.696884,-132.5,8.087453
1986,12,16,-50.696884,-131.5,8.087197
1986,12,17,-50.696884,-130.5,8.086995
1986,12,18,-50.696884,-129.5,8.086793
1986,12,19,-50.696884,-128.5,8.086434
1986,13,0,-50.059177,-147.5,8.094758
1986,13,1,-50.059177,-146.5,8.094754
1986,13,2,-50.059177,-145.5,8.094639
1986,13,3,-50.059177,-144.5,8.094531
1986,13,4,-50.059177,-143.5,8.094165
1986,13,5,-50.059177,-142.5,8.093829
1986,13,6,-50.059177,-141.5,8.093467
1986,13,7,-50.059177,-140.5,8.092622
1986,13,8,-50.059177,-139.5,8.091999
1986,13,9,-50.059177,-138.5,8.091144
1986,13,10,-50.059177,-137.5,8.090268
1986,13,11,-50.059177,-136.5,8.089612
1986,13,12,-50.059177,-135.5,8.088857
1986,13,13,-50.059177,-134.5,8.088427
1986,13,14,-50.059177,-133.5,8.088064
1986,13,15,-50.059177,-132.5,8.087682
1986,13,16,-50.059177,-131.5,8.087464
1986,13,17,-50.059177,-130.5,8.087236
1986,13,18,-50.059177,-129.5,8.087085
1986,13,19,-50.059177,-128.5,8.086658
1986,14,0,-49.41288,-147.5,8.096284
1986,14,1,-49.41288,-146.5,8.096198
1986,14,2,-49.41288,-145.5,8.095929
1986,14,3,-49.41288,-144.5,8.0956955
1986,14,4,-49.41288,-143.5,8.095286
1986,14,5,-49.41288,-142.5,8.0948105
1986,14,6,-49.41288,-141.5,8.094272
1986,14,7,-49.41288,-140.5,8.093377
1986,14,8,-49.41288,-139.5,8.092738
1986,14,9,-49.41288,-138.5,8.0918045
1986,14,10,-49.41288,-137.5,8.090813
1986,14,11,-49.41288,-136.5,8.090073
1986,14,12,-49.41288,-135.5,8.089253
1986,14,13,-49.41288,-134.5,8.088732
1986,14,14,-49.41288,-133.5,8.088434
1986,14,15,-49.41288,-132.5,8.088039
1986,14,16,-49.41288,-131.5,8.087794
1986,14,17,-49.41288,-130.5,8.087535
1986,14,18,-49.41288,-129.5,8.087291
1986,14,19,-49.41288,-128.5,8.086913
1986,15,0,-48.757957,-147.5,8.097442
1986,15,1,-48.757957,-146.5,8.097329
1986,15,2,-48.757957,-145.5,8.0969715
1986,15,3,-48.757957,-144.5,8.096752
1986,15,4,-48.757957,-143.5,8.096247
1986,15,5,-48.757957,-142.5,8.095648
1986,15,6,-48.757957,-141.5,8.095038
1986,15,7,-48.757957,-140.5,8.094092
1986,15,8,-48.757957,-139.5,8.093385
1986,15,9,-48.757957,-138.5,8.092406
1986,15,10,-48.757957,-137.5,8.091458
1986,15,11,-48.757957,-136.5,8.09074
1986,15,12,-48.757957,-135.5,8.089934
1986,15,13,-48.757957,-134.5,8.089401
1986,15,14,-48.757957,-133.5,8.0890665
1986,15,15,-48.757957,-132.5,8.088649
1986,15,16,-48.757957,-131.5,8.088371
1986,15,17,-48.757957,-130.5,8.088223
1986,15,18,-48.757957,-129.5,8.087986
1986,15,19,-48.757957,-128.5,8.08768
1986,16,0,-48.094387,-147.5,8.098594
1986,16,1,-48.094387,-146.5,8.098395
1986,16,2,-48.094387,-145.5,8.097888
1986,16,3,-48.094387,-144.5,8.097561
1986,16,4,-48.094387,-143.5,8.096932
1986,16,5,-48.094387,-142.5,8.096295
1986,16,6,-48.094387,-141.5,8.095609
1986,16,7,-48.094387,-140.5,8.094595
1986,16,8,-48.094387,-139.5,8.093854
1986,16,9,-48.094387,-138.5,8.092938
1986,16,10,-48.094387,-137.5,8.091974
1986,16,11,-48.094387,-136.5,8.091238
1986,16,12,-48.094387,-135.5,8.090571
1986,16,13,-48.094387,-134.5,8.090084
1986,16,14,-48.094387,-133.5,8.089758
1986,16,15,-48.094387,-132.5,8.089391
1986,16,16,-48.094387,-131.5,8.08916
1986,16,17,-48.094387,-130.5,8.0891075
1986,16,18,-48.094387,-129.5,8.088885
1986,16,19,-48.094387,-128.5,8.088719
1986,17,0,-47.422142,-147.5,8.099658
1986,17,1,-47.422142,-146.5,8.099305
1986,17,2,-47.422142,-145.5,8.098686
1986,17,3,-47.422142,-144.5,8.098264
1986,17,4,-47.422142,-143.5,8.097589
1986,17,5,-47.422142,-142.5,8.09695
1986,17,6,-47.422142,-141.5,8.0963125
1986,17,7,-47.422142,-140.5,8.095192
1986,17,8,-47.422142,-139.5,8.09439
1986,17,9,-47.422142,-138.5,8.093577
1986,17,10,-47.422142,-137.5,8.092761
1986,17,11,-47.422142,-136.5,8.09211
1986,17,12,-47.422142,-135.5,8.091592
1986,17,13,-47.422142,-134.5,8.091258
1986,17,14,-47.422142,-133.5,8.091046
1986,17,15,-47.422142,-132.5,8.090762
1986,17,16,-47.422142,-131.5,8.090691
1986,17,17,-47.422142,-130.5,8.090672
1986,17,18,-47.422142,-129.5,8.0904875
1986,17,19,-47.422142,-128.5,8.090257
1986,18,0,-46.7412,-147.5,8.100461
1986,18,1,-46.7412,-146.5,8.100032
1986,18,2,-46.7412,-145.5,8.099385
1986,18,3,-46.7412,-144.5,8.098874
1986,18,4,-46.7412,-143.5,8.098037
1986,18,5,-46.7412,-142.5,8.097288
1986,18,6,-46.7412,-141.5,8.096684
1986,18,7,-46.7412,-140.5,8.095645
1986,18,8,-46.7412,-139.5,8.094897
1986,18,9,-46.7412,-138.5,8.094264
1986,18,10,-46.7412,-137.5,8.093556
1986,18,11,-46.7412,-136.5,8.09298
1986,18,12,-46.7412,-135.5,8.092538
1986,18,13,-46.7412,-134.5,8.092292
1986,18,14,-46.7412,-133.5,8.092216
1986,18,15,-46.7412,-132.5,8.092013
1986,18,16,-46.7412,-131.5,8.092001
1986,18,17,-46.7412,-130.5,8.092007
1986,18,18,-46.7412,-129.5,8.091841
1986,18,19,-46.7412,-128.5,8.091593
1986,19,0,-46.051548,-147.5,8.100866
1986,19,1,-46.051548,-146.5,8.100463
1986,19,2,-46.051548,-145.5,8.099879
1986,19,3,-46.051548,-144.5,8.099317
1986,19,4,-46.051548,-143.5,8.098582
1986,19,5,-46.051548,-142.5,8.097909
1986,19,6,-46.051548,-141.5,8.097374
1986,19,7,-46.051548,-140.5,8.096572
1986,19,8,-46.051548,-139.5,8.0959015
1986,19,9,-46.051548,-138.5,8.0954485
1986,19,10,-46.051548,-137.5,8.094955
1986,19,11,-46.051548,-136.5,8.094554
1986,19,12,-46.051548,-135.5,8.09423
1986,19,13,-46.051548,-134.5,8.094031
1986,19,14,-46.051548,-133.5,8.093864
1986,19,15,-46.051548,-132.5,8.09364
1986,19,16,-46.051548,-131.5,8.093562
1986,19,17,-46.051548,-130.5,8.093607
1986,19,18,-46.051548,-129.5,8.093435
1986,19,19,-46.051548,-128.5,8.093339
1987,0,0,-57.695797,-147.5,8.068946
1987,0,1,-57.695797,-146.5,8.069179
1987,0,2,-57.695797,-145.5,8.070008
1987,0,3,-57.695797,-144.5,8.0701275
1987,0,4,-57.695797,-143.5,8.071385
1987,0,5,-57.695797,-142.5,8.072479
1987,0,6,-57.695797,-141.5,8.073216
1987,0,7,-57.695797,-140.5,8.07408
1987,0,8,-57.695797,-139.5,8.074726
1987,0,9,-57.695797,-138.5,8.075143
1987,0,10,-57.695797,-137.5,8.075494
1987,0,11,-57.695797,-136.5,8.075954
1987,0,12,-57.695797,-135.5,8.076288
1987,0,13,-57.695797,-134.5,8.076654
1987,0,14,-57.695797,-133.5,8.077289
1987,0,15,-57.695797,-132.5,8.077722
1987,0,16,-57.695797,-131.5,8.078122
1987,0,17,-57.695797,-130.5,8.078576
1987,0,18,-57.695797,-129.5,8.078921
1987,0,19,-57.695797,-128.5,8.079217
1987,1,0,-57.15743,-147.5,8.068788
1987,1,1,-57.15743,-146.5,8.069599
1987,1,2,-57.15743,-145.5,8.070339
1987,1,3,-57.15743,-144.5,8.070933
1987,1,4,-57.15743,-143.5,8.072341
1987,1,5,-57.15743,-142.5,8.0734
1987,1,6,-57.15743,-141.5,8.074043
1987,1,7,-57.15743,-140.5,8.074812
1987,1,8,-57.15743,-139.5,8.075135
1987,1,9,-57.15743,-138.5,8.075564
1987,1,10,-57.15743,-137.5,8.075875
1987,1,11,-57.15743,-136.5,8.0763855
1987,1,12,-57.15743,-135.5,8.076938
1987,1,13,-57.15743,-134.5,8.0773535
1987,1,14,-57.15743,-133.5,8.078017
1987,1,15,-57.15743,-132.5,8.078485
1987,1,16,-57.15743,-131.5,8.078952
1987,1,17,-57.15743,-130.5,8.07941
1987,1,18,-57.15743,-129.5,8.079814
1987,1,19,-57.15743,-128.5,8.080052
1987,2,0,-56.61111,-147.5,8.069819
1987,2,1,-56.61111,-146.5,8.070646
1987,2,2,-56.61111,-145.5,8.071616
1987,2,3,-56.61111,-144.5,8.072471
1987,2,4,-56.61111,-143.5,8.073692
1987,2,5,-56.61111,-142.5,8.074489
1987,2,6,-56.61111,-141.5,8.074843
1987,2,7,-56.61111,-140.5,8.07553
1987,2,8,-56.61111,-139.5,8.075699
1987,2,9,-56.61111,-138.5,8.0761
1987,2,10,-56.61111,-137.5,8.076446
1987,2,11,-56.61111,-136.5,8.077031
1987,2,12,-56.61111,-135.5,8.077556
1987,2,13,-56.61111,-134.5,8.07796
1987,2,14,-56.61111,-133.5,8.078599
1987,2,15,-56.61111,-132.5,8.079138
1987,2,16,-56.61111,-131.5,8.0796175
1987,2,17,-56.61111,-130.5,8.080134
1987,2,18,-56.61111,-129.5,8.080573
1987,2,19,-56.61111,-128.5,8.080839
1987,3,0,-56.05677,-147.5,8.072506
1987,3,1,-56.05677,-146.5,8.073073
1987,3,2,-56.05677,-145.5,8.073981
1987,3,3,-56.05677,-144.5,8.074565
1987,3,4,-56.05677,-143.5,8.075284
1987,3,5,-56.05677,-142.5,8.075578
1987,3,6,-56.05677,-141.5,8.075978
1987,3,7,-56.05677,-140.5,8.076152
1987,3,8,-56.05677,-139.5,8.076407
1987,3,9,-56.05677,-138.5,8.0768175
1987,3,10,-56.05677,-137.5,8.077221
1987,3,11,-56.05677,-136.5,8.077851
1987,3,12,-56.05677,-135.5,8.078292
1987,3,13,-56.05677,-134.5,8.078609
1987,3,14,-56.05677,-133.5,8.079284
1987,3,15,-56.05677,-132.5,8.079846
1987,3,16,-56.05677,-131.5,8.080442
1987,3,17,-56.05677,-130.5,8.081029
1987,3,18,-56.05677,-129.5,8.081504
1987,3,19,-56.05677,-128.5,8.081711
1987,4,0,-55.494347,-147.5,8.074936
1987,4,1,-55.494347,-146.5,8.075076
1987,4,2,-55.494347,-145.5,8.075789
1987,4,3,-55.494347,-144.5,8.075874
1987,4,4,-55.494347,-143.5,8.076091
1987,4,5,-55.494347,-142.5,8.076203
1987,4,6,-55.494347,-141.5,8.076697
1987,4,7,-55.494347,-140.5,8.0765
1987,4,8,-55.494347,-139.5,8.076852
1987,4,9,-55.494347,-138.5,8.077312
1987,4,10,-55.494347,-137.5,8.077722
1987,4,11,-55.494347,-136.5,8.078473
1987,4,12,-55.494347,-135.5,8.078935
1987,4,13,-55.494347,-134.5,8.079282
1987,4,14,-55.494347,-133.5,8.079876
1987,4,15,-55.494347,-132.5,8.080412
1987,4,16,-55.494347,-131.5,8.080962
1987,4,17,-55.494347,-130.5,8.081531
1987,4,18,-55.494347,-129.5,8.0819845
1987,4,19,-55.494347,-128.5,8.082234
1987,5,0,-54.923775,-147.5,8.077195
1987,5,1,-54.923775,-146.5,8.077121
1987,5,2,-54.923775,-145.5,8.0775795
1987,5,3,-54.923775,-144.5,8.077395
1987,5,4,-54.923775,-143.5,8.077442
1987,5,5,-54.923775,-142.5,8.07758
1987,5,6,-54.923775,-141.5,8.077992
1987,5,7,-54.923775,-140.5,8.0777855
1987,5,8,-54.923775,-139.5,8.078161
1987,5,9,-54.923775,-138.5,8.078352
1987,5,10,-54.923775,-137.5,8.078595
1987,5,11,-54.923775,-136.5,8.0792265
1987,5,12,-54.923775,-135.5,8.079772
1987,5,13,-54.923775,-134.5,8.080088
1987,5,14,-54.923775,-133.5,8.080665
1987,5,15,-54.923775,-132.5,8.08121
1987,5,16,-54.923775,-131.5,8.081706
1987,5,17,-54.923775,-130.5,8.082084
1987,5,18,-54.923775,-129.5,8.082496
1987,5,19,-54.923775,-128.5,8.082577
1987,6,0,-54.344994,-147.5,8.077845
1987,6,1,-54.344994,-146.5,8.077633
1987,6,2,-54.344994,-145.5,8.078031
1987,6,3,-54.344994,-144.5,8.077776
1987,6,4,-54.344994,-143.5,8.078015
1987,6,5,-54.344994,-142.5,8.07838
1987,6,6,-54.344994,-141.5,8.0788965
1987,6,7,-54.344994,-140.5,8.078904
1987,6,8,-54.344994,-139.5,8.079427
1987,6,9,-54.344994,-138.5,8.079644
1987,6,10,-54.344994,-137.5,8.079814
1987,6,11,-54.344994,-136.5,8.080347
1987,6,12,-54.344994,-135.5,8.080804
1987,6,13,-54.344994,-134.5,8.081149
1987,6,14,-54.344994,-133.5,8.081706
1987,6,15,-54.344994,-132.5,8.082112
1987,6,16,-54.344994,-131.5,8.082576
1987,6,17,-54.344994,-130.5,8.08286
1987,6,18,-54.344994,-129.5,8.083198
1987,6,19,-54.344994,-128.5,8.083143
1987,7,0,-53.75795,-147.5,8.078464
1987,7,1,-53.75795,-146.5,8.078498
1987,7,2,-53.75795,-145.5,8.079058
1987,7,3,-53.75795,-144.5,8.079112
1987,7,4,-53.75795,-143.5,8.079624
1987,7,5,-53.75795,-142.5,8.080281
1987,7,6,-53.75795,-141.5,8.080781
1987,7,7,-53.75795,-140.5,8.080881
1987,7,8,-53.75795,-139.5,8.081234
1987,7,9,-53.75795,-138.5,8.081418
1987,7,10,-53.75795,-137.5,8.081401
1987,7,11,-53.75795,-136.5,8.081726
1987,7,12,-53.75795,-135.5,8.082151
1987,7,13,-53.75795,-134.5,8.082535
1987,7,14,-53.75795,-133.5,8.082778
1987,7,15,-53.75795,-132.5,8.083128
1987,7,16,-53.75795,-131.5,8.083506
1987,7,17,-53.75795,-130.5,8.083489
1987,7,18,-53.75795,-129.5,8.083625
1987,7,19,-53.75795,-128.5,8.083325
1987,8,0,-53.162582,-147.5,8.07939
1987,8,1,-53.162582,-146.5,8.079653
1987,8,2,-53.162582,-145.5,8.080451
1987,8,3,-53.162582,-144.5,8.080845
1987,8,4,-53.162582,-143.5,8.081639
1987,8,5,-53.162582,-142.5,8.082317
1987,8,6,-53.162582,-141.5,8.082873
1987,8,7,-53.162582,-140.5,8.082912
1987,8,8,-53.162582,-139.5,8.083135
1987,8,9,-53.162582,-138.5,8.083183
1987,8,10,-53.162582,-137.5,8.083066
1987,8,11,-53.162582,-136.5,8.083195
1987,8,12,-53.162582,-135.5,8.0835
1987,8,13,-53.162582,-134.5,8.083735
1987,8,14,-53.162582,-133.5,8.083913
1987,8,15,-53.162582,-132.5,8.084092
1987,8,16,-53.162582,-131.5,8.084315
1987,8,17,-53.162582,-130.5,8.084088
1987,8,18,-53.162582,-129.5,8.084112
1987,8,19,-53.162582,-128.5,8.083794
1987,9,0,-52.558838,-147.5,8.081435
1987,9,1,-52.558838,-146.5,8.081914
1987,9,2,-52.558838,-145.5,8.082852
1987,9,3,-52.558838,-144.5,8.083382
1987,9,4,-52.558838,-143.5,8.08421
1987,9,5,-52.558838,-142.5,8.084762
1987,9,6,-52.558838,-141.5,8.08519
1987,9,7,-52.558838,-140.5,8.085242
1987,9,8,-52.558838,-139.5,8.08537
1987,9,9,-52.558838,-138.5,8.085217
1987,9,10,-52.558838,-137.5,8.084941
1987,9,11,-52.558838,-136.5,8.084949
1987,9,12,-52.558838,-135.5,8.085119
1987,9,13,-52.558838,-134.5,8.085236
1987,9,14,-52.558838,-133.5,8.085184
1987,9,15,-52.558838,-132.5,8.085139
1987,9,16,-52.558838,-131.5,8.08528
1987,9,17,-52.558838,-130.5,8.084958
1987,9,18,-52.558838,-129.5,8.0849495
1987,9,19,-52.558838,-128.5,8.084445
1987,10,0,-51.946674,-147.5,8.084171
1987,10,1,-51.946674,-146.5,8.084731
1987,10,2,-51.946674,-145.5,8.085614
1987,10,3,-51.946674,-144.5,8.086117
1987,10,4,-51.946674,-143.5,8.086909
1987,10,5,-51.946674,-142.5,8.087222
1987,10,6,-51.946674,-141.5,8.087522
1987,10,7,-51.946674,-140.5,8.08749
1987,10,8,-51.946674,-139.5,8.087564
1987,10,9,-51.946674,-138.5,8.087264
1987,10,10,-51.946674,-137.5,8.086881
1987,10,11,-51.946674,-136.5,8.086661
1987,10,12,-51.946674,-135.5,8.086631
1987,10,13,-51.946674,-134.5,8.08661
1987,10,14,-51.946674,-133.5,8.08645
1987,10,15,-51.946674,-132.5,8.086347
1987,10,16,-51.946674,-131.5,8.086342
1987,10,17,-51.946674,-130.5,8.085784
1987,10,18,-51.946674,-129.5,8.085746
1987,10,19,-51.946674,-128.5,8.084932
1987,11,0,-51.326035,-147.5,8.087077
1987,11,1,-51.326035,-146.5,8.087697
1987,11,2,-51.326035,-145.5,8.088444
1987,11,3,-51.326035,-144.5,8.088782
1987,11,4,-51.326035,-143.5,8.089189
1987,11,5,-51.326035,-142.5,8.089297
1987,11,6,-51.326035,-141.5,8.089526
1987,11,7,-51.326035,-140.5,8.089484
1987,11,8,-51.326035,-139.5,8.089524
1987,11,9,-51.326035,-138.5,8.089214
1987,11,10,-51.326035,-137.5,8.088803
1987,11,11,-51.326035,-136.5,8.088474
1987,11,12,-51.326035,-135.5,8.088059
1987,11,13,-51.326035,-134.5,8.087784
1987,11,14,-51.326035,-133.5,8.087468
1987,11,15,-51.326035,-132.5,8.087226
1987,11,16,-51.326035,-131.5,8.087125
1987,11,17,-51.326035,-130.5,8.086546
1987,11,18,-51.326035,-129.5,8.086499
1987,11,19,-51.326035,-128.5,8.08574
1987,12,0,-50.696884,-147.5,8.090007
1987,12,1,-50.696884,-146.5,8.090614
1987,12,2,-50.696884,-145.5,8.0910635
1987,12,3,-50.696884,-144.5,8.091215
1987,12,4,-50.696884,-143.5,8.09142
1987,12,5,-50.696884,-142.5,8.091416
1987,12,6,-50.696884,-141.5,8.09146
1987,12,7,-50.696884,-140.5,8.091235
1987,12,8,-50.696884,-139.5,8.091177
1987,12,9,-50.696884,-138.5,8.0908985
1987,12,10,-50.696884,-137.5,8.090489
1987,12,11,-50.696884,-136.5,8.090064
1987,12,12,-50.696884,-135.5,8.089352
1987,12,13,-50.696884,-134.5,8.088878
1987,12,14,-50.696884,-133.5,8.088517
1987,12,15,-50.696884,-132.5,8.088176
1987,12,16,-50.696884,-131.5,8.087977
1987,12,17,-50.696884,-130.5,8.087426
1987,12,18,-50.696884,-129.5,8.087263
1987,12,19,-50.696884,-128.5,8.086564
1987,13,0,-50.059177,-147.5,8.092751
1987,13,1,-50.059177,-146.5,8.093208
1987,13,2,-50.059177,-145.5,8.0934725
1987,13,3,-50.059177,-144.5,8.093529
1987,13,4,-50.059177,-143.5,8.093639
1987,13,5,-50.059177,-142.5,8.093488
1987,13,6,-50.059177,-141.5,8.093318
1987,13,7,-50.059177,-140.5,8.092875
1987,13,8,-50.059177,-139.5,8.09253
1987,13,9,-50.059177,-138.5,8.092116
1987,13,10,-50.059177,-137.5,8.09166
1987,13,11,-50.059177,-136.5,8.091242
1987,13,12,-50.059177,-135.5,8.09048
1987,13,13,-50.059177,-134.5,8.089963
1987,13,14,-50.059177,-133.5,8.089481
1987,13,15,-50.059177,-132.5,8.089047
1987,13,16,-50.059177,-131.5,8.088794
1987,13,17,-50.059177,-130.5,8.088219
1987,13,18,-50.059177,-129.5,8.088012
1987,13,19,-50.059177,-128.5,8.087403
1987,14,0,-49.41288,-147.5,8.095011
1987,14,1,-49.41288,-146.5,8.095444
1987,14,2,-49.41288,-145.5,8.095538
1987,14,3,-49.41288,-144.5,8.095477
1987,14,4,-49.41288,-143.5,8.095412
1987,14,5,-49.41288,-142.5,8.095113
1987,14,6,-49.41288,-141.5,8.094787
1987,14,7,-49.41288,-140.5,8.094231
1987,14,8,-49.41288,-139.5,8.093755
1987,14,9,-49.41288,-138.5,8.093349
1987,14,10,-49.41288,-137.5,8.0929
1987,14,11,-49.41288,-136.5,8.092385
1987,14,12,-49.41288,-135.5,8.091456
1987,14,13,-49.41288,-134.5,8.090871
1987,14,14,-49.41288,-133.5,8.090148
1987,14,15,-49.41288,-132.5,8.089618
1987,14,16,-49.41288,-131.5,8.089292
1987,14,17,-49.41288,-130.5,8.088726
1987,14,18,-49.41288,-129.5,8.088487
1987,14,19,-49.41288,-128.5,8.088043
1987,15,0,-48.757957,-147.5,8.096793
1987,15,1,-48.757957,-146.5,8.097002
1987,15,2,-48.757957,-145.5,8.096847
1987,15,3,-48.757957,-144.5,8.0966
1987,15,4,-48.757957,-143.5,8.096397
1987,15,5,-48.757957,-142.5,8.095978
1987,15,6,-48.757957,-141.5,8.095564
1987,15,7,-48.757957,-140.5,8.095073
1987,15,8,-48.757957,-139.5,8.094631
1987,15,9,-48.757957,-138.5,8.094137
1987,15,10,-48.757957,-137.5,8.09372
1987,15,11,-48.757957,-136.5,8.093159
1987,15,12,-48.757957,-135.5,8.092102
1987,15,13,-48.757957,-134.5,8.091422
1987,15,14,-48.757957,-133.5,8.090742
1987,15,15,-48.757957,-132.5,8.09012
1987,15,16,-48.757957,-131.5,8.089601
1987,15,17,-48.757957,-130.5,8.089175
1987,15,18,-48.757957,-129.5,8.088937
1987,15,19,-48.757957,-128.5,8.088702
1987,16,0,-48.094387,-147.5,8.098092
1987,16,1,-48.094387,-146.5,8.098072
1987,16,2,-48.094387,-145.5,8.0976
1987,16,3,-48.094387,-144.5,8.097232
1987,16,4,-48.094387,-143.5,8.0969515
1987,16,5,-48.094387,-142.5,8.096478
1987,16,6,-48.094387,-141.5,8.096053
1987,16,7,-48.094387,-140.5,8.095635
1987,16,8,-48.094387,-139.5,8.095298
1987,16,9,-48.094387,-138.5,8.094832
1987,16,10,-48.094387,-137.5,8.094441
1987,16,11,-48.094387,-136.5,8.093947
1987,16,12,-48.094387,-135.5,8.092973
1987,16,13,-48.094387,-134.5,8.092389
1987,16,14,-48.094387,-133.5,8.091712
1987,16,15,-48.094387,-132.5,8.091002
1987,16,16,-48.094387,-131.5,8.090336
1987,16,17,-48.094387,-130.5,8.089715
1987,16,18,-48.094387,-129.5,8.089334
1987,16,19,-48.094387,-128.5,8.089156
1987,17,0,-47.422142,-147.5,8.098468
1987,17,1,-47.422142,-146.5,8.0983095
1987,17,2,-47.422142,-145.5,8.097938
1987,17,3,-47.422142,-144.5,8.097653
1987,17,4,-47.422142,-143.5,8.097259
1987,17,5,-47.422142,-142.5,8.096719
1987,17,6,-47.422142,-141.5,8.096311
1987,17,7,-47.422142,-140.5,8.095913
1987,17,8,-47.422142,-139.5,8.095665
1987,17,9,-47.422142,-138.5,8.095352
1987,17,10,-47.422142,-137.5,8.095059
1987,17,11,-47.422142,-136.5,8.094644
1987,17,12,-47.422142,-135.5,8.093734
1987,17,13,-47.422142,-134.5,8.093168
1987,17,14,-47.422142,-133.5,8.092565
1987,17,15,-47.422142,-132.5,8.092008
1987,17,16,-47.422142,-131.5,8.091412
1987,17,17,-47.422142,-130.5,8.090808
1987,17,18,-47.422142,-129.5,8.090541
1987,17,19,-47.422142,-128.5,8.090219
1987,18,0,-46.7412,-147.5,8.098681
1987,18,1,-46.7412,-146.5,8.098401
1987,18,2,-46.7412,-145.5,8.09796
1987,18,3,-46.7412,-144.5,8.097674
1987,18,4,-46.7412,-143.5,8.097325
1987,18,5,-46.7412,-142.5,8.096884
1987,18,6,-46.7412,-141.5,8.096528
1987,18,7,-46.7412,-140.5,8.096183
1987,18,8,-46.7412,-139.5,8.096044
1987,18,9,-46.7412,-138.5,8.095909
1987,18,10,-46.7412,-137.5,8.095648
1987,18,11,-46.7412,-136.5,8.095366
1987,18,12,-46.7412,-135.5,8.094624
1987,18,13,-46.7412,-134.5,8.094141
1987,18,14,-46.7412,-133.5,8.093641
1987,18,15,-46.7412,-132.5,8.093244
1987,18,16,-46.7412,-131.5,8.092842
1987,18,17,-46.7412,-130.5,8.092325
1987,18,18,-46.7412,-129.5,8.092277
1987,18,19,-46.7412,-128.5,8.091924
1987,19,0,-46.051548,-147.5,8.098394
1987,19,1,-46.051548,-146.5,8.098123
1987,19,2,-46.051548,-145.5,8.097605
1987,19,3,-46.051548,-144.5,8.097453
1987,19,4,-46.051548,-143.5,8.097116
1987,19,5,-46.051548,-142.5,8.096744
1987,19,6,-46.051548,-141.5,8.096439
1987,19,7,-46.051548,-140.5,8.096045
1987,19,8,-46.051548,-139.5,8.095946
1987,19,9,-46.051548,-138.5,8.095712
1987,19,10,-46.051548,-137.5,8.095538
1987,19,11,-46.051548,-136.5,8.095415
1987,19,12,-46.051548,-135.5,8.095028
1987,19,13,-46.051548,-134.5,8.094614
1987,19,14,-46.051548,-133.5,8.094359
1987,19,15,-46.051548,-132.5,8.094256
1987,19,16,-46.051548,-131.5,8.094094
1987,19,17,-46.051548,-130.5,8.093677
1987,19,18,-46.051548,-129.5,8.093498
1987,19,19,-46.051548,-128.5,8.093341
1988,0,0,-57.695797,-147.5,8.072253
1988,0,1,-57.695797,-146.5,8.072806
1988,0,2,-57.695797,-145.5,8.074317
1988,0,3,-57.695797,-144.5,8.075394
1988,0,4,-57.695797,-143.5,8.077162
1988,0,5,-57.695797,-142.5,8.078395
1988,0,6,-57.695797,-141.5,8.078984
1988,0,7,-57.695797,-140.5,8.0797415
1988,0,8,-57.695797,-139.5,8.080319
1988,0,9,-57.695797,-138.5,8.080717
1988,0,10,-57.695797,-137.5,8.0808525
1988,0,11,-57.695797,-136.5,8.081019
1988,0,12,-57.695797,-135.5,8.08114
1988,0,13,-57.695797,-134.5,8.081035
1988,0,14,-57.695797,-133.5,8.081261
1988,0,15,-57.695797,-132.5,8.081216
1988,0,16,-57.695797,-131.5,8.081103
1988,0,17,-57.695797,-130.5,8.081342
1988,0,18,-57.695797,-129.5,8.081576
1988,0,19,-57.695797,-128.5,8.081776
1988,1,0,-57.15743,-147.5,8.073712
1988,1,1,-57.15743,-146.5,8.074406
1988,1,2,-57.15743,-145.5,8.075277
1988,1,3,-57.15743,-144.5,8.076253
1988,1,4,-57.15743,-143.5,8.077785
1988,1,5,-57.15743,-142.5,8.078687
1988,1,6,-57.15743,-141.5,8.079087
1988,1,7,-57.15743,-140.5,8.079803
1988,1,8,-57.15743,-139.5,8.080226
1988,1,9,-57.15743,-138.5,8.080614
1988,1,10,-57.15743,-137.5,8.080846
1988,1,11,-57.15743,-136.5,8.081086
1988,1,12,-57.15743,-135.5,8.081277
1988,1,13,-57.15743,-134.5,8.081086
1988,1,14,-57.15743,-133.5,8.081236
1988,1,15,-57.15743,-132.5,8.081279
1988,1,16,-57.15743,-131.5,8.081214
1988,1,17,-57.15743,-130.5,8.081563
1988,1,18,-57.15743,-129.5,8.081971
1988,1,19,-57.15743,-128.5,8.082302
1988,2,0,-56.61111,-147.5,8.074842
1988,2,1,-56.61111,-146.5,8.075759
1988,2,2,-56.61111,-145.5,8.076562
1988,2,3,-56.61111,-144.5,8.077489
1988,2,4,-56.61111,-143.5,8.078557
1988,2,5,-56.61111,-142.5,8.078897
1988,2,6,-56.61111,-141.5,8.079101
1988,2,7,-56.61111,-140.5,8.079698
1988,2,8,-56.61111,-139.5,8.080062
1988,2,9,-56.61111,-138.5,8.080491
1988,2,10,-56.61111,-137.5,8.080855
1988,2,11,-56.61111,-136.5,8.081248
1988,2,12,-56.61111,-135.5,8.081382
1988,2,13,-56.61111,-134.5,8.08105
1988,2,14,-56.61111,-133.5,8.081145
1988,2,15,-56.61111,-132.5,8.08129
1988,2,16,-56.61111,-131.5,8.08137
1988,2,17,-56.61111,-130.5,8.081959
1988,2,18,-56.61111,-129.5,8.082465
1988,2,19,-56.61111,-128.5,8.082926
1988,3,0,-56.05677,-147.5,8.076991
1988,3,1,-56.05677,-146.5,8.077809
1988,3,2,-56.05677,-145.5,8.0784235
1988,3,3,-56.05677,-144.5,8.078724
1988,3,4,-56.05677,-143.5,8.078947
1988,3,5,-56.05677,-142.5,8.078673
1988,3,6,-56.05677,-141.5,8.078933
1988,3,7,-56.05677,-140.5,8.079251
1988,3,8,-56.05677,-139.5,8.079755
1988,3,9,-56.05677,-138.5,8.080199
1988,3,10,-56.05677,-137.5,8.080611
1988,3,11,-56.05677,-136.5,8.081054
1988,3,12,-56.05677,-135.5,8.081145
1988,3,13,-56.05677,-134.5,8.080819
1988,3,14,-56.05677,-133.5,8.081004
1988,3,15,-56.05677,-132.5,8.081382
1988,3,16,-56.05677,-131.5,8.081707
1988,3,17,-56.05677,-130.5,8.082554
1988,3,18,-56.05677,-129.5,8.083228
1988,3,19,-56.05677,-128.5,8.083787
1988,4,0,-55.494347,-147.5,8.07755
1988,4,1,-55.494347,-146.5,8.078008
1988,4,2,-55.494347,-145.5,8.078393
1988,4,3,-55.494347,-144.5,8.078183
1988,4,4,-55.494347,-143.5,8.078069
1988,4,5,-55.494347,-142.5,8.078067
1988,4,6,-55.494347,-141.5,8.078708
1988,4,7,-55.494347,-140.5,8.078728
1988,4,8,-55.494347,-139.5,8.079472
1988,4,9,-55.494347,-138.5,8.080034
1988,4,10,-55.494347,-137.5,8.080432
1988,4,11,-55.494347,-136.5,8.08098
1988,4,12,-55.494347,-135.5,8.081117
1988,4,13,-55.494347,-134.5,8.08093
1988,4,14,-55.494347,-133.5,8.081292
1988,4,15,-55.494347,-132.5,8.081834
1988,4,16,-55.494347,-131.5,8.082274
1988,4,17,-55.494347,-130.5,8.083228
1988,4,18,-55.494347,-129.5,8.083916
1988,4,19,-55.494347,-128.5,8.084468
1988,5,0,-54.923775,-147.5,8.077964
1988,5,1,-54.923775,-146.5,8.078382
1988,5,2,-54.923775,-145.5,8.078614
1988,5,3,-54.923775,-144.5,8.078522
1988,5,4,-54.923775,-143.5,8.0787115
1988,5,5,-54.923775,-142.5,8.079045
1988,5,6,-54.923775,-141.5,8.079644
1988,5,7,-54.923775,-140.5,8.079671
1988,5,8,-54.923775,-139.5,8.080258
1988,5,9,-54.923775,-138.5,8.080642
1988,5,10,-54.923775,-137.5,8.080945
1988,5,11,-54.923775,-136.5,8.081482
1988,5,12,-54.923775,-135.5,8.081613
1988,5,13,-54.923775,-134.5,8.08155
1988,5,14,-54.923775,-133.5,8.081947
1988,5,15,-54.923775,-132.5,8.082525
1988,5,16,-54.923775,-131.5,8.083024
1988,5,17,-54.923775,-130.5,8.0838995
1988,5,18,-54.923775,-129.5,8.084651
1988,5,19,-54.923775,-128.5,8.084839
1988,6,0,-54.344994,-147.5,8.0778475
1988,6,1,-54.344994,-146.5,8.07834
1988,6,2,-54.344994,-145.5,8.07871
1988,6,3,-54.344994,-144.5,8.078937
1988,6,4,-54.344994,-143.5,8.0794115
1988,6,5,-54.344994,-142.5,8.079856
1988,6,6,-54.344994,-141.5,8.080396
1988,6,7,-54.344994,-140.5,8.080463
1988,6,8,-54.344994,-139.5,8.080981
1988,6,9,-54.344994,-138.5,8.081268
1988,6,10,-54.344994,-137.5,8.081523
1988,6,11,-54.344994,-136.5,8.0819845
1988,6,12,-54.344994,-135.5,8.082182
1988,6,13,-54.344994,-134.5,8.082259
1988,6,14,-54.344994,-133.5,8.082816
1988,6,15,-54.344994,-132.5,8.08344
1988,6,16,-54.344994,-131.5,8.083919
1988,6,17,-54.344994,-130.5,8.084727
1988,6,18,-54.344994,-129.5,8.08533
1988,6,19,-54.344994,-128.5,8.085423
1988,7,0,-53.75795,-147.5,8.078803
1988,7,1,-53.75795,-146.5,8.079289
1988,7,2,-53.75795,-145.5,8.079859
1988,7,3,-53.75795,-144.5,8.080315
1988,7,4,-53.75795,-143.5,8.080773
1988,7,5,-53.75795,-142.5,8.081074
1988,7,6,-53.75795,-141.5,8.08147
1988,7,7,-53.75795,-140.5,8.081636
1988,7,8,-53.75795,-139.5,8.082061
1988,7,9,-53.75795,-138.5,8.082257
1988,7,10,-53.75795,-137.5,8.082415
1988,7,11,-53.75795,-136.5,8.082847
1988,7,12,-53.75795,-135.5,8.083064
1988,7,13,-53.75795,-134.5,8.083284
1988,7,14,-53.75795,-133.5,8.083787
1988,7,15,-53.75795,-132.5,8.084435
1988,7,16,-53.75795,-131.5,8.08487
1988,7,17,-53.75795,-130.5,8.08553
1988,7,18,-53.75795,-129.5,8.085916
1988,7,19,-53.75795,-128.5,8.085781
1988,8,0,-53.162582,-147.5,8.079749
1988,8,1,-53.162582,-146.5,8.080292
1988,8,2,-53.162582,-145.5,8.080881
1988,8,3,-53.162582,-144.5,8.081466
1988,8,4,-53.162582,-143.5,8.08198
1988,8,5,-53.162582,-142.5,8.082258
1988,8,6,-53.162582,-141.5,8.082642
1988,8,7,-53.162582,-140.5,8.082811
1988,8,8,-53.162582,-139.5,8.083155
1988,8,9,-53.162582,-138.5,8.0833025
1988,8,10,-53.162582,-137.5,8.083441
1988,8,11,-53.162582,-136.5,8.083782
1988,8,12,-53.162582,-135.5,8.08393
1988,8,13,-53.162582,-134.5,8.084128
1988,8,14,-53.162582,-133.5,8.084683
1988,8,15,-53.162582,-132.5,8.085288
1988,8,16,-53.162582,-131.5,8.085699
1988,8,17,-53.162582,-130.5,8.086221
1988,8,18,-53.162582,-129.5,8.086482
1988,8,19,-53.162582,-128.5,8.086271
1988,9,0,-52.558838,-147.5,8.081134
1988,9,1,-52.558838,-146.5,8.081725
1988,9,2,-52.558838,-145.5,8.0823145
1988,9,3,-52.558838,-144.5,8.082969
1988,9,4,-52.558838,-143.5,8.083424
1988,9,5,-52.558838,-142.5,8.08368
1988,9,6,-52.558838,-141.5,8.084008
1988,9,7,-52.558838,-140.5,8.084065
1988,9,8,-52.558838,-139.5,8.084283
1988,9,9,-52.558838,-138.5,8.084306
1988,9,10,-52.558838,-137.5,8.08445
1988,9,11,-52.558838,-136.5,8.084746
1988,9,12,-52.558838,-135.5,8.084929
1988,9,13,-52.558838,-134.5,8.0851145
1988,9,14,-52.558838,-133.5,8.085673
1988,9,15,-52.558838,-132.5,8.086258
1988,9,16,-52.558838,-131.5,8.086677
1988,9,17,-52.558838,-130.5,8.086864
1988,9,18,-52.558838,-129.5,8.08697
1988,9,19,-52.558838,-128.5,8.086659
1988,10,0,-51.946674,-147.5,8.0826645
1988,10,1,-51.946674,-146.5,8.08333
1988,10,2,-51.946674,-145.5,8.083909
1988,10,3,-51.946674,-144.5,8.0845375
1988,10,4,-51.946674,-143.5,8.084967
1988,10,5,-51.946674,-142.5,8.085206
1988,10,6,-51.946674,-141.5,8.085439
1988,10,7,-51.946674,-140.5,8.085347
1988,10,8,-51.946674,-139.5,8.085444
1988,10,9,-51.946674,-138.5,8.085401
1988,10,10,-51.946674,-137.5,8.085515
1988,10,11,-51.946674,-136.5,8.085827
1988,10,12,-51.946674,-135.5,8.086011
1988,10,13,-51.946674,-134.5,8.086197
1988,10,14,-51.946674,-133.5,8.08664
1988,10,15,-51.946674,-132.5,8.087036
1988,10,16,-51.946674,-131.5,8.087244
1988,10,17,-51.946674,-130.5,8.087243
1988,10,18,-51.946674,-129.5,8.087245
1988,10,19,-51.946674,-128.5,8.086848
1988,11,0,-51.326035,-147.5,8.084442
1988,11,1,-51.326035,-146.5,8.085071
1988,11,2,-51.326035,-145.5,8.08544
1988,11,3,-51.326035,-144.5,8.086005
1988,11,4,-51.326035,-143.5,8.086393
1988,11,5,-51.326035,-142.5,8.086527
1988,11,6,-51.326035,-141.5,8.086773
1988,11,7,-51.326035,-140.5,8.086673
1988,11,8,-51.326035,-139.5,8.08664
1988,11,9,-51.326035,-138.5,8.086684
1988,11,10,-51.326035,-137.5,8.086695
1988,11,11,-51.326035,-136.5,8.086971
1988,11,12,-51.326035,-135.5,8.08703
1988,11,13,-51.326035,-134.5,8.087119
1988,11,14,-51.326035,-133.5,8.087303
1988,11,15,-51.326035,-132.5,8.087331
1988,11,16,-51.326035,-131.5,8.087349
1988,11,17,-51.326035,-130.5,8.087276
1988,11,18,-51.326035,-129.5,8.087233
1988,11,19,-51.326035,-128.5,8.086841
1988,12,0,-50.696884,-147.5,8.08641
1988,12,1,-50.696884,-146.5,8.086897
1988,12,2,-50.696884,-145.5,8.087018
1988,12,3,-50.696884,-144.5,8.08743
1988,12,4,-50.696884,-143.5,8.087627
1988,12,5,-50.696884,-142.5,8.087626
1988,12,6,-50.696884,-141.5,8.087791
1988,12,7,-50.696884,-140.5,8.087682
1988,12,8,-50.696884,-139.5,8.087659
1988,12,9,-50.696884,-138.5,8.087726
1988,12,10,-50.696884,-137.5,8.087779
1988,12,11,-50.696884,-136.5,8.08794
1988,12,12,-50.696884,-135.5,8.087887
1988,12,13,-50.696884,-134.5,8.087817
1988,12,14,-50.696884,-133.5,8.087798
1988,12,15,-50.696884,-132.5,8.087727
1988,12,16,-50.696884,-131.5,8.0876045
1988,12,17,-50.696884,-130.5,8.0873575
1988,12,18,-50.696884,-129.5,8.087187
1988,12,19,-50.696884,-128.5,8.086774
1988,13,0,-50.059177,-147.5,8.088567
1988,13,1,-50.059177,-146.5,8.088808
1988,13,2,-50.059177,-145.5,8.088821
1988,13,3,-50.059177,-144.5,8.088994
1988,13,4,-50.059177,-143.5,8.089008
1988,13,5,-50.059177,-142.5,8.088967
1988,13,6,-50.059177,-141.5,8.089126
1988,13,7,-50.059177,-140.5,8.089015
1988,13,8,-50.059177,-139.5,8.088997
1988,13,9,-50.059177,-138.5,8.088973
1988,13,10,-50.059177,-137.5,8.088935
1988,13,11,-50.059177,-136.5,8.088912
1988,13,12,-50.059177,-135.5,8.08886
1988,13,13,-50.059177,-134.5,8.088738
1988,13,14,-50.059177,-133.5,8.088609
1988,13,15,-50.059177,-132.5,8.088346
1988,13,16,-50.059177,-131.5,8.088164
1988,13,17,-50.059177,-130.5,8.087853
1988,13,18,-50.059177,-129.5,8.087604
1988,13,19,-50.059177,-128.5,8.087167
1988,14,0,-49.41288,-147.5,8.090474
1988,14,1,-49.41288,-146.5,8.090449
1988,14,2,-49.41288,-145.5,8.090283
1988,14,3,-49.41288,-144.5,8.090205
1988,14,4,-49.41288,-143.5,8.090147
1988,14,5,-49.41288,-142.5,8.090049
1988,14,6,-49.41288,-141.5,8.090118
1988,14,7,-49.41288,-140.5,8.090005
1988,14,8,-49.41288,-139.5,8.08994
1988,14,9,-49.41288,-138.5,8.089873
1988,14,10,-49.41288,-137.5,8.089694
1988,14,11,-49.41288,-136.5,8.089546
1988,14,12,-49.41288,-135.5,8.089519
1988,14,13,-49.41288,-134.5,8.089418
1988,14,14,-49.41288,-133.5,8.089141
1988,14,15,-49.41288,-132.5,8.088828
1988,14,16,-49.41288,-131.5,8.088651
1988,14,17,-49.41288,-130.5,8.088361
1988,14,18,-49.41288,-129.5,8.088104
1988,14,19,-49.41288,-128.5,8.087654
1988,15,0,-48.757957,-147.5,8.092286
1988,15,1,-48.757957,-146.5,8.09208
1988,15,2,-48.757957,-145.5,8.091628
1988,15,3,-48.757957,-144.5,8.091541
1988,15,4,-48.757957,-143.5,8.091376
1988,15,5,-48.757957,-142.5,8.091137
1988,15,6,-48.757957,-141.5,8.091102
1988,15,7,-48.757957,-140.5,8.091039
1988,15,8,-48.757957,-139.5,8.090972
1988,15,9,-48.757957,-138.5,8.090906
1988,15,10,-48.757957,-137.5,8.090689
1988,15,11,-48.757957,-136.5,8.090372
1988,15,12,-48.757957,-135.5,8.090151
1988,15,13,-48.757957,-134.5,8.089928
1988,15,14,-48.757957,-133.5,8.089659
1988,15,15,-48.757957,-132.5,8.089378
1988,15,16,-48.757957,-131.5,8.0891905
1988,15,17,-48.757957,-130.5,8.088833
1988,15,18,-48.757957,-129.5,8.088638
1988,15,19,-48.757957,-128.5,8.088288
1988,16,0,-48.094387,-147.5,8.093898
1988,16,1,-48.094387,-146.5,8.093499
1988,16,2,-48.094387,-145.5,8.092891
1988,16,3,-48.094387,-144.5,8.092662
1988,16,4,-48.094387,-143.5,8.092421
1988,16,5,-48.094387,-142.5,8.092149
1988,16,6,-48.094387,-141.5,8.092074
1988,16,7,-48.094387,-140.5,8.0919695
1988,16,8,-48.094387,-139.5,8.091871
1988,16,9,-48.094387,-138.5,8.0917425
1988,16,10,-48.094387,-137.5,8.091453
1988,16,11,-48.094387,-136.5,8.091115
1988,16,12,-48.094387,-135.5,8.090707
1988,16,13,-48.094387,-134.5,8.09038
1988,16,14,-48.094387,-133.5,8.090022
1988,16,15,-48.094387,-132.5,8.089759
1988,16,16,-48.094387,-131.5,8.089562
1988,16,17,-48.094387,-130.5,8.089263
1988,16,18,-48.094387,-129.5,8.089029
1988,16,19,-48.094387,-128.5,8.088723
1988,17,0,-47.422142,-147.5,8.095195
1988,17,1,-47.422142,-146.5,8.094628
1988,17,2,-47.422142,-145.5,8.094004
1988,17,3,-47.422142,-144.5,8.093745
1988,17,4,-47.422142,-143.5,8.093497
1988,17,5,-47.422142,-142.5,8.093135
1988,17,6,-47.422142,-141.5,8.092906
1988,17,7,-47.422142,-140.5,8.092727
1988,17,8,-47.422142,-139.5,8.092631
1988,17,9,-47.422142,-138.5,8.092445
1988,17,10,-47.422142,-137.5,8.092191
1988,17,11,-47.422142,-136.5,8.091852
1988,17,12,-47.422142,-135.5,8.09154
1988,17,13,-47.422142,-134.5,8.091208
1988,17,14,-47.422142,-133.5,8.090784
1988,17,15,-47.422142,-132.5,8.090394
1988,17,16,-47.422142,-131.5,8.090166
1988,17,17,-47.422142,-130.5,8.089786
1988,17,18,-47.422142,-129.5,8.08967
1988,17,19,-47.422142,-128.5,8.089521
1988,18,0,-46.7412,-147.5,8.095975
1988,18,1,-46.7412,-146.5,8.095302
1988,18,2,-46.7412,-145.5,8.094703
1988,18,3,-46.7412,-144.5,8.094504
1988,18,4,-46.7412,-143.5,8.094296
1988,18,5,-46.7412,-142.5,8.09393
1988,18,6,-46.7412,-141.5,8.093715
1988,18,7,-46.7412,-140.5,8.093371
1988,18,8,-46.7412,-139.5,8.093194
1988,18,9,-46.7412,-138.5,8.093034
1988,18,10,-46.7412,-137.5,8.092793
1988,18,11,-46.7412,-136.5,8.092431
1988,18,12,-46.7412,-135.5,8.092137
1988,18,13,-46.7412,-134.5,8.091796
1988,18,14,-46.7412,-133.5,8.091357
1988,18,15,-46.7412,-132.5,8.090946
1988,18,16,-46.7412,-131.5,8.090734
1988,18,17,-46.7412,-130.5,8.090287
1988,18,18,-46.7412,-129.5,8.090268
1988,18,19,-46.7412,-128.5,8.090222
1988,19,0,-46.051548,-147.5,8.096279
1988,19,1,-46.051548,-146.5,8.095613
1988,19,2,-46.051548,-145.5,8.0950575
1988,19,3,-46.051548,-144.5,8.094877
1988,19,4,-46.051548,-143.5,8.094729
1988,19,5,-46.051548,-142.5,8.094301
1988,19,6,-46.051548,-141.5,8.094056
1988,19,7,-46.051548,-140.5,8.093783
1988,19,8,-46.051548,-139.5,8.093607
1988,19,9,-46.051548,-138.5,8.093379
1988,19,10,-46.051548,-137.5,8.093204
1988,19,11,-46.051548,-136.5,8.092965
1988,19,12,-46.051548,-135.5,8.092603
1988,19,13,-46.051548,-134.5,8.092245
1988,19,14,-46.051548,-133.5,8.0917845
1988,19,15,-46.051548,-132.5,8.091332
1988,19,16,-46.051548,-131.5,8.091296
1988,19,17,-46.051548,-130.5,8.090991
1988,19,18,-46.051548,-129.5,8.090973
1988,19,19,-46.051548,-128.5,8.090863
1989,0,0,-57.695797,-147.5,8.067815
1989,0,1,-57.695797,-146.5,8.068776
1989,0,2,-57.695797,-145.5,8.070259
1989,0,3,-57.695797,-144.5,8.070889
1989,0,4,-57.695797,-143.5,8.072239
1989,0,5,-57.695797,-142.5,8.073316
1989,0,6,-57.695797,-141.5,8.074075
1989,0,7,-57.695797,-140.5,8.074954
1989,0,8,-57.695797,-139.5,8.075923
1989,0,9,-57.695797,-138.5,8.076578
1989,0,10,-57.695797,-137.5,8.0771265
1989,0,11,-57.695797,-136.5,8.077695
1989,0,12,-57.695797,-135.5,8.078191
1989,0,13,-57.695797,-134.5,8.078521
1989,0,14,-57.695797,-133.5,8.079058
1989,0,15,-57.695797,-132.5,8.079421
1989,0,16,-57.695797,-131.5,8.079593
1989,0,17,-57.695797,-130.5,8.079864
1989,0,18,-57.695797,-129.5,8.080012
1989,0,19,-57.695797,-128.5,8.0803
1989,1,0,-57.15743,-147.5,8.068287
1989,1,1,-57.15743,-146.5,8.069859
1989,1,2,-57.15743,-145.5,8.07092
1989,1,3,-57.15743,-144.5,8.071552
1989,1,4,-57.15743,-143.5,8.072871
1989,1,5,-57.15743,-142.5,8.074031
1989,1,6,-57.15743,-141.5,8.074794
1989,1,7,-57.15743,-140.5,8.075713
1989,1,8,-57.15743,-139.5,8.076308
1989,1,9,-57.15743,-138.5,8.076702
1989,1,10,-57.15743,-137.5,8.077245
1989,1,11,-57.15743,-136.5,8.077884
1989,1,12,-57.15743,-135.5,8.078537
1989,1,13,-57.15743,-134.5,8.078867
1989,1,14,-57.15743,-133.5,8.079403
1989,1,15,-57.15743,-132.5,8.079778
1989,1,16,-57.15743,-131.5,8.079912
1989,1,17,-57.15743,-130.5,8.080289
1989,1,18,-57.15743,-129.5,8.080502
1989,1,19,-57.15743,-128.5,8.080825
1989,2,0,-56.61111,-147.5,8.069097
1989,2,1,-56.61111,-146.5,8.070758
1989,2,2,-56.61111,-145.5,8.071843
1989,2,3,-56.61111,-144.5,8.072685
1989,2,4,-56.61111,-143.5,8.074003
1989,2,5,-56.61111,-142.5,8.075089
1989,2,6,-56.61111,-141.5,8.075787
1989,2,7,-56.61111,-140.5,8.076567
1989,2,8,-56.61111,-139.5,8.076866
1989,2,9,-56.61111,-138.5,8.0771475
1989,2,10,-56.61111,-137.5,8.077526
1989,2,11,-56.61111,-136.5,8.07825
1989,2,12,-56.61111,-135.5,8.078895
1989,2,13,-56.61111,-134.5,8.079204
1989,2,14,-56.61111,-133.5,8.079751
1989,2,15,-56.61111,-132.5,8.080152
1989,2,16,-56.61111,-131.5,8.080296
1989,2,17,-56.61111,-130.5,8.080703
1989,2,18,-56.61111,-129.5,8.080963
1989,2,19,-56.61111,-128.5,8.081304
1989,3,0,-56.05677,-147.5,8.071736
1989,3,1,-56.05677,-146.5,8.072845
1989,3,2,-56.05677,-145.5,8.073949
1989,3,3,-56.05677,-144.5,8.074702
1989,3,4,-56.05677,-143.5,8.07579
1989,3,5,-56.05677,-142.5,8.076589
1989,3,6,-56.05677,-141.5,8.077176
1989,3,7,-56.05677,-140.5,8.077584
1989,3,8,-56.05677,-139.5,8.077798
1989,3,9,-56.05677,-138.5,8.077912
1989,3,10,-56.05677,-137.5,8.078018
1989,3,11,-56.05677,-136.5,8.078567
1989,3,12,-56.05677,-135.5,8.079187
1989,3,13,-56.05677,-134.5,8.079445
1989,3,14,-56.05677,-133.5,8.080104
1989,3,15,-56.05677,-132.5,8.080636
1989,3,16,-56.05677,-131.5,8.08093
1989,3,17,-56.05677,-130.5,8.081379
1989,3,18,-56.05677,-129.5,8.081653
1989,3,19,-56.05677,-128.5,8.0818815
1989,4,0,-55.494347,-147.5,8.074535
1989,4,1,-55.494347,-146.5,8.075031
1989,4,2,-55.494347,-145.5,8.076063
1989,4,3,-55.494347,-144.5,8.076571
1989,4,4,-55.494347,-143.5,8.077435
1989,4,5,-55.494347,-142.5,8.078117
1989,4,6,-55.494347,-141.5,8.078642
1989,4,7,-55.494347,-140.5,8.07857
1989,4,8,-55.494347,-139.5,8.078668
1989,4,9,-55.494347,-138.5,8.078731
1989,4,10,-55.494347,-137.5,8.078773
1989,4,11,-55.494347,-136.5,8.079061
1989,4,12,-55.494347,-135.5,8.079675
1989,4,13,-55.494347,-134.5,8.080012
1989,4,14,-55.494347,-133.5,8.080646
1989,4,15,-55.494347,-132.5,8.081201
1989,4,16,-55.494347,-131.5,8.081483
1989,4,17,-55.494347,-130.5,8.081962
1989,4,18,-55.494347,-129.5,8.0822935
1989,4,19,-55.494347,-128.5,8.082392
1989,5,0,-54.923775,-147.5,8.077718
1989,5,1,-54.923775,-146.5,8.07812
1989,5,2,-54.923775,-145.5,8.078942
1989,5,3,-54.923775,-144.5,8.079273
1989,5,4,-54.923775,-143.5,8.079827
1989,5,5,-54.923775,-142.5,8.0803175
1989,5,6,-54.923775,-141.5,8.080567
1989,5,7,-54.923775,-140.5,8.080204
1989,5,8,-54.923775,-139.5,8.080219
1989,5,9,-54.923775,-138.5,8.080015
1989,5,10,-54.923775,-137.5,8.079951
1989,5,11,-54.923775,-136.5,8.080092
1989,5,12,-54.923775,-135.5,8.08051
1989,5,13,-54.923775,-134.5,8.08081
1989,5,14,-54.923775,-133.5,8.081465
1989,5,15,-54.923775,-132.5,8.081962
1989,5,16,-54.923775,-131.5,8.082253
1989,5,17,-54.923775,-130.5,8.082654
1989,5,18,-54.923775,-129.5,8.082953
1989,5,19,-54.923775,-128.5,8.082809
1989,6,0,-54.344994,-147.5,8.079833
1989,6,1,-54.344994,-146.5,8.080122
1989,6,2,-54.344994,-145.5,8.080749
1989,6,3,-54.344994,-144.5,8.080903
1989,6,4,-54.344994,-143.5,8.081351
1989,6,5,-54.344994,-142.5,8.081729
1989,6,6,-54.344994,-141.5,8.081853
1989,6,7,-54.344994,-140.5,8.081505
1989,6,8,-54.344994,-139.5,8.081592
1989,6,9,-54.344994,-138.5,8.081331
1989,6,10,-54.344994,-137.5,8.081075
1989,6,11,-54.344994,-136.5,8.081183
1989,6,12,-54.344994,-135.5,8.081464
1989,6,13,-54.344994,-134.5,8.081594
1989,6,14,-54.344994,-133.5,8.08213
1989,6,15,-54.344994,-132.5,8.08255
1989,6,16,-54.344994,-131.5,8.08285
1989,6,17,-54.344994,-130.5,8.083215
1989,6,18,-54.344994,-129.5,8.083382
1989,6,19,-54.344994,-128.5,8.083202
1989,7,0,-53.75795,-147.5,8.081969
1989,7,1,-53.75795,-146.5,8.082192
1989,7,2,-53.75795,-145.5,8.082612
1989,7,3,-53.75795,-144.5,8.082832
1989,7,4,-53.75795,-143.5,8.083221
1989,7,5,-53.75795,-142.5,8.083416
1989,7,6,-53.75795,-141.5,8.083459
1989,7,7,-53.75795,-140.5,8.0830345
1989,7,8,-53.75795,-139.5,8.08295
1989,7,9,-53.75795,-138.5,8.08286
1989,7,10,-53.75795,-137.5,8.082552
1989,7,11,-53.75795,-136.5,8.08257
1989,7,12,-53.75795,-135.5,8.082831
1989,7,13,-53.75795,-134.5,8.082843
1989,7,14,-53.75795,-133.5,8.08318
1989,7,15,-53.75795,-132.5,8.0834255
1989,7,16,-53.75795,-131.5,8.083587
1989,7,17,-53.75795,-130.5,8.083829
1989,7,18,-53.75795,-129.5,8.08372
1989,7,19,-53.75795,-128.5,8.083557
1989,8,0,-53.162582,-147.5,8.08364
1989,8,1,-53.162582,-146.5,8.08379
1989,8,2,-53.162582,-145.5,8.084133
1989,8,3,-53.162582,-144.5,8.084418
1989,8,4,-53.162582,-143.5,8.084721
1989,8,5,-53.162582,-142.5,8.084861
1989,8,6,-53.162582,-141.5,8.084932
1989,8,7,-53.162582,-140.5,8.084496
1989,8,8,-53.162582,-139.5,8.08431
1989,8,9,-53.162582,-138.5,8.084251
1989,8,10,-53.162582,-137.5,8.083955
1989,8,11,-53.162582,-136.5,8.083957
1989,8,12,-53.162582,-135.5,8.084133
1989,8,13,-53.162582,-134.5,8.084054
1989,8,14,-53.162582,-133.5,8.084176
1989,8,15,-53.162582,-132.5,8.08419
1989,8,16,-53.162582,-131.5,8.084197
1989,8,17,-53.162582,-130.5,8.08431
1989,8,18,-53.162582,-129.5,8.084176
1989,8,19,-53.162582,-128.5,8.0840645
1989,9,0,-52.558838,-147.5,8.085482
1989,9,1,-52.558838,-146.5,8.085717
1989,9,2,-52.558838,-145.5,8.08597
1989,9,3,-52.558838,-144.5,8.086254
1989,9,4,-52.558838,-143.5,8.086402
1989,9,5,-52.558838,-142.5,8.08641
1989,9,6,-52.558838,-141.5,8.086439
1989,9,7,-52.558838,-140.5,8.086045
1989,9,8,-52.558838,-139.5,8.085742
1989,9,9,-52.558838,-138.5,8.085503
1989,9,10,-52.558838,-137.5,8.085188
1989,9,11,-52.558838,-136.5,8.085078
1989,9,12,-52.558838,-135.5,8.085165
1989,9,13,-52.558838,-134.5,8.085036
1989,9,14,-52.558838,-133.5,8.084997
1989,9,15,-52.558838,-132.5,8.084815
1989,9,16,-52.558838,-131.5,8.084653
1989,9,17,-52.558838,-130.5,8.08456
1989,9,18,-52.558838,-129.5,8.08444
1989,9,19,-52.558838,-128.5,8.084371
1989,10,0,-51.946674,-147.5,8.0871105
1989,10,1,-51.946674,-146.5,8.0873995
1989,10,2,-51.946674,-145.5,8.087619
1989,10,3,-51.946674,-144.5,8.087832
1989,10,4,-51.946674,-143.5,8.087849
1989,10,5,-51.946674,-142.5,8.087716
1989,10,6,-51.946674,-141.5,8.087708
1989,10,7,-51.946674,-140.5,8.087253
1989,10,8,-51.946674,-139.5,8.086986
1989,10,9,-51.946674,-138.5,8.086709
1989,10,10,-51.946674,-137.5,8.086221
1989,10,11,-51.946674,-136.5,8.08599
1989,10,12,-51.946674,-135.5,8.086005
1989,10,13,-51.946674,-134.5,8.085767
1989,10,14,-51.946674,-133.5,8.085681
1989,10,15,-51.946674,-132.5,8.085472
1989,10,16,-51.946674,-131.5,8.0852
1989,10,17,-51.946674,-130.5,8.084909
1989,10,18,-51.946674,-129.5,8.084762
1989,10,19,-51.946674,-128.5,8.084613
1989,11,0,-51.326035,-147.5,8.088676
1989,11,1,-51.326035,-146.5,8.088832
1989,11,2,-51.326035,-145.5,8.088948
1989,11,3,-51.326035,-144.5,8.089101
1989,11,4,-51.326035,-143.5,8.088981
1989,11,5,-51.326035,-142.5,8.088699
1989,11,6,-51.326035,-141.5,8.08854
1989,11,7,-51.326035,-140.5,8.088073
1989,11,8,-51.326035,-139.5,8.087794
1989,11,9,-51.326035,-138.5,8.087539
1989,11,10,-51.326035,-137.5,8.087056
1989,11,11,-51.326035,-136.5,8.086752
1989,11,12,-51.326035,-135.5,8.086631
1989,11,13,-51.326035,-134.5,8.086348
1989,11,14,-51.326035,-133.5,8.086253
1989,11,15,-51.326035,-132.5,8.085998
1989,11,16,-51.326035,-131.5,8.085788
1989,11,17,-51.326035,-130.5,8.085477
1989,11,18,-51.326035,-129.5,8.085418
1989,11,19,-51.326035,-128.5,8.085076
1989,12,0,-50.696884,-147.5,8.089894
1989,12,1,-50.696884,-146.5,8.089907
1989,12,2,-50.696884,-145.5,8.089904
1989,12,3,-50.696884,-144.5,8.089974
1989,12,4,-50.696884,-143.5,8.089763
1989,12,5,-50.696884,-142.5,8.089374
1989,12,6,-50.696884,-141.5,8.089047
1989,12,7,-50.696884,-140.5,8.088447
1989,12,8,-50.696884,-139.5,8.088103
1989,12,9,-50.696884,-138.5,8.087805
1989,12,10,-50.696884,-137.5,8.087371
1989,12,11,-50.696884,-136.5,8.087137
1989,12,12,-50.696884,-135.5,8.087073
1989,12,13,-50.696884,-134.5,8.086856
1989,12,14,-50.696884,-133.5,8.086825
1989,12,15,-50.696884,-132.5,8.0866
1989,12,16,-50.696884,-131.5,8.086371
1989,12,17,-50.696884,-130.5,8.086045
1989,12,18,-50.696884,-129.5,8.085996
1989,12,19,-50.696884,-128.5,8.085595
1989,13,0,-50.059177,-147.5,8.091092
1989,13,1,-50.059177,-146.5,8.090957
1989,13,2,-50.059177,-145.5,8.090816
1989,13,3,-50.059177,-144.5,8.090739
1989,13,4,-50.059177,-143.5,8.090407
1989,13,5,-50.059177,-142.5,8.089939
1989,13,6,-50.059177,-141.5,8.089623
1989,13,7,-50.059177,-140.5,8.088967
1989,13,8,-50.059177,-139.5,8.088559
1989,13,9,-50.059177,-138.5,8.088169
1989,13,10,-50.059177,-137.5,8.087684
1989,13,11,-50.059177,-136.5,8.087441
1989,13,12,-50.059177,-135.5,8.087407
1989,13,13,-50.059177,-134.5,8.087268
1989,13,14,-50.059177,-133.5,8.087269
1989,13,15,-50.059177,-132.5,8.087194
1989,13,16,-50.059177,-131.5,8.087005
1989,13,17,-50.059177,-130.5,8.086693
1989,13,18,-50.059177,-129.5,8.086559
1989,13,19,-50.059177,-128.5,8.086322
1989,14,0,-49.41288,-147.5,8.0921955
1989,14,1,-49.41288,-146.5,8.091928
1989,14,2,-49.41288,-145.5,8.091573
1989,14,3,-49.41288,-144.5,8.091325
1989,14,4,-49.41288,-143.5,8.090777
1989,14,5,-49.41288,-142.5,8.090149
1989,14,6,-49.41288,-141.5,8.089798
1989,14,7,-49.41288,-140.5,8.089065
1989,14,8,-49.41288,-139.5,8.088638
1989,14,9,-49.41288,-138.5,8.0883
1989,14,10,-49.41288,-137.5,8.087831
1989,14,11,-49.41288,-136.5,8.0876
1989,14,12,-49.41288,-135.5,8.087504
1989,14,13,-49.41288,-134.5,8.087353
1989,14,14,-49.41288,-133.5,8.087365
1989,14,15,-49.41288,-132.5,8.087385
1989,14,16,-49.41288,-131.5,8.087384
1989,14,17,-49.41288,-130.5,8.087159
1989,14,18,-49.41288,-129.5,8.087057
1989,14,19,-49.41288,-128.5,8.087003
1989,15,0,-48.757957,-147.5,8.093327
1989,15,1,-48.757957,-146.5,8.092983
1989,15,2,-48.757957,-145.5,8.092469
1989,15,3,-48.757957,-144.5,8.092078
1989,15,4,-48.757957,-143.5,8.091355
1989,15,5,-48.757957,-142.5,8.090636
1989,15,6,-48.757957,-141.5,8.090215
1989,15,7,-48.757957,-140.5,8.089412
1989,15,8,-48.757957,-139.5,8.08886
1989,15,9,-48.757957,-138.5,8.088532
1989,15,10,-48.757957,-137.5,8.088162
1989,15,11,-48.757957,-136.5,8.087956
1989,15,12,-48.757957,-135.5,8.087939
1989,15,13,-48.757957,-134.5,8.087863
1989,15,14,-48.757957,-133.5,8.087836
1989,15,15,-48.757957,-132.5,8.087863
1989,15,16,-48.757957,-131.5,8.087957
1989,15,17,-48.757957,-130.5,8.087832
1989,15,18,-48.757957,-129.5,8.08772
1989,15,19,-48.757957,-128.5,8.087706
1989,16,0,-48.094387,-147.5,8.094142
1989,16,1,-48.094387,-146.5,8.093808
1989,16,2,-48.094387,-145.5,8.093106
1989,16,3,-48.094387,-144.5,8.092661
1989,16,4,-48.094387,-143.5,8.091837
1989,16,5,-48.094387,-142.5,8.09105
1989,16,6,-48.094387,-141.5,8.090586
1989,16,7,-48.094387,-140.5,8.089747
1989,16,8,-48.094387,-139.5,8.089157
1989,16,9,-48.094387,-138.5,8.08887
1989,16,10,-48.094387,-137.5,8.088509
1989,16,11,-48.094387,-136.5,8.088298
1989,16,12,-48.094387,-135.5,8.088248
1989,16,13,-48.094387,-134.5,8.088316
1989,16,14,-48.094387,-133.5,8.088298
1989,16,15,-48.094387,-132.5,8.088286
1989,16,16,-48.094387,-131.5,8.088447
1989,16,17,-48.094387,-130.5,8.088338
1989,16,18,-48.094387,-129.5,8.088204
1989,16,19,-48.094387,-128.5,8.088286
1989,17,0,-47.422142,-147.5,8.094672
1989,17,1,-47.422142,-146.5,8.094249
1989,17,2,-47.422142,-145.5,8.093484
1989,17,3,-47.422142,-144.5,8.092917
1989,17,4,-47.422142,-143.5,8.092211
1989,17,5,-47.422142,-142.5,8.09163
1989,17,6,-47.422142,-141.5,8.091187
1989,17,7,-47.422142,-140.5,8.090381
1989,17,8,-47.422142,-139.5,8.0898
1989,17,9,-47.422142,-138.5,8.089562
1989,17,10,-47.422142,-137.5,8.089227
1989,17,11,-47.422142,-136.5,8.088956
1989,17,12,-47.422142,-135.5,8.088864
1989,17,13,-47.422142,-134.5,8.088986
1989,17,14,-47.422142,-133.5,8.089224
1989,17,15,-47.422142,-132.5,8.089314
1989,17,16,-47.422142,-131.5,8.089439
1989,17,17,-47.422142,-130.5,8.089324
1989,17,18,-47.422142,-129.5,8.089178
1989,17,19,-47.422142,-128.5,8.089387
1989,18,0,-46.7412,-147.5,8.094549
1989,18,1,-46.7412,-146.5,8.094057
1989,18,2,-46.7412,-145.5,8.093272
1989,18,3,-46.7412,-144.5,8.092744
1989,18,4,-46.7412,-143.5,8.092238
1989,18,5,-46.7412,-142.5,8.091761
1989,18,6,-46.7412,-141.5,8.091466
1989,18,7,-46.7412,-140.5,8.090847
1989,18,8,-46.7412,-139.5,8.090278
1989,18,9,-46.7412,-138.5,8.090081
1989,18,10,-46.7412,-137.5,8.089953
1989,18,11,-46.7412,-136.5,8.089745
1989,18,12,-46.7412,-135.5,8.089718
1989,18,13,-46.7412,-134.5,8.089795
1989,18,14,-46.7412,-133.5,8.090153
1989,18,15,-46.7412,-132.5,8.090291
1989,18,16,-46.7412,-131.5,8.090394
1989,18,17,-46.7412,-130.5,8.090236
1989,18,18,-46.7412,-129.5,8.09013
1989,18,19,-46.7412,-128.5,8.090465
1989,19,0,-46.051548,-147.5,8.094104
1989,19,1,-46.051548,-146.5,8.093595
1989,19,2,-46.051548,-145.5,8.092837
1989,19,3,-46.051548,-144.5,8.09235
1989,19,4,-46.051548,-143.5,8.091928
1989,19,5,-46.051548,-142.5,8.091572
1989,19,6,-46.051548,-141.5,8.091291
1989,19,7,-46.051548,-140.5,8.090959
1989,19,8,-46.051548,-139.5,8.0904875
1989,19,9,-46.051548,-138.5,8.090449
1989,19,10,-46.051548,-137.5,8.09049
1989,19,11,-46.051548,-136.5,8.0904045
1989,19,12,-46.051548,-135.5,8.090559
1989,19,13,-46.051548,-134.5,8.090694
1989,19,14,-46.051548,-133.5,8.090983
1989,19,15,-46.051548,-132.5,8.0911
1989,19,16,-46.051548,-131.5,8.091135
1989,19,17,-46.051548,-130.5,8.091205
1989,19,18,-46.051548,-129.5,8.091155
1989,19,19,-46.051548,-128.5,8.091523
1990,0,0,-57.695797,-147.5,8.057953
1990,0,1,-57.695797,-146.5,8.05885
1990,0,2,-57.695797,-145.5,8.059939
1990,0,3,-57.695797,-144.5,8.0604725
1990,0,4,-57.695797,-143.5,8.062436
1990,0,5,-57.695797,-142.5,8.064481
1990,0,6,-57.695797,-141.5,8.066104
1990,0,7,-57.695797,-140.5,8.067597
1990,0,8,-57.695797,-139.5,8.068865
1990,0,9,-57.695797,-138.5,8.0696535
1990,0,10,-57.695797,-137.5,8.070434
1990,0,11,-57.695797,-136.5,8.071278
1990,0,12,-57.695797,-135.5,8.072075
1990,0,13,-57.695797,-134.5,8.072785
1990,0,14,-57.695797,-133.5,8.073655
1990,0,15,-57.695797,-132.5,8.074356
1990,0,16,-57.695797,-131.5,8.07483
1990,0,17,-57.695797,-130.5,8.075389
1990,0,18,-57.695797,-129.5,8.075761
1990,0,19,-57.695797,-128.5,8.076081
1990,1,0,-57.15743,-147.5,8.057712
1990,1,1,-57.15743,-146.5,8.059117
1990,1,2,-57.15743,-145.5,8.060237
1990,1,3,-57.15743,-144.5,8.061432
1990,1,4,-57.15743,-143.5,8.063777
1990,1,5,-57.15743,-142.5,8.065984
1990,1,6,-57.15743,-141.5,8.067633
1990,1,7,-57.15743,-140.5,8.069002
1990,1,8,-57.15743,-139.5,8.069898
1990,1,9,-57.15743,-138.5,8.070437
1990,1,10,-57.15743,-137.5,8.071048
1990,1,11,-57.15743,-136.5,8.071918
1990,1,12,-57.15743,-135.5,8.07278
1990,1,13,-57.15743,-134.5,8.073495
1990,1,14,-57.15743,-133.5,8.074468
1990,1,15,-57.15743,-132.5,8.075241
1990,1,16,-57.15743,-131.5,8.075759
1990,1,17,-57.15743,-130.5,8.076414
1990,1,18,-57.15743,-129.5,8.076844
1990,1,19,-57.15743,-128.5,8.077264
1990,2,0,-56.61111,-147.5,8.059103
1990,2,1,-56.61111,-146.5,8.060542
1990,2,2,-56.61111,-145.5,8.061923
1990,2,3,-56.61111,-144.5,8.063552
1990,2,4,-56.61111,-143.5,8.06602
1990,2,5,-56.61111,-142.5,8.068101
1990,2,6,-56.61111,-141.5,8.069547
1990,2,7,-56.61111,-140.5,8.070775
1990,2,8,-56.61111,-139.5,8.071172
1990,2,9,-56.61111,-138.5,8.071469
1990,2,10,-56.61111,-137.5,8.071876
1990,2,11,-56.61111,-136.5,8.0727825
1990,2,12,-56.61111,-135.5,8.073655
1990,2,13,-56.61111,-134.5,8.074328
1990,2,14,-56.61111,-133.5,8.075287
1990,2,15,-56.61111,-132.5,8.076115
1990,2,16,-56.61111,-131.5,8.076663
1990,2,17,-56.61111,-130.5,8.077331
1990,2,18,-56.61111,-129.5,8.077744
1990,2,19,-56.61111,-128.5,8.078223
1990,3,0,-56.05677,-147.5,8.063086
1990,3,1,-56.05677,-146.5,8.064152
1990,3,2,-56.05677,-145.5,8.065524
1990,3,3,-56.05677,-144.5,8.067113
1990,3,4,-56.05677,-143.5,8.0691595
1990,3,5,-56.05677,-142.5,8.070698
1990,3,6,-56.05677,-141.5,8.071815
1990,3,7,-56.05677,-140.5,8.072468
1990,3,8,-56.05677,-139.5,8.07256
1990,3,9,-56.05677,-138.5,8.072669
1990,3,10,-56.05677,-137.5,8.072704
1990,3,11,-56.05677,-136.5,8.073541
1990,3,12,-56.05677,-135.5,8.074476
1990,3,13,-56.05677,-134.5,8.075145
1990,3,14,-56.05677,-133.5,8.076123
1990,3,15,-56.05677,-132.5,8.076991
1990,3,16,-56.05677,-131.5,8.077606
1990,3,17,-56.05677,-130.5,8.078306
1990,3,18,-56.05677,-129.5,8.078812
1990,3,19,-56.05677,-128.5,8.079166
1990,4,0,-55.494347,-147.5,8.067684
1990,4,1,-55.494347,-146.5,8.068261
1990,4,2,-55.494347,-145.5,8.069497
1990,4,3,-55.494347,-144.5,8.070604
1990,4,4,-55.494347,-143.5,8.0720415
1990,4,5,-55.494347,-142.5,8.073137
1990,4,6,-55.494347,-141.5,8.074107
1990,4,7,-55.494347,-140.5,8.074044
1990,4,8,-55.494347,-139.5,8.074132
1990,4,9,-55.494347,-138.5,8.074104
1990,4,10,-55.494347,-137.5,8.073998
1990,4,11,-55.494347,-136.5,8.074622
1990,4,12,-55.494347,-135.5,8.075482
1990,4,13,-55.494347,-134.5,8.076077
1990,4,14,-55.494347,-133.5,8.077012
1990,4,15,-55.494347,-132.5,8.0778475
1990,4,16,-55.494347,-131.5,8.078437
1990,4,17,-55.494347,-130.5,8.079109
1990,4,18,-55.494347,-129.5,8.079643
1990,4,19,-55.494347,-128.5,8.080062
1990,5,0,-54.923775,-147.5,8.072224
1990,5,1,-54.923775,-146.5,8.072541
1990,5,2,-54.923775,-145.5,8.073396
1990,5,3,-54.923775,-144.5,8.07408
1990,5,4,-54.923775,-143.5,8.074998
1990,5,5,-54.923775,-142.5,8.075666
1990,5,6,-54.923775,-141.5,8.076438
1990,5,7,-54.923775,-140.5,8.07603
1990,5,8,-54.923775,-139.5,8.076073
1990,5,9,-54.923775,-138.5,8.075923
1990,5,10,-54.923775,-137.5,8.075728
1990,5,11,-54.923775,-136.5,8.075999
1990,5,12,-54.923775,-135.5,8.076628
1990,5,13,-54.923775,-134.5,8.0771055
1990,5,14,-54.923775,-133.5,8.077889
1990,5,15,-54.923775,-132.5,8.0786
1990,5,16,-54.923775,-131.5,8.079181
1990,5,17,-54.923775,-130.5,8.079862
1990,5,18,-54.923775,-129.5,8.08042
1990,5,19,-54.923775,-128.5,8.080661
1990,6,0,-54.344994,-147.5,8.075248
1990,6,1,-54.344994,-146.5,8.075388
1990,6,2,-54.344994,-145.5,8.075942
1990,6,3,-54.344994,-144.5,8.076366
1990,6,4,-54.344994,-143.5,8.076995
1990,6,5,-54.344994,-142.5,8.077541
1990,6,6,-54.344994,-141.5,8.078111
1990,6,7,-54.344994,-140.5,8.077758
1990,6,8,-54.344994,-139.5,8.077807
1990,6,9,-54.344994,-138.5,8.077634
1990,6,10,-54.344994,-137.5,8.077471
1990,6,11,-54.344994,-136.5,8.077518
1990,6,12,-54.344994,-135.5,8.0779705
1990,6,13,-54.344994,-134.5,8.078342
1990,6,14,-54.344994,-133.5,8.079048
1990,6,15,-54.344994,-132.5,8.079711
1990,6,16,-54.344994,-131.5,8.080266
1990,6,17,-54.344994,-130.5,8.08092
1990,6,18,-54.344994,-129.5,8.081484
1990,6,19,-54.344994,-128.5,8.081558
1990,7,0,-53.75795,-147.5,8.077617
1990,7,1,-53.75795,-146.5,8.077739
1990,7,2,-53.75795,-145.5,8.078198
1990,7,3,-53.75795,-144.5,8.078586
1990,7,4,-53.75795,-143.5,8.079143
1990,7,5,-53.75795,-142.5,8.079579
1990,7,6,-53.75795,-141.5,8.079949
1990,7,7,-53.75795,-140.5,8.0797
1990,7,8,-53.75795,-139.5,8.0796385
1990,7,9,-53.75795,-138.5,8.079465
1990,7,10,-53.75795,-137.5,8.079274
1990,7,11,-53.75795,-136.5,8.079174
1990,7,12,-53.75795,-135.5,8.079467
1990,7,13,-53.75795,-134.5,8.079692
1990,7,14,-53.75795,-133.5,8.080222
1990,7,15,-53.75795,-132.5,8.080844
1990,7,16,-53.75795,-131.5,8.081345
1990,7,17,-53.75795,-130.5,8.081893
1990,7,18,-53.75795,-129.5,8.082287
1990,7,19,-53.75795,-128.5,8.082226
1990,8,0,-53.162582,-147.5,8.07943
1990,8,1,-53.162582,-146.5,8.079654
1990,8,2,-53.162582,-145.5,8.080183
1990,8,3,-53.162582,-144.5,8.080585
1990,8,4,-53.162582,-143.5,8.08115
1990,8,5,-53.162582,-142.5,8.081538
1990,8,6,-53.162582,-141.5,8.081795
1990,8,7,-53.162582,-140.5,8.081635
1990,8,8,-53.162582,-139.5,8.081542
1990,8,9,-53.162582,-138.5,8.081342
1990,8,10,-53.162582,-137.5,8.081048
1990,8,11,-53.162582,-136.5,8.080888
1990,8,12,-53.162582,-135.5,8.081052
1990,8,13,-53.162582,-134.5,8.081174
1990,8,14,-53.162582,-133.5,8.081638
1990,8,15,-53.162582,-132.5,8.082164
1990,8,16,-53.162582,-131.5,8.082587
1990,8,17,-53.162582,-130.5,8.082996
1990,8,18,-53.162582,-129.5,8.083157
1990,8,19,-53.162582,-128.5,8.083068
1990,9,0,-52.558838,-147.5,8.081441
1990,9,1,-52.558838,-146.5,8.081871
1990,9,2,-52.558838,-145.5,8.082401
1990,9,3,-52.558838,-144.5,8.08282
1990,9,4,-52.558838,-143.5,8.083368
1990,9,5,-52.558838,-142.5,8.08363
1990,9,6,-52.558838,-141.5,8.083794
1990,9,7,-52.558838,-140.5,8.083748
1990,9,8,-52.558838,-139.5,8.083606
1990,9,9,-52.558838,-138.5,8.083328
1990,9,10,-52.558838,-137.5,8.083034
1990,9,11,-52.558838,-136.5,8.082919
1990,9,12,-52.558838,-135.5,8.082923
1990,9,13,-52.558838,-134.5,8.082891
1990,9,14,-52.558838,-133.5,8.083104
1990,9,15,-52.558838,-132.5,8.083407
1990,9,16,-52.558838,-131.5,8.083661
1990,9,17,-52.558838,-130.5,8.083821
1990,9,18,-52.558838,-129.5,8.08388
1990,9,19,-52.558838,-128.5,8.083682
1990,10,0,-51.946674,-147.5,8.083645
1990,10,1,-51.946674,-146.5,8.084102
1990,10,2,-51.946674,-145.5,8.084513
1990,10,3,-51.946674,-144.5,8.08489
1990,10,4,-51.946674,-143.5,8.085304
1990,10,5,-51.946674,-142.5,8.085522
1990,10,6,-51.946674,-141.5,8.085634
1990,10,7,-51.946674,-140.5,8.085488
1990,10,8,-51.946674,-139.5,8.085345
1990,10,9,-51.946674,-138.5,8.085061
1990,10,10,-51.946674,-137.5,8.084798
1990,10,11,-51.946674,-136.5,8.084658
1990,10,12,-51.946674,-135.5,8.084402
1990,10,13,-51.946674,-134.5,8.084305
1990,10,14,-51.946674,-133.5,8.084315
1990,10,15,-51.946674,-132.5,8.084424
1990,10,16,-51.946674,-131.5,8.084519
1990,10,17,-51.946674,-130.5,8.084488
1990,10,18,-51.946674,-129.5,8.0845175
1990,10,19,-51.946674,-128.5,8.084168
1990,11,0,-51.326035,-147.5,8.085555
1990,11,1,-51.326035,-146.5,8.085911
1990,11,2,-51.326035,-145.5,8.086293
1990,11,3,-51.326035,-144.5,8.086574
1990,11,4,-51.326035,-143.5,8.086902
1990,11,5,-51.326035,-142.5,8.08699
1990,11,6,-51.326035,-141.5,8.087028
1990,11,7,-51.326035,-140.5,8.086791
1990,11,8,-51.326035,-139.5,8.086653
1990,11,9,-51.326035,-138.5,8.086366
1990,11,10,-51.326035,-137.5,8.086152
1990,11,11,-51.326035,-136.5,8.085978
1990,11,12,-51.326035,-135.5,8.085649
1990,11,13,-51.326035,-134.5,8.085511
1990,11,14,-51.326035,-133.5,8.085399
1990,11,15,-51.326035,-132.5,8.085341
1990,11,16,-51.326035,-131.5,8.085282
1990,11,17,-51.326035,-130.5,8.085067
1990,11,18,-51.326035,-129.5,8.085084
1990,11,19,-51.326035,-128.5,8.084606
1990,12,0,-50.696884,-147.5,8.087226
1990,12,1,-50.696884,-146.5,8.087518
1990,12,2,-50.696884,-145.5,8.087738
1990,12,3,-50.696884,-144.5,8.087952
1990,12,4,-50.696884,-143.5,8.088239
1990,12,5,-50.696884,-142.5,8.088239
1990,12,6,-50.696884,-141.5,8.088228
1990,12,7,-50.696884,-140.5,8.087875
1990,12,8,-50.696884,-139.5,8.087702
1990,12,9,-50.696884,-138.5,8.087364
1990,12,10,-50.696884,-137.5,8.087113
1990,12,11,-50.696884,-136.5,8.086922
1990,12,12,-50.696884,-135.5,8.086587
1990,12,13,-50.696884,-134.5,8.086382
1990,12,14,-50.696884,-133.5,8.086158
1990,12,15,-50.696884,-132.5,8.085915
1990,12,16,-50.696884,-131.5,8.085697
1990,12,17,-50.696884,-130.5,8.085292
1990,12,18,-50.696884,-129.5,8.085215
1990,12,19,-50.696884,-128.5,8.084786
1990,13,0,-50.059177,-147.5,8.088993
1990,13,1,-50.059177,-146.5,8.089115
1990,13,2,-50.059177,-145.5,8.089091
1990,13,3,-50.059177,-144.5,8.089188
1990,13,4,-50.059177,-143.5,8.089249
1990,13,5,-50.059177,-142.5,8.089139
1990,13,6,-50.059177,-141.5,8.089128
1990,13,7,-50.059177,-140.5,8.0888195
1990,13,8,-50.059177,-139.5,8.08862
1990,13,9,-50.059177,-138.5,8.088185
1990,13,10,-50.059177,-137.5,8.087868
1990,13,11,-50.059177,-136.5,8.087606
1990,13,12,-50.059177,-135.5,8.087197
1990,13,13,-50.059177,-134.5,8.086915
1990,13,14,-50.059177,-133.5,8.086605
1990,13,15,-50.059177,-132.5,8.086337
1990,13,16,-50.059177,-131.5,8.086112
1990,13,17,-50.059177,-130.5,8.085661
1990,13,18,-50.059177,-129.5,8.085467
1990,13,19,-50.059177,-128.5,8.085021
1990,14,0,-49.41288,-147.5,8.090338
1990,14,1,-49.41288,-146.5,8.090374
1990,14,2,-49.41288,-145.5,8.090028
1990,14,3,-49.41288,-144.5,8.08995
1990,14,4,-49.41288,-143.5,8.089931
1990,14,5,-49.41288,-142.5,8.089707
1990,14,6,-49.41288,-141.5,8.089677
1990,14,7,-49.41288,-140.5,8.089408
1990,14,8,-49.41288,-139.5,8.089259
1990,14,9,-49.41288,-138.5,8.088783
1990,14,10,-49.41288,-137.5,8.088347
1990,14,11,-49.41288,-136.5,8.088021
1990,14,12,-49.41288,-135.5,8.087478
1990,14,13,-49.41288,-134.5,8.087052
1990,14,14,-49.41288,-133.5,8.086705
1990,14,15,-49.41288,-132.5,8.086408
1990,14,16,-49.41288,-131.5,8.086157
1990,14,17,-49.41288,-130.5,8.085584
1990,14,18,-49.41288,-129.5,8.085308
1990,14,19,-49.41288,-128.5,8.084989
1990,15,0,-48.757957,-147.5,8.091587
1990,15,1,-48.757957,-146.5,8.091489
1990,15,2,-48.757957,-145.5,8.090963
1990,15,3,-48.757957,-144.5,8.090758
1990,15,4,-48.757957,-143.5,8.090474
1990,15,5,-48.757957,-142.5,8.090207
1990,15,6,-48.757957,-141.5,8.090186
1990,15,7,-48.757957,-140.5,8.089971
1990,15,8,-48.757957,-139.5,8.089786
1990,15,9,-48.757957,-138.5,8.089377
1990,15,10,-48.757957,-137.5,8.0889015
1990,15,11,-48.757957,-136.5,8.088489
1990,15,12,-48.757957,-135.5,8.087851
1990,15,13,-48.757957,-134.5,8.0873575
1990,15,14,-48.757957,-133.5,8.0870495
1990,15,15,-48.757957,-132.5,8.086819
1990,15,16,-48.757957,-131.5,8.0866
1990,15,17,-48.757957,-130.5,8.086032
1990,15,18,-48.757957,-129.5,8.085705
1990,15,19,-48.757957,-128.5,8.085448
1990,16,0,-48.094387,-147.5,8.092482
1990,16,1,-48.094387,-146.5,8.0922575
1990,16,2,-48.094387,-145.5,8.091595
1990,16,3,-48.094387,-144.5,8.091286
1990,16,4,-48.094387,-143.5,8.090856
1990,16,5,-48.094387,-142.5,8.090443
1990,16,6,-48.094387,-141.5,8.090404
1990,16,7,-48.094387,-140.5,8.090104
1990,16,8,-48.094387,-139.5,8.089859
1990,16,9,-48.094387,-138.5,8.089509
1990,16,10,-48.094387,-137.5,8.089038
1990,16,11,-48.094387,-136.5,8.08853
1990,16,12,-48.094387,-135.5,8.087916
1990,16,13,-48.094387,-134.5,8.087454
1990,16,14,-48.094387,-133.5,8.0872555
1990,16,15,-48.094387,-132.5,8.087075
1990,16,16,-48.094387,-131.5,8.086961
1990,16,17,-48.094387,-130.5,8.086461
1990,16,18,-48.094387,-129.5,8.086116
1990,16,19,-48.094387,-128.5,8.085858
1990,17,0,-47.422142,-147.5,8.09275
1990,17,1,-47.422142,-146.5,8.09245
1990,17,2,-47.422142,-145.5,8.091931
1990,17,3,-47.422142,-144.5,8.091649
1990,17,4,-47.422142,-143.5,8.091264
1990,17,5,-47.422142,-142.5,8.090844
1990,17,6,-47.422142,-141.5,8.090764
1990,17,7,-47.422142,-140.5,8.090406
1990,17,8,-47.422142,-139.5,8.089997
1990,17,9,-47.422142,-138.5,8.089744
1990,17,10,-47.422142,-137.5,8.089358
1990,17,11,-47.422142,-136.5,8.088859
1990,17,12,-47.422142,-135.5,8.088215
1990,17,13,-47.422142,-134.5,8.087792
1990,17,14,-47.422142,-133.5,8.087516
1990,17,15,-47.422142,-132.5,8.087352
1990,17,16,-47.422142,-131.5,8.087274
1990,17,17,-47.422142,-130.5,8.087001
1990,17,18,-47.422142,-129.5,8.086845
1990,17,19,-47.422142,-128.5,8.086651
1990,18,0,-46.7412,-147.5,8.09267
1990,18,1,-46.7412,-146.5,8.092303
1990,18,2,-46.7412,-145.5,8.091805
1990,18,3,-46.7412,-144.5,8.0914345
1990,18,4,-46.7412,-143.5,8.09112
1990,18,5,-46.7412,-142.5,8.09064
1990,18,6,-46.7412,-141.5,8.090528
1990,18,7,-46.7412,-140.5,8.089981
1990,18,8,-46.7412,-139.5,8.089421
1990,18,9,-46.7412,-138.5,8.089281
1990,18,10,-46.7412,-137.5,8.088996
1990,18,11,-46.7412,-136.5,8.088601
1990,18,12,-46.7412,-135.5,8.0879965
1990,18,13,-46.7412,-134.5,8.0875635
1990,18,14,-46.7412,-133.5,8.087219
1990,18,15,-46.7412,-132.5,8.0870075
1990,18,16,-46.7412,-131.5,8.0869055
1990,18,17,-46.7412,-130.5,8.08686
1990,18,18,-46.7412,-129.5,8.086892
1990,18,19,-46.7412,-128.5,8.086831
1990,19,0,-46.051548,-147.5,8.092519
1990,19,1,-46.051548,-146.5,8.092135
1990,19,2,-46.051548,-145.5,8.091624
1990,19,3,-46.051548,-144.5,8.0912285
1990,19,4,-46.051548,-143.5,8.090995
1990,19,5,-46.051548,-142.5,8.0904665
1990,19,6,-46.051548,-141.5,8.090253
1990,19,7,-46.051548,-140.5,8.089862
1990,19,8,-46.051548,-139.5,8.089341
1990,19,9,-46.051548,-138.5,8.088984
1990,19,10,-46.051548,-137.5,8.088635
1990,19,11,-46.051548,-136.5,8.088288
1990,19,12,-46.051548,-135.5,8.087758
1990,19,13,-46.051548,-134.5,8.087394
1990,19,14,-46.051548,-133.5,8.086883
1990,19,15,-46.051548,-132.5,8.086723
1990,19,16,-46.051548,-131.5,8.086692
1990,19,17,-46.051548,-130.5,8.086451
1990,19,18,-46.051548,-129.5,8.08644
1990,19,19,-46.051548,-128.5,8.086553
1991,0,0,-57.695797,-147.5,8.065204
1991,0,1,-57.695797,-146.5,8.065776
1991,0,2,-57.695797,-145.5,8.066981
1991,0,3,-57.695797,-144.5,8.067145
1991,0,4,-57.695797,-143.5,8.067945
1991,0,5,-57.695797,-142.5,8.068706
1991,0,6,-57.695797,-141.5,8.06915
1991,0,7,-57.695797,-140.5,8.070249
1991,0,8,-57.695797,-139.5,8.071477
1991,0,9,-57.695797,-138.5,8.072371
1991,0,10,-57.695797,-137.5,8.072973
1991,0,11,-57.695797,-136.5,8.073706
1991,0,12,-57.695797,-135.5,8.074063
1991,0,13,-57.695797,-134.5,8.07412
1991,0,14,-57.695797,-133.5,8.074259
1991,0,15,-57.695797,-132.5,8.074396
1991,0,16,-57.695797,-131.5,8.074355
1991,0,17,-57.695797,-130.5,8.074508
1991,0,18,-57.695797,-129.5,8.07466
1991,0,19,-57.695797,-128.5,8.07478
1991,1,0,-57.15743,-147.5,8.06487
1991,1,1,-57.15743,-146.5,8.06624
1991,1,2,-57.15743,-145.5,8.067075
1991,1,3,-57.15743,-144.5,8.067197
1991,1,4,-57.15743,-143.5,8.067998
1991,1,5,-57.15743,-142.5,8.068723
1991,1,6,-57.15743,-141.5,8.069238
1991,1,7,-57.15743,-140.5,8.070416
1991,1,8,-57.15743,-139.5,8.071606
1991,1,9,-57.15743,-138.5,8.0722685
1991,1,10,-57.15743,-137.5,8.072873
1991,1,11,-57.15743,-136.5,8.073646
1991,1,12,-57.15743,-135.5,8.074164
1991,1,13,-57.15743,-134.5,8.074235
1991,1,14,-57.15743,-133.5,8.074502
1991,1,15,-57.15743,-132.5,8.0748625
1991,1,16,-57.15743,-131.5,8.07503
1991,1,17,-57.15743,-130.5,8.075372
1991,1,18,-57.15743,-129.5,8.0756855
1991,1,19,-57.15743,-128.5,8.075922
1991,2,0,-56.61111,-147.5,8.064153
1991,2,1,-56.61111,-146.5,8.065896
1991,2,2,-56.61111,-145.5,8.066842
1991,2,3,-56.61111,-144.5,8.067271
1991,2,4,-56.61111,-143.5,8.068135
1991,2,5,-56.61111,-142.5,8.068937
1991,2,6,-56.61111,-141.5,8.069613
1991,2,7,-56.61111,-140.5,8.07103
1991,2,8,-56.61111,-139.5,8.071557
1991,2,9,-56.61111,-138.5,8.07228
1991,2,10,-56.61111,-137.5,8.072964
1991,2,11,-56.61111,-136.5,8.073719
1991,2,12,-56.61111,-135.5,8.074351
1991,2,13,-56.61111,-134.5,8.074462
1991,2,14,-56.61111,-133.5,8.074866
1991,2,15,-56.61111,-132.5,8.0754175
1991,2,16,-56.61111,-131.5,8.075787
1991,2,17,-56.61111,-130.5,8.076346
1991,2,18,-56.61111,-129.5,8.076815
1991,2,19,-56.61111,-128.5,8.077013
1991,3,0,-56.05677,-147.5,8.065397
1991,3,1,-56.05677,-146.5,8.066721
1991,3,2,-56.05677,-145.5,8.067719
1991,3,3,-56.05677,-144.5,8.068251
1991,3,4,-56.05677,-143.5,8.069108
1991,3,5,-56.05677,-142.5,8.070002
1991,3,6,-56.05677,-141.5,8.070888
1991,3,7,-56.05677,-140.5,8.07189
1991,3,8,-56.05677,-139.5,8.072297
1991,3,9,-56.05677,-138.5,8.07277
1991,3,10,-56.05677,-137.5,8.073245
1991,3,11,-56.05677,-136.5,8.073863
1991,3,12,-56.05677,-135.5,8.074616
1991,3,13,-56.05677,-134.5,8.074826
1991,3,14,-56.05677,-133.5,8.075467
1991,3,15,-56.05677,-132.5,8.076179
1991,3,16,-56.05677,-131.5,8.07677
1991,3,17,-56.05677,-130.5,8.077466
1991,3,18,-56.05677,-129.5,8.078054
1991,3,19,-56.05677,-128.5,8.078233
1991,4,0,-55.494347,-147.5,8.06732
1991,4,1,-55.494347,-146.5,8.067919
1991,4,2,-55.494347,-145.5,8.068914
1991,4,3,-55.494347,-144.5,8.069454
1991,4,4,-55.494347,-143.5,8.070495
1991,4,5,-55.494347,-142.5,8.071539
1991,4,6,-55.494347,-141.5,8.072786
1991,4,7,-55.494347,-140.5,8.072863
1991,4,8,-55.494347,-139.5,8.073245
1991,4,9,-55.494347,-138.5,8.073501
1991,4,10,-55.494347,-137.5,8.073768
1991,4,11,-55.494347,-136.5,8.07417
1991,4,12,-55.494347,-135.5,8.074932
1991,4,13,-55.494347,-134.5,8.075184
1991,4,14,-55.494347,-133.5,8.075898
1991,4,15,-55.494347,-132.5,8.076689
1991,4,16,-55.494347,-131.5,8.077407
1991,4,17,-55.494347,-130.5,8.078326
1991,4,18,-55.494347,-129.5,8.078879
1991,4,19,-55.494347,-128.5,8.078984
1991,5,0,-54.923775,-147.5,8.070481
1991,5,1,-54.923775,-146.5,8.070914
1991,5,2,-54.923775,-145.5,8.071851
1991,5,3,-54.923775,-144.5,8.072482
1991,5,4,-54.923775,-143.5,8.073488
1991,5,5,-54.923775,-142.5,8.074377
1991,5,6,-54.923775,-141.5,8.075355
1991,5,7,-54.923775,-140.5,8.07503
1991,5,8,-54.923775,-139.5,8.075156
1991,5,9,-54.923775,-138.5,8.075066
1991,5,10,-54.923775,-137.5,8.075058
1991,5,11,-54.923775,-136.5,8.075156
1991,5,12,-54.923775,-135.5,8.075768
1991,5,13,-54.923775,-134.5,8.076072
1991,5,14,-54.923775,-133.5,8.076811
1991,5,15,-54.923775,-132.5,8.077675
1991,5,16,-54.923775,-131.5,8.078418
1991,5,17,-54.923775,-130.5,8.079303
1991,5,18,-54.923775,-129.5,8.079714
1991,5,19,-54.923775,-128.5,8.079561
1991,6,0,-54.344994,-147.5,8.073054
1991,6,1,-54.344994,-146.5,8.073492
1991,6,2,-54.344994,-145.5,8.074319
1991,6,3,-54.344994,-144.5,8.07484
1991,6,4,-54.344994,-143.5,8.07574
1991,6,5,-54.344994,-142.5,8.076528
1991,6,6,-54.344994,-141.5,8.07722
1991,6,7,-54.344994,-140.5,8.077054
1991,6,8,-54.344994,-139.5,8.077055
1991,6,9,-54.344994,-138.5,8.076831
1991,6,10,-54.344994,-137.5,8.076701
1991,6,11,-54.344994,-136.5,8.076547
1991,6,12,-54.344994,-135.5,8.07697
1991,6,13,-54.344994,-134.5,8.077328
1991,6,14,-54.344994,-133.5,8.078164
1991,6,15,-54.344994,-132.5,8.078981
1991,6,16,-54.344994,-131.5,8.079652
1991,6,17,-54.344994,-130.5,8.0804
1991,6,18,-54.344994,-129.5,8.080651
1991,6,19,-54.344994,-128.5,8.080341
1991,7,0,-53.75795,-147.5,8.075566
1991,7,1,-53.75795,-146.5,8.076055
1991,7,2,-53.75795,-145.5,8.076902
1991,7,3,-53.75795,-144.5,8.077457
1991,7,4,-53.75795,-143.5,8.078262
1991,7,5,-53.75795,-142.5,8.078967
1991,7,6,-53.75795,-141.5,8.079405
1991,7,7,-53.75795,-140.5,8.07932
1991,7,8,-53.75795,-139.5,8.079188
1991,7,9,-53.75795,-138.5,8.07886
1991,7,10,-53.75795,-137.5,8.078589
1991,7,11,-53.75795,-136.5,8.0784
1991,7,12,-53.75795,-135.5,8.078635
1991,7,13,-53.75795,-134.5,8.078984
1991,7,14,-53.75795,-133.5,8.079587
1991,7,15,-53.75795,-132.5,8.080256
1991,7,16,-53.75795,-131.5,8.080877
1991,7,17,-53.75795,-130.5,8.081402
1991,7,18,-53.75795,-129.5,8.081477
1991,7,19,-53.75795,-128.5,8.080841
1991,8,0,-53.162582,-147.5,8.077856
1991,8,1,-53.162582,-146.5,8.078385
1991,8,2,-53.162582,-145.5,8.079263
1991,8,3,-53.162582,-144.5,8.079865
1991,8,4,-53.162582,-143.5,8.080669
1991,8,5,-53.162582,-142.5,8.081272
1991,8,6,-53.162582,-141.5,8.081628
1991,8,7,-53.162582,-140.5,8.081498
1991,8,8,-53.162582,-139.5,8.081311
1991,8,9,-53.162582,-138.5,8.080932
1991,8,10,-53.162582,-137.5,8.080579
1991,8,11,-53.162582,-136.5,8.080373
1991,8,12,-53.162582,-135.5,8.08046
1991,8,13,-53.162582,-134.5,8.080682
1991,8,14,-53.162582,-133.5,8.081134
1991,8,15,-53.162582,-132.5,8.081685
1991,8,16,-53.162582,-131.5,8.0821905
1991,8,17,-53.162582,-130.5,8.082496
1991,8,18,-53.162582,-129.5,8.08231
1991,8,19,-53.162582,-128.5,8.081475
1991,9,0,-52.558838,-147.5,8.080443
1991,9,1,-52.558838,-146.5,8.081067
1991,9,2,-52.558838,-145.5,8.082
1991,9,3,-52.558838,-144.5,8.082639
1991,9,4,-52.558838,-143.5,8.083377
1991,9,5,-52.558838,-142.5,8.083838
1991,9,6,-52.558838,-141.5,8.08414
1991,9,7,-52.558838,-140.5,8.083943
1991,9,8,-52.558838,-139.5,8.0836935
1991,9,9,-52.558838,-138.5,8.083224
1991,9,10,-52.558838,-137.5,8.082824
1991,9,11,-52.558838,-136.5,8.082657
1991,9,12,-52.558838,-135.5,8.082627
1991,9,13,-52.558838,-134.5,8.082736
1991,9,14,-52.558838,-133.5,8.082981
1991,9,15,-52.558838,-132.5,8.083294
1991,9,16,-52.558838,-131.5,8.083419
1991,9,17,-52.558838,-130.5,8.083365
1991,9,18,-52.558838,-129.5,8.08298
1991,9,19,-52.558838,-128.5,8.082079
1991,10,0,-51.946674,-147.5,8.082936
1991,10,1,-51.946674,-146.5,8.083662
1991,10,2,-51.946674,-145.5,8.084584
1991,10,3,-51.946674,-144.5,8.085217
1991,10,4,-51.946674,-143.5,8.085837
1991,10,5,-51.946674,-142.5,8.08623
1991,10,6,-51.946674,-141.5,8.086459
1991,10,7,-51.946674,-140.5,8.086147
1991,10,8,-51.946674,-139.5,8.085905
1991,10,9,-51.946674,-138.5,8.085475
1991,10,10,-51.946674,-137.5,8.085011
1991,10,11,-51.946674,-136.5,8.084755
1991,10,12,-51.946674,-135.5,8.084611
1991,10,13,-51.946674,-134.5,8.0846
1991,10,14,-51.946674,-133.5,8.084682
1991,10,15,-51.946674,-132.5,8.084671
1991,10,16,-51.946674,-131.5,8.084386
1991,10,17,-51.946674,-130.5,8.083882
1991,10,18,-51.946674,-129.5,8.083362
1991,10,19,-51.946674,-128.5,8.082522
1991,11,0,-51.326035,-147.5,8.0854225
1991,11,1,-51.326035,-146.5,8.08618
1991,11,2,-51.326035,-145.5,8.087062
1991,11,3,-51.326035,-144.5,8.087647
1991,11,4,-51.326035,-143.5,8.088077
1991,11,5,-51.326035,-142.5,8.088401
1991,11,6,-51.326035,-141.5,8.088592
1991,11,7,-51.326035,-140.5,8.088265
1991,11,8,-51.326035,-139.5,8.087972
1991,11,9,-51.326035,-138.5,8.087548
1991,11,10,-51.326035,-137.5,8.087021
1991,11,11,-51.326035,-136.5,8.086741
1991,11,12,-51.326035,-135.5,8.086428
1991,11,13,-51.326035,-134.5,8.086118
1991,11,14,-51.326035,-133.5,8.085977
1991,11,15,-51.326035,-132.5,8.085764
1991,11,16,-51.326035,-131.5,8.0851965
1991,11,17,-51.326035,-130.5,8.084568
1991,11,18,-51.326035,-129.5,8.084041
1991,11,19,-51.326035,-128.5,8.083172
1991,12,0,-50.696884,-147.5,8.088075
1991,12,1,-50.696884,-146.5,8.088753
1991,12,2,-50.696884,-145.5,8.0894575
1991,12,3,-50.696884,-144.5,8.089863
1991,12,4,-50.696884,-143.5,8.090177
1991,12,5,-50.696884,-142.5,8.090266
1991,12,6,-50.696884,-141.5,8.090291
1991,12,7,-50.696884,-140.5,8.08986
1991,12,8,-50.696884,-139.5,8.089506
1991,12,9,-50.696884,-138.5,8.089089
1991,12,10,-50.696884,-137.5,8.0884695
1991,12,11,-50.696884,-136.5,8.088149
1991,12,12,-50.696884,-135.5,8.087654
1991,12,13,-50.696884,-134.5,8.08716
1991,12,14,-50.696884,-133.5,8.086808
1991,12,15,-50.696884,-132.5,8.08641
1991,12,16,-50.696884,-131.5,8.085794
1991,12,17,-50.696884,-130.5,8.085124
1991,12,18,-50.696884,-129.5,8.084678
1991,12,19,-50.696884,-128.5,8.083802
1991,13,0,-50.059177,-147.5,8.090833
1991,13,1,-50.059177,-146.5,8.091292
1991,13,2,-50.059177,-145.5,8.091751
1991,13,3,-50.059177,-144.5,8.092012
1991,13,4,-50.059177,-143.5,8.092045
1991,13,5,-50.059177,-142.5,8.091868
1991,13,6,-50.059177,-141.5,8.091609
1991,13,7,-50.059177,-140.5,8.091014
1991,13,8,-50.059177,-139.5,8.090587
1991,13,9,-50.059177,-138.5,8.090079
1991,13,10,-50.059177,-137.5,8.089327
1991,13,11,-50.059177,-136.5,8.0888605
1991,13,12,-50.059177,-135.5,8.088347
1991,13,13,-50.059177,-134.5,8.087768
1991,13,14,-50.059177,-133.5,8.087308
1991,13,15,-50.059177,-132.5,8.086852
1991,13,16,-50.059177,-131.5,8.0862665
1991,13,17,-50.059177,-130.5,8.085507
1991,13,18,-50.059177,-129.5,8.085199
1991,13,19,-50.059177,-128.5,8.084489
1991,14,0,-49.41288,-147.5,8.093272
1991,14,1,-49.41288,-146.5,8.093513
1991,14,2,-49.41288,-145.5,8.093629
1991,14,3,-49.41288,-144.5,8.093679
1991,14,4,-49.41288,-143.5,8.093472
1991,14,5,-49.41288,-142.5,8.093015
1991,14,6,-49.41288,-141.5,8.09248
1991,14,7,-49.41288,-140.5,8.091737
1991,14,8,-49.41288,-139.5,8.091178
1991,14,9,-49.41288,-138.5,8.090461
1991,14,10,-49.41288,-137.5,8.089597
1991,14,11,-49.41288,-136.5,8.088994
1991,14,12,-49.41288,-135.5,8.088475
1991,14,13,-49.41288,-134.5,8.087929
1991,14,14,-49.41288,-133.5,8.087394
1991,14,15,-49.41288,-132.5,8.087014
1991,14,16,-49.41288,-131.5,8.086539
1991,14,17,-49.41288,-130.5,8.085902
1991,14,18,-49.41288,-129.5,8.085701
1991,14,19,-49.41288,-128.5,8.085077
1991,15,0,-48.757957,-147.5,8.095549
1991,15,1,-48.757957,-146.5,8.095437
1991,15,2,-48.757957,-145.5,8.095157
1991,15,3,-48.757957,-144.5,8.094788
1991,15,4,-48.757957,-143.5,8.094437
1991,15,5,-48.757957,-142.5,8.093689
1991,15,6,-48.757957,-141.5,8.092969
1991,15,7,-48.757957,-140.5,8.091964
1991,15,8,-48.757957,-139.5,8.091141
1991,15,9,-48.757957,-138.5,8.090295
1991,15,10,-48.757957,-137.5,8.089564
1991,15,11,-48.757957,-136.5,8.089086
1991,15,12,-48.757957,-135.5,8.088704
1991,15,13,-48.757957,-134.5,8.088279
1991,15,14,-48.757957,-133.5,8.087789
1991,15,15,-48.757957,-132.5,8.087466
1991,15,16,-48.757957,-131.5,8.087144
1991,15,17,-48.757957,-130.5,8.086498
1991,15,18,-48.757957,-129.5,8.086337
1991,15,19,-48.757957,-128.5,8.085841
1991,16,0,-48.094387,-147.5,8.096956
1991,16,1,-48.094387,-146.5,8.096353
1991,16,2,-48.094387,-145.5,8.095638
1991,16,3,-48.094387,-144.5,8.094875
1991,16,4,-48.094387,-143.5,8.094241
1991,16,5,-48.094387,-142.5,8.093312
1991,16,6,-48.094387,-141.5,8.09238
1991,16,7,-48.094387,-140.5,8.091199
1991,16,8,-48.094387,-139.5,8.090365
1991,16,9,-48.094387,-138.5,8.089654
1991,16,10,-48.094387,-137.5,8.089167
1991,16,11,-48.094387,-136.5,8.089009
1991,16,12,-48.094387,-135.5,8.088759
1991,16,13,-48.094387,-134.5,8.08855
1991,16,14,-48.094387,-133.5,8.088188
1991,16,15,-48.094387,-132.5,8.088043
1991,16,16,-48.094387,-131.5,8.087934
1991,16,17,-48.094387,-130.5,8.087261
1991,16,18,-48.094387,-129.5,8.086938
1991,16,19,-48.094387,-128.5,8.086461
1991,17,0,-47.422142,-147.5,8.097237
1991,17,1,-47.422142,-146.5,8.096328
1991,17,2,-47.422142,-145.5,8.09533
1991,17,3,-47.422142,-144.5,8.094296
1991,17,4,-47.422142,-143.5,8.09332
1991,17,5,-47.422142,-142.5,8.092274
1991,17,6,-47.422142,-141.5,8.091374
1991,17,7,-47.422142,-140.5,8.090519
1991,17,8,-47.422142,-139.5,8.089872
1991,17,9,-47.422142,-138.5,8.089393
1991,17,10,-47.422142,-137.5,8.089149
1991,17,11,-47.422142,-136.5,8.089125
1991,17,12,-47.422142,-135.5,8.088946
1991,17,13,-47.422142,-134.5,8.088819
1991,17,14,-47.422142,-133.5,8.088639
1991,17,15,-47.422142,-132.5,8.088633
1991,17,16,-47.422142,-131.5,8.088693
1991,17,17,-47.422142,-130.5,8.088039
1991,17,18,-47.422142,-129.5,8.087581
1991,17,19,-47.422142,-128.5,8.087066
1991,18,0,-46.7412,-147.5,8.096014
1991,18,1,-46.7412,-146.5,8.094876
1991,18,2,-46.7412,-145.5,8.093752
1991,18,3,-46.7412,-144.5,8.09263
1991,18,4,-46.7412,-143.5,8.091804
1991,18,5,-46.7412,-142.5,8.0909
1991,18,6,-46.7412,-141.5,8.090172
1991,18,7,-46.7412,-140.5,8.089692
1991,18,8,-46.7412,-139.5,8.089267
1991,18,9,-46.7412,-138.5,8.088919
1991,18,10,-46.7412,-137.5,8.088853
1991,18,11,-46.7412,-136.5,8.089021
1991,18,12,-46.7412,-135.5,8.088899
1991,18,13,-46.7412,-134.5,8.088772
1991,18,14,-46.7412,-133.5,8.088828
1991,18,15,-46.7412,-132.5,8.08881
1991,18,16,-46.7412,-131.5,8.088921
1991,18,17,-46.7412,-130.5,8.088214
1991,18,18,-46.7412,-129.5,8.087588
1991,18,19,-46.7412,-128.5,8.087018
1991,19,0,-46.051548,-147.5,8.094268
1991,19,1,-46.051548,-146.5,8.093228
1991,19,2,-46.051548,-145.5,8.092121
1991,19,3,-46.051548,-144.5,8.091146
1991,19,4,-46.051548,-143.5,8.090563
1991,19,5,-46.051548,-142.5,8.090024
1991,19,6,-46.051548,-141.5,8.089539
1991,19,7,-46.051548,-140.5,8.089192
1991,19,8,-46.051548,-139.5,8.088928
1991,19,9,-46.051548,-138.5,8.088624
1991,19,10,-46.051548,-137.5,8.088503
1991,19,11,-46.051548,-136.5,8.088575
1991,19,12,-46.051548,-135.5,8.088574
1991,19,13,-46.051548,-134.5,8.088595
1991,19,14,-46.051548,-133.5,8.088574
1991,19,15,-46.051548,-132.5,8.088467
1991,19,16,-46.051548,-131.5,8.088533
1991,19,17,-46.051548,-130.5,8.087986
1991,19,18,-46.051548,-129.5,8.087384
1991,19,19,-46.051548,-128.5,8.086835
1992,0,0,-57.695797,-147.5,8.06263
1992,0,1,-57.695797,-146.5,8.063158
1992,0,2,-57.695797,-145.5,8.063823
1992,0,3,-57.695797,-144.5,8.063233
1992,0,4,-57.695797,-143.5,8.063582
1992,0,5,-57.695797,-142.5,8.06423
1992,0,6,-57.695797,-141.5,8.064767
1992,0,7,-57.695797,-140.5,8.065684
1992,0,8,-57.695797,-139.5,8.066557
1992,0,9,-57.695797,-138.5,8.066976
1992,0,10,-57.695797,-137.5,8.067226
1992,0,11,-57.695797,-136.5,8.067666
1992,0,12,-57.695797,-135.5,8.067874
1992,0,13,-57.695797,-134.5,8.06816
1992,0,14,-57.695797,-133.5,8.068753
1992,0,15,-57.695797,-132.5,8.069272
1992,0,16,-57.695797,-131.5,8.0695505
1992,0,17,-57.695797,-130.5,8.070027
1992,0,18,-57.695797,-129.5,8.070167
1992,0,19,-57.695797,-128.5,8.070346
1992,1,0,-57.15743,-147.5,8.062736
1992,1,1,-57.15743,-146.5,8.063848
1992,1,2,-57.15743,-145.5,8.064003
1992,1,3,-57.15743,-144.5,8.063591
1992,1,4,-57.15743,-143.5,8.064244
1992,1,5,-57.15743,-142.5,8.065093
1992,1,6,-57.15743,-141.5,8.065756
1992,1,7,-57.15743,-140.5,8.066729
1992,1,8,-57.15743,-139.5,8.067373
1992,1,9,-57.15743,-138.5,8.067605
1992,1,10,-57.15743,-137.5,8.067728
1992,1,11,-57.15743,-136.5,8.068181
1992,1,12,-57.15743,-135.5,8.06844
1992,1,13,-57.15743,-134.5,8.0686865
1992,1,14,-57.15743,-133.5,8.069402
1992,1,15,-57.15743,-132.5,8.069932
1992,1,16,-57.15743,-131.5,8.070137
1992,1,17,-57.15743,-130.5,8.070614
1992,1,18,-57.15743,-129.5,8.070739
1992,1,19,-57.15743,-128.5,8.070941
1992,2,0,-56.61111,-147.5,8.062436
1992,2,1,-56.61111,-146.5,8.063797
1992,2,2,-56.61111,-145.5,8.064106
1992,2,3,-56.61111,-144.5,8.064198
1992,2,4,-56.61111,-143.5,8.065203
1992,2,5,-56.61111,-142.5,8.066174
1992,2,6,-56.61111,-141.5,8.066751
1992,2,7,-56.61111,-140.5,8.067924
1992,2,8,-56.61111,-139.5,8.068073
1992,2,9,-56.61111,-138.5,8.068287
1992,2,10,-56.61111,-137.5,8.068371
1992,2,11,-56.61111,-136.5,8.068791
1992,2,12,-56.61111,-135.5,8.069205
1992,2,13,-56.61111,-134.5,8.069428
1992,2,14,-56.61111,-133.5,8.070034
1992,2,15,-56.61111,-132.5,8.070509
1992,2,16,-56.61111,-131.5,8.070634
1992,2,17,-56.61111,-130.5,8.071118
1992,2,18,-56.61111,-129.5,8.0713005
1992,2,19,-56.61111,-128.5,8.071547
1992,3,0,-56.05677,-147.5,8.063903
1992,3,1,-56.05677,-146.5,8.06496
1992,3,2,-56.05677,-145.5,8.065486
1992,3,3,-56.05677,-144.5,8.065894
1992,3,4,-56.05677,-143.5,8.066838
1992,3,5,-56.05677,-142.5,8.067556
1992,3,6,-56.05677,-141.5,8.068086
1992,3,7,-56.05677,-140.5,8.068944
1992,3,8,-56.05677,-139.5,8.069096
1992,3,9,-56.05677,-138.5,8.069111
1992,3,10,-56.05677,-137.5,8.069131
1992,3,11,-56.05677,-136.5,8.06948
1992,3,12,-56.05677,-135.5,8.0699625
1992,3,13,-56.05677,-134.5,8.070159
1992,3,14,-56.05677,-133.5,8.070734
1992,3,15,-56.05677,-132.5,8.071194
1992,3,16,-56.05677,-131.5,8.071366
1992,3,17,-56.05677,-130.5,8.071845
1992,3,18,-56.05677,-129.5,8.07212
1992,3,19,-56.05677,-128.5,8.072442
1992,4,0,-55.494347,-147.5,8.065906
1992,4,1,-55.494347,-146.5,8.066318
1992,4,2,-55.494347,-145.5,8.067017
1992,4,3,-55.494347,-144.5,8.067371
1992,4,4,-55.494347,-143.5,8.068128
1992,4,5,-55.494347,-142.5,8.068741
1992,4,6,-55.494347,-141.5,8.0695505
1992,4,7,-55.494347,-140.5,8.069504
1992,4,8,-55.494347,-139.5,8.069868
1992,4,9,-55.494347,-138.5,8.069798
1992,4,10,-55.494347,-137.5,8.069712
1992,4,11,-55.494347,-136.5,8.06999
1992,4,12,-55.494347,-135.5,8.070452
1992,4,13,-55.494347,-134.5,8.070668
1992,4,14,-55.494347,-133.5,8.071225
1992,4,15,-55.494347,-132.5,8.071696
1992,4,16,-55.494347,-131.5,8.071926
1992,4,17,-55.494347,-130.5,8.072395
1992,4,18,-55.494347,-129.5,8.072707
1992,4,19,-55.494347,-128.5,8.073182
1992,5,0,-54.923775,-147.5,8.068465
1992,5,1,-54.923775,-146.5,8.0687895
1992,5,2,-54.923775,-145.5,8.069501
1992,5,3,-54.923775,-144.5,8.069851
1992,5,4,-54.923775,-143.5,8.070392
1992,5,5,-54.923775,-142.5,8.070767
1992,5,6,-54.923775,-141.5,8.071532
1992,5,7,-54.923775,-140.5,8.070926
1992,5,8,-54.923775,-139.5,8.071109
1992,5,9,-54.923775,-138.5,8.070915
1992,5,10,-54.923775,-137.5,8.070674
1992,5,11,-54.923775,-136.5,8.070756
1992,5,12,-54.923775,-135.5,8.071324
1992,5,13,-54.923775,-134.5,8.071506
1992,5,14,-54.923775,-133.5,8.07199
1992,5,15,-54.923775,-132.5,8.072476
1992,5,16,-54.923775,-131.5,8.072777
1992,5,17,-54.923775,-130.5,8.073287
1992,5,18,-54.923775,-129.5,8.073753
1992,5,19,-54.923775,-128.5,8.073864
1992,6,0,-54.344994,-147.5,8.070006
1992,6,1,-54.344994,-146.5,8.070266
1992,6,2,-54.344994,-145.5,8.0708685
1992,6,3,-54.344994,-144.5,8.071132
1992,6,4,-54.344994,-143.5,8.071637
1992,6,5,-54.344994,-142.5,8.07204
1992,6,6,-54.344994,-141.5,8.072703
1992,6,7,-54.344994,-140.5,8.072267
1992,6,8,-54.344994,-139.5,8.072288
1992,6,9,-54.344994,-138.5,8.072055
1992,6,10,-54.344994,-137.5,8.071765
1992,6,11,-54.344994,-136.5,8.071679
1992,6,12,-54.344994,-135.5,8.072082
1992,6,13,-54.344994,-134.5,8.072222
1992,6,14,-54.344994,-133.5,8.072686
1992,6,15,-54.344994,-132.5,8.073124
1992,6,16,-54.344994,-131.5,8.07351
1992,6,17,-54.344994,-130.5,8.074093
1992,6,18,-54.344994,-129.5,8.0747
1992,6,19,-54.344994,-128.5,8.074715
1992,7,0,-53.75795,-147.5,8.071792
1992,7,1,-53.75795,-146.5,8.072142
1992,7,2,-53.75795,-145.5,8.072715
1992,7,3,-53.75795,-144.5,8.073047
1992,7,4,-53.75795,-143.5,8.073657
1992,7,5,-53.75795,-142.5,8.074108
1992,7,6,-53.75795,-141.5,8.074634
1992,7,7,-53.75795,-140.5,8.074165
1992,7,8,-53.75795,-139.5,8.074014
1992,7,9,-53.75795,-138.5,8.073697
1992,7,10,-53.75795,-137.5,8.073331
1992,7,11,-53.75795,-136.5,8.073251
1992,7,12,-53.75795,-135.5,8.073331
1992,7,13,-53.75795,-134.5,8.073438
1992,7,14,-53.75795,-133.5,8.073678
1992,7,15,-53.75795,-132.5,8.074009
1992,7,16,-53.75795,-131.5,8.074395
1992,7,17,-53.75795,-130.5,8.074922
1992,7,18,-53.75795,-129.5,8.07548
1992,7,19,-53.75795,-128.5,8.075465
1992,8,0,-53.162582,-147.5,8.073506
1992,8,1,-53.162582,-146.5,8.07393
1992,8,2,-53.162582,-145.5,8.074492
1992,8,3,-53.162582,-144.5,8.074882
1992,8,4,-53.162582,-143.5,8.075501
1992,8,5,-53.162582,-142.5,8.075965
1992,8,6,-53.162582,-141.5,8.076407
1992,8,7,-53.162582,-140.5,8.075943
1992,8,8,-53.162582,-139.5,8.075854
1992,8,9,-53.162582,-138.5,8.075564
1992,8,10,-53.162582,-137.5,8.075144
1992,8,11,-53.162582,-136.5,8.075007
1992,8,12,-53.162582,-135.5,8.074864
1992,8,13,-53.162582,-134.5,8.074782
1992,8,14,-53.162582,-133.5,8.074982
1992,8,15,-53.162582,-132.5,8.075205
1992,8,16,-53.162582,-131.5,8.075611
1992,8,17,-53.162582,-130.5,8.076039
1992,8,18,-53.162582,-129.5,8.076506
1992,8,19,-53.162582,-128.5,8.0766
1992,9,0,-52.558838,-147.5,8.075787
1992,9,1,-52.558838,-146.5,8.076249
1992,9,2,-52.558838,-145.5,8.076737
1992,9,3,-52.558838,-144.5,8.077132
1992,9,4,-52.558838,-143.5,8.077592
1992,9,5,-52.558838,-142.5,8.077798
1992,9,6,-52.558838,-141.5,8.078151
1992,9,7,-52.558838,-140.5,8.0778675
1992,9,8,-52.558838,-139.5,8.077735
1992,9,9,-52.558838,-138.5,8.077479
1992,9,10,-52.558838,-137.5,8.077151
1992,9,11,-52.558838,-136.5,8.076903
1992,9,12,-52.558838,-135.5,8.076642
1992,9,13,-52.558838,-134.5,8.076373
1992,9,14,-52.558838,-133.5,8.076484
1992,9,15,-52.558838,-132.5,8.076581
1992,9,16,-52.558838,-131.5,8.0769415
1992,9,17,-52.558838,-130.5,8.077291
1992,9,18,-52.558838,-129.5,8.077606
1992,9,19,-52.558838,-128.5,8.077624
1992,10,0,-51.946674,-147.5,8.078209
1992,10,1,-51.946674,-146.5,8.078704
1992,10,2,-51.946674,-145.5,8.079091
1992,10,3,-51.946674,-144.5,8.079512
1992,10,4,-51.946674,-143.5,8.07985
1992,10,5,-51.946674,-142.5,8.079898
1992,10,6,-51.946674,-141.5,8.080059
1992,10,7,-51.946674,-140.5,8.079658
1992,10,8,-51.946674,-139.5,8.079516
1992,10,9,-51.946674,-138.5,8.07927
1992,10,10,-51.946674,-137.5,8.078856
1992,10,11,-51.946674,-136.5,8.078523
1992,10,12,-51.946674,-135.5,8.078179
1992,10,13,-51.946674,-134.5,8.07796
1992,10,14,-51.946674,-133.5,8.078003
1992,10,15,-51.946674,-132.5,8.078078
1992,10,16,-51.946674,-131.5,8.078359
1992,10,17,-51.946674,-130.5,8.078631
1992,10,18,-51.946674,-129.5,8.07895
1992,10,19,-51.946674,-128.5,8.078874
1992,11,0,-51.326035,-147.5,8.08105
1992,11,1,-51.326035,-146.5,8.081563
1992,11,2,-51.326035,-145.5,8.081827
1992,11,3,-51.326035,-144.5,8.082165
1992,11,4,-51.326035,-143.5,8.082253
1992,11,5,-51.326035,-142.5,8.082087
1992,11,6,-51.326035,-141.5,8.08208
1992,11,7,-51.326035,-140.5,8.081558
1992,11,8,-51.326035,-139.5,8.081304
1992,11,9,-51.326035,-138.5,8.080901
1992,11,10,-51.326035,-137.5,8.080422
1992,11,11,-51.326035,-136.5,8.080085
1992,11,12,-51.326035,-135.5,8.079728
1992,11,13,-51.326035,-134.5,8.079582
1992,11,14,-51.326035,-133.5,8.079558
1992,11,15,-51.326035,-132.5,8.079591
1992,11,16,-51.326035,-131.5,8.079805
1992,11,17,-51.326035,-130.5,8.079911
1992,11,18,-51.326035,-129.5,8.080218
1992,11,19,-51.326035,-128.5,8.08018
1992,12,0,-50.696884,-147.5,8.083881
1992,12,1,-50.696884,-146.5,8.0843
1992,12,2,-50.696884,-145.5,8.084348
1992,12,3,-50.696884,-144.5,8.084584
1992,12,4,-50.696884,-143.5,8.084473
1992,12,5,-50.696884,-142.5,8.084129
1992,12,6,-50.696884,-141.5,8.083953
1992,12,7,-50.696884,-140.5,8.083301
1992,12,8,-50.696884,-139.5,8.082929
1992,12,9,-50.696884,-138.5,8.082423
1992,12,10,-50.696884,-137.5,8.08188
1992,12,11,-50.696884,-136.5,8.081623
1992,12,12,-50.696884,-135.5,8.081155
1992,12,13,-50.696884,-134.5,8.081024
1992,12,14,-50.696884,-133.5,8.080881
1992,12,15,-50.696884,-132.5,8.080804
1992,12,16,-50.696884,-131.5,8.080907
1992,12,17,-50.696884,-130.5,8.080886
1992,12,18,-50.696884,-129.5,8.08108
1992,12,19,-50.696884,-128.5,8.080997
1992,13,0,-50.059177,-147.5,8.086615
1992,13,1,-50.059177,-146.5,8.08686
1992,13,2,-50.059177,-145.5,8.086745
1992,13,3,-50.059177,-144.5,8.086789
1992,13,4,-50.059177,-143.5,8.086514
1992,13,5,-50.059177,-142.5,8.086147
1992,13,6,-50.059177,-141.5,8.085877
1992,13,7,-50.059177,-140.5,8.085137
1992,13,8,-50.059177,-139.5,8.084707
1992,13,9,-50.059177,-138.5,8.083989
1992,13,10,-50.059177,-137.5,8.083282
1992,13,11,-50.059177,-136.5,8.082966
1992,13,12,-50.059177,-135.5,8.082503
1992,13,13,-50.059177,-134.5,8.082394
1992,13,14,-50.059177,-133.5,8.08224
1992,13,15,-50.059177,-132.5,8.082087
1992,13,16,-50.059177,-131.5,8.082081
1992,13,17,-50.059177,-130.5,8.08195
1992,13,18,-50.059177,-129.5,8.081989
1992,13,19,-50.059177,-128.5,8.081771
1992,14,0,-49.41288,-147.5,8.088702
1992,14,1,-49.41288,-146.5,8.088832
1992,14,2,-49.41288,-145.5,8.088496
1992,14,3,-49.41288,-144.5,8.088483
1992,14,4,-49.41288,-143.5,8.088077
1992,14,5,-49.41288,-142.5,8.087634
1992,14,6,-49.41288,-141.5,8.087258
1992,14,7,-49.41288,-140.5,8.086423
1992,14,8,-49.41288,-139.5,8.085949
1992,14,9,-49.41288,-138.5,8.085183
1992,14,10,-49.41288,-137.5,8.084392
1992,14,11,-49.41288,-136.5,8.083968
1992,14,12,-49.41288,-135.5,8.083504
1992,14,13,-49.41288,-134.5,8.0833235
1992,14,14,-49.41288,-133.5,8.083089
1992,14,15,-49.41288,-132.5,8.082898
1992,14,16,-49.41288,-131.5,8.082864
1992,14,17,-49.41288,-130.5,8.082626
1992,14,18,-49.41288,-129.5,8.082578
1992,14,19,-49.41288,-128.5,8.082291
1992,15,0,-48.757957,-147.5,8.090274
1992,15,1,-48.757957,-146.5,8.090257
1992,15,2,-48.757957,-145.5,8.089688
1992,15,3,-48.757957,-144.5,8.089574
1992,15,4,-48.757957,-143.5,8.089096
1992,15,5,-48.757957,-142.5,8.088667
1992,15,6,-48.757957,-141.5,8.088305
1992,15,7,-48.757957,-140.5,8.087373
1992,15,8,-48.757957,-139.5,8.086886
1992,15,9,-48.757957,-138.5,8.086098
1992,15,10,-48.757957,-137.5,8.085323
1992,15,11,-48.757957,-136.5,8.084905
1992,15,12,-48.757957,-135.5,8.084363
1992,15,13,-48.757957,-134.5,8.084132
1992,15,14,-48.757957,-133.5,8.083943
1992,15,15,-48.757957,-132.5,8.083808
1992,15,16,-48.757957,-131.5,8.083714
1992,15,17,-48.757957,-130.5,8.083421
1992,15,18,-48.757957,-129.5,8.08337
1992,15,19,-48.757957,-128.5,8.083077
1992,16,0,-48.094387,-147.5,8.091155
1992,16,1,-48.094387,-146.5,8.091033
1992,16,2,-48.094387,-145.5,8.090286
1992,16,3,-48.094387,-144.5,8.090107
1992,16,4,-48.094387,-143.5,8.089653
1992,16,5,-48.094387,-142.5,8.089241
1992,16,6,-48.094387,-141.5,8.088936
1992,16,7,-48.094387,-140.5,8.087964
1992,16,8,-48.094387,-139.5,8.087478
1992,16,9,-48.094387,-138.5,8.086684
1992,16,10,-48.094387,-137.5,8.08595
1992,16,11,-48.094387,-136.5,8.085542
1992,16,12,-48.094387,-135.5,8.084929
1992,16,13,-48.094387,-134.5,8.084691
1992,16,14,-48.094387,-133.5,8.084577
1992,16,15,-48.094387,-132.5,8.084486
1992,16,16,-48.094387,-131.5,8.08441
1992,16,17,-48.094387,-130.5,8.084203
1992,16,18,-48.094387,-129.5,8.084105
1992,16,19,-48.094387,-128.5,8.083736
1992,17,0,-47.422142,-147.5,8.090995
1992,17,1,-47.422142,-146.5,8.090825
1992,17,2,-47.422142,-145.5,8.09014
1992,17,3,-47.422142,-144.5,8.089957
1992,17,4,-47.422142,-143.5,8.08959
1992,17,5,-47.422142,-142.5,8.089347
1992,17,6,-47.422142,-141.5,8.089045
1992,17,7,-47.422142,-140.5,8.088239
1992,17,8,-47.422142,-139.5,8.087834
1992,17,9,-47.422142,-138.5,8.087182
1992,17,10,-47.422142,-137.5,8.086558
1992,17,11,-47.422142,-136.5,8.086271
1992,17,12,-47.422142,-135.5,8.085681
1992,17,13,-47.422142,-134.5,8.085418
1992,17,14,-47.422142,-133.5,8.085337
1992,17,15,-47.422142,-132.5,8.085393
1992,17,16,-47.422142,-131.5,8.085374
1992,17,17,-47.422142,-130.5,8.084982
1992,17,18,-47.422142,-129.5,8.084807
1992,17,19,-47.422142,-128.5,8.084363
1992,18,0,-46.7412,-147.5,8.090628
1992,18,1,-46.7412,-146.5,8.090289
1992,18,2,-46.7412,-145.5,8.089641
1992,18,3,-46.7412,-144.5,8.089542
1992,18,4,-46.7412,-143.5,8.089095
1992,18,5,-46.7412,-142.5,8.089012
1992,18,6,-46.7412,-141.5,8.088828
1992,18,7,-46.7412,-140.5,8.088153
1992,18,8,-46.7412,-139.5,8.087902
1992,18,9,-46.7412,-138.5,8.08731
1992,18,10,-46.7412,-137.5,8.086739
1992,18,11,-46.7412,-136.5,8.086584
1992,18,12,-46.7412,-135.5,8.086104
1992,18,13,-46.7412,-134.5,8.085845
1992,18,14,-46.7412,-133.5,8.085788
1992,18,15,-46.7412,-132.5,8.085807
1992,18,16,-46.7412,-131.5,8.085746
1992,18,17,-46.7412,-130.5,8.085127
1992,18,18,-46.7412,-129.5,8.084824
1992,18,19,-46.7412,-128.5,8.084429
1992,19,0,-46.051548,-147.5,8.089913
1992,19,1,-46.051548,-146.5,8.089635
1992,19,2,-46.051548,-145.5,8.089174
1992,19,3,-46.051548,-144.5,8.088969
1992,19,4,-46.051548,-143.5,8.088487
1992,19,5,-46.051548,-142.5,8.088392
1992,19,6,-46.051548,-141.5,8.088193
1992,19,7,-46.051548,-140.5,8.087675
1992,19,8,-46.051548,-139.5,8.087601
1992,19,9,-46.051548,-138.5,8.087283
1992,19,10,-46.051548,-137.5,8.086854
1992,19,11,-46.051548,-136.5,8.086756
1992,19,12,-46.051548,-135.5,8.0865755
1992,19,13,-46.051548,-134.5,8.086423
1992,19,14,-46.051548,-133.5,8.086337
1992,19,15,-46.051548,-132.5,8.08624
1992,19,16,-46.051548,-131.5,8.086104
1992,19,17,-46.051548,-130.5,8.08547
1992,19,18,-46.051548,-129.5,8.085091
1992,19,19,-46.051548,-128.5,8.084716
1993,0,0,-57.695797,-147.5,8.060874
1993,0,1,-57.695797,-146.5,8.061167
1993,0,2,-57.695797,-145.5,8.061538
1993,0,3,-57.695797,-144.5,8.060041
1993,0,4,-57.695797,-143.5,8.060075
1993,0,5,-57.695797,-142.5,8.0611
1993,0,6,-57.695797,-141.5,8.062369
1993,0,7,-57.695797,-140.5,8.063736
1993,0,8,-57.695797,-139.5,8.064825
1993,0,9,-57.695797,-138.5,8.065438
1993,0,10,-57.695797,-137.5,8.065951
1993,0,11,-57.695797,-136.5,8.066812
1993,0,12,-57.695797,-135.5,8.067644
1993,0,13,-57.695797,-134.5,8.068396
1993,0,14,-57.695797,-133.5,8.069374
1993,0,15,-57.695797,-132.5,8.070304
1993,0,16,-57.695797,-131.5,8.071004
1993,0,17,-57.695797,-130.5,8.07179
1993,0,18,-57.695797,-129.5,8.072305
1993,0,19,-57.695797,-128.5,8.072801
1993,1,0,-57.15743,-147.5,8.059276
1993,1,1,-57.15743,-146.5,8.060645
1993,1,2,-57.15743,-145.5,8.060769
1993,1,3,-57.15743,-144.5,8.059951
1993,1,4,-57.15743,-143.5,8.060646
1993,1,5,-57.15743,-142.5,8.0620775
1993,1,6,-57.15743,-141.5,8.063508
1993,1,7,-57.15743,-140.5,8.064947
1993,1,8,-57.15743,-139.5,8.065808
1993,1,9,-57.15743,-138.5,8.066237
1993,1,10,-57.15743,-137.5,8.066611
1993,1,11,-57.15743,-136.5,8.067398
1993,1,12,-57.15743,-135.5,8.068145
1993,1,13,-57.15743,-134.5,8.068932
1993,1,14,-57.15743,-133.5,8.070071
1993,1,15,-57.15743,-132.5,8.071095
1993,1,16,-57.15743,-131.5,8.071934
1993,1,17,-57.15743,-130.5,8.072871
1993,1,18,-57.15743,-129.5,8.073457
1993,1,19,-57.15743,-128.5,8.074051
1993,2,0,-56.61111,-147.5,8.057318
1993,2,1,-56.61111,-146.5,8.059022
1993,2,2,-56.61111,-145.5,8.059698
1993,2,3,-56.61111,-144.5,8.060163
1993,2,4,-56.61111,-143.5,8.061808
1993,2,5,-56.61111,-142.5,8.0636635
1993,2,6,-56.61111,-141.5,8.065202
1993,2,7,-56.61111,-140.5,8.066649
1993,2,8,-56.61111,-139.5,8.0669565
1993,2,9,-56.61111,-138.5,8.06724
1993,2,10,-56.61111,-137.5,8.06749
1993,2,11,-56.61111,-136.5,8.068187
1993,2,12,-56.61111,-135.5,8.068902
1993,2,13,-56.61111,-134.5,8.0697155
1993,2,14,-56.61111,-133.5,8.070912
1993,2,15,-56.61111,-132.5,8.072085
1993,2,16,-56.61111,-131.5,8.0730715
1993,2,17,-56.61111,-130.5,8.074027
1993,2,18,-56.61111,-129.5,8.074632
1993,2,19,-56.61111,-128.5,8.075273
1993,3,0,-56.05677,-147.5,8.058976
1993,3,1,-56.05677,-146.5,8.060244
1993,3,2,-56.05677,-145.5,8.061385
1993,3,3,-56.05677,-144.5,8.062588
1993,3,4,-56.05677,-143.5,8.064519
1993,3,5,-56.05677,-142.5,8.066283
1993,3,6,-56.05677,-141.5,8.06779
1993,3,7,-56.05677,-140.5,8.0685625
1993,3,8,-56.05677,-139.5,8.06873
1993,3,9,-56.05677,-138.5,8.068666
1993,3,10,-56.05677,-137.5,8.068681
1993,3,11,-56.05677,-136.5,8.069163
1993,3,12,-56.05677,-135.5,8.069824
1993,3,13,-56.05677,-134.5,8.070582
1993,3,14,-56.05677,-133.5,8.071845
1993,3,15,-56.05677,-132.5,8.073107
1993,3,16,-56.05677,-131.5,8.074173
1993,3,17,-56.05677,-130.5,8.075191
1993,3,18,-56.05677,-129.5,8.075858
1993,3,19,-56.05677,-128.5,8.076519
1993,4,0,-55.494347,-147.5,8.062685
1993,4,1,-55.494347,-146.5,8.063366
1993,4,2,-55.494347,-145.5,8.064668
1993,4,3,-55.494347,-144.5,8.065839
1993,4,4,-55.494347,-143.5,8.067611
1993,4,5,-55.494347,-142.5,8.069078
1993,4,6,-55.494347,-141.5,8.070514
1993,4,7,-55.494347,-140.5,8.070392
1993,4,8,-55.494347,-139.5,8.070527
1993,4,9,-55.494347,-138.5,8.070247
1993,4,10,-55.494347,-137.5,8.070062
1993,4,11,-55.494347,-136.5,8.070398
1993,4,12,-55.494347,-135.5,8.071023
1993,4,13,-55.494347,-134.5,8.071754
1993,4,14,-55.494347,-133.5,8.07305
1993,4,15,-55.494347,-132.5,8.074299
1993,4,16,-55.494347,-131.5,8.075361
1993,4,17,-55.494347,-130.5,8.076388
1993,4,18,-55.494347,-129.5,8.077039
1993,4,19,-55.494347,-128.5,8.077683
1993,5,0,-54.923775,-147.5,8.067317
1993,5,1,-54.923775,-146.5,8.067904
1993,5,2,-54.923775,-145.5,8.069089
1993,5,3,-54.923775,-144.5,8.070073
1993,5,4,-54.923775,-143.5,8.071477
1993,5,5,-54.923775,-142.5,8.072457
1993,5,6,-54.923775,-141.5,8.073517
1993,5,7,-54.923775,-140.5,8.073043
1993,5,8,-54.923775,-139.5,8.072908
1993,5,9,-54.923775,-138.5,8.072471
1993,5,10,-54.923775,-137.5,8.072129
1993,5,11,-54.923775,-136.5,8.07232
1993,5,12,-54.923775,-135.5,8.072824
1993,5,13,-54.923775,-134.5,8.073491
1993,5,14,-54.923775,-133.5,8.07456
1993,5,15,-54.923775,-132.5,8.075666
1993,5,16,-54.923775,-131.5,8.076613
1993,5,17,-54.923775,-130.5,8.077608
1993,5,18,-54.923775,-129.5,8.078248
1993,5,19,-54.923775,-128.5,8.078671
1993,6,0,-54.344994,-147.5,8.070693
1993,6,1,-54.344994,-146.5,8.071277
1993,6,2,-54.344994,-145.5,8.072316
1993,6,3,-54.344994,-144.5,8.073049
1993,6,4,-54.344994,-143.5,8.074115
1993,6,5,-54.344994,-142.5,8.074864
1993,6,6,-54.344994,-141.5,8.075526
1993,6,7,-54.344994,-140.5,8.075217
1993,6,8,-54.344994,-139.5,8.075033
1993,6,9,-54.344994,-138.5,8.07465
1993,6,10,-54.344994,-137.5,8.074308
1993,6,11,-54.344994,-136.5,8.07433
1993,6,12,-54.344994,-135.5,8.074805
1993,6,13,-54.344994,-134.5,8.075265
1993,6,14,-54.344994,-133.5,8.076196
1993,6,15,-54.344994,-132.5,8.077149
1993,6,16,-54.344994,-131.5,8.078049
1993,6,17,-54.344994,-130.5,8.078998
1993,6,18,-54.344994,-129.5,8.079504
1993,6,19,-54.344994,-128.5,8.079518
1993,7,0,-53.75795,-147.5,8.073758
1993,7,1,-53.75795,-146.5,8.074362
1993,7,2,-53.75795,-145.5,8.075311
1993,7,3,-53.75795,-144.5,8.075992
1993,7,4,-53.75795,-143.5,8.076833
1993,7,5,-53.75795,-142.5,8.077526
1993,7,6,-53.75795,-141.5,8.077865
1993,7,7,-53.75795,-140.5,8.077647
1993,7,8,-53.75795,-139.5,8.077432
1993,7,9,-53.75795,-138.5,8.077118
1993,7,10,-53.75795,-137.5,8.076806
1993,7,11,-53.75795,-136.5,8.076691
1993,7,12,-53.75795,-135.5,8.0770645
1993,7,13,-53.75795,-134.5,8.077397
1993,7,14,-53.75795,-133.5,8.0781145
1993,7,15,-53.75795,-132.5,8.078844
1993,7,16,-53.75795,-131.5,8.079558
1993,7,17,-53.75795,-130.5,8.080333
1993,7,18,-53.75795,-129.5,8.080387
1993,7,19,-53.75795,-128.5,8.079975
1993,8,0,-53.162582,-147.5,8.076245
1993,8,1,-53.162582,-146.5,8.076898
1993,8,2,-53.162582,-145.5,8.077808
1993,8,3,-53.162582,-144.5,8.078456
1993,8,4,-53.162582,-143.5,8.079272
1993,8,5,-53.162582,-142.5,8.079913
1993,8,6,-53.162582,-141.5,8.080101
1993,8,7,-53.162582,-140.5,8.079948
1993,8,8,-53.162582,-139.5,8.079877
1993,8,9,-53.162582,-138.5,8.079638
1993,8,10,-53.162582,-137.5,8.079366
1993,8,11,-53.162582,-136.5,8.079183
1993,8,12,-53.162582,-135.5,8.079385
1993,8,13,-53.162582,-134.5,8.079472
1993,8,14,-53.162582,-133.5,8.079981
1993,8,15,-53.162582,-132.5,8.080452
1993,8,16,-53.162582,-131.5,8.080852
1993,8,17,-53.162582,-130.5,8.081207
1993,8,18,-53.162582,-129.5,8.080932
1993,8,19,-53.162582,-128.5,8.080233
1993,9,0,-52.558838,-147.5,8.078992
1993,9,1,-52.558838,-146.5,8.079613
1993,9,2,-52.558838,-145.5,8.080386
1993,9,3,-52.558838,-144.5,8.081019
1993,9,4,-52.558838,-143.5,8.081786
1993,9,5,-52.558838,-142.5,8.0822525
1993,9,6,-52.558838,-141.5,8.082412
1993,9,7,-52.558838,-140.5,8.082376
1993,9,8,-52.558838,-139.5,8.082364
1993,9,9,-52.558838,-138.5,8.082114
1993,9,10,-52.558838,-137.5,8.081859
1993,9,11,-52.558838,-136.5,8.081662
1993,9,12,-52.558838,-135.5,8.081595
1993,9,13,-52.558838,-134.5,8.081607
1993,9,14,-52.558838,-133.5,8.08182
1993,9,15,-52.558838,-132.5,8.081934
1993,9,16,-52.558838,-131.5,8.081899
1993,9,17,-52.558838,-130.5,8.08179
1993,9,18,-52.558838,-129.5,8.0812025
1993,9,19,-52.558838,-128.5,8.080388
1993,10,0,-51.946674,-147.5,8.081483
1993,10,1,-51.946674,-146.5,8.082089
1993,10,2,-51.946674,-145.5,8.082813
1993,10,3,-51.946674,-144.5,8.083421
1993,10,4,-51.946674,-143.5,8.084009
1993,10,5,-51.946674,-142.5,8.0842905
1993,10,6,-51.946674,-141.5,8.084487
1993,10,7,-51.946674,-140.5,8.084426
1993,10,8,-51.946674,-139.5,8.084471
1993,10,9,-51.946674,-138.5,8.084256
1993,10,10,-51.946674,-137.5,8.083901
1993,10,11,-51.946674,-136.5,8.083629
1993,10,12,-51.946674,-135.5,8.083374
1993,10,13,-51.946674,-134.5,8.083236
1993,10,14,-51.946674,-133.5,8.083124
1993,10,15,-51.946674,-132.5,8.082823
1993,10,16,-51.946674,-131.5,8.082416
1993,10,17,-51.946674,-130.5,8.081965
1993,10,18,-51.946674,-129.5,8.08129
1993,10,19,-51.946674,-128.5,8.080314
1993,11,0,-51.326035,-147.5,8.084061
1993,11,1,-51.326035,-146.5,8.084567
1993,11,2,-51.326035,-145.5,8.085165
1993,11,3,-51.326035,-144.5,8.085679
1993,11,4,-51.326035,-143.5,8.086028
1993,11,5,-51.326035,-142.5,8.086169
1993,11,6,-51.326035,-141.5,8.086387
1993,11,7,-51.326035,-140.5,8.0861635
1993,11,8,-51.326035,-139.5,8.085992
1993,11,9,-51.326035,-138.5,8.085714
1993,11,10,-51.326035,-137.5,8.085323
1993,11,11,-51.326035,-136.5,8.084964
1993,11,12,-51.326035,-135.5,8.08447
1993,11,13,-51.326035,-134.5,8.084054
1993,11,14,-51.326035,-133.5,8.083716
1993,11,15,-51.326035,-132.5,8.083182
1993,11,16,-51.326035,-131.5,8.082557
1993,11,17,-51.326035,-130.5,8.081805
1993,11,18,-51.326035,-129.5,8.080968
1993,11,19,-51.326035,-128.5,8.079928
1993,12,0,-50.696884,-147.5,8.086701
1993,12,1,-50.696884,-146.5,8.087106
1993,12,2,-50.696884,-145.5,8.087376
1993,12,3,-50.696884,-144.5,8.087636
1993,12,4,-50.696884,-143.5,8.087713
1993,12,5,-50.696884,-142.5,8.087565
1993,12,6,-50.696884,-141.5,8.087576
1993,12,7,-50.696884,-140.5,8.087197
1993,12,8,-50.696884,-139.5,8.086873
1993,12,9,-50.696884,-138.5,8.086464
1993,12,10,-50.696884,-137.5,8.085931
1993,12,11,-50.696884,-136.5,8.085494
1993,12,12,-50.696884,-135.5,8.084807
1993,12,13,-50.696884,-134.5,8.08416
1993,12,14,-50.696884,-133.5,8.083644
1993,12,15,-50.696884,-132.5,8.082957
1993,12,16,-50.696884,-131.5,8.082224
1993,12,17,-50.696884,-130.5,8.081239
1993,12,18,-50.696884,-129.5,8.080314
1993,12,19,-50.696884,-128.5,8.079392
1993,13,0,-50.059177,-147.5,8.08911
1993,13,1,-50.059177,-146.5,8.089272
1993,13,2,-50.059177,-145.5,8.08938
1993,13,3,-50.059177,-144.5,8.089498
1993,13,4,-50.059177,-143.5,8.08929
1993,13,5,-50.059177,-142.5,8.088805
1993,13,6,-50.059177,-141.5,8.088551
1993,13,7,-50.059177,-140.5,8.087829
1993,13,8,-50.059177,-139.5,8.0872345
1993,13,9,-50.059177,-138.5,8.086694
1993,13,10,-50.059177,-137.5,8.086044
1993,13,11,-50.059177,-136.5,8.085513
1993,13,12,-50.059177,-135.5,8.084762
1993,13,13,-50.059177,-134.5,8.083922
1993,13,14,-50.059177,-133.5,8.083334
1993,13,15,-50.059177,-132.5,8.082565
1993,13,16,-50.059177,-131.5,8.081735
1993,13,17,-50.059177,-130.5,8.080705
1993,13,18,-50.059177,-129.5,8.0799
1993,13,19,-50.059177,-128.5,8.07908
1993,14,0,-49.41288,-147.5,8.090989
1993,14,1,-49.41288,-146.5,8.090959
1993,14,2,-49.41288,-145.5,8.090896
1993,14,3,-49.41288,-144.5,8.090758
1993,14,4,-49.41288,-143.5,8.090154
1993,14,5,-49.41288,-142.5,8.089484
1993,14,6,-49.41288,-141.5,8.088985
1993,14,7,-49.41288,-140.5,8.087998
1993,14,8,-49.41288,-139.5,8.0872755
1993,14,9,-49.41288,-138.5,8.086511
1993,14,10,-49.41288,-137.5,8.085667
1993,14,11,-49.41288,-136.5,8.084964
1993,14,12,-49.41288,-135.5,8.08414
1993,14,13,-49.41288,-134.5,8.083241
1993,14,14,-49.41288,-133.5,8.082636
1993,14,15,-49.41288,-132.5,8.081826
1993,14,16,-49.41288,-131.5,8.081019
1993,14,17,-49.41288,-130.5,8.080075
1993,14,18,-49.41288,-129.5,8.079286
1993,14,19,-49.41288,-128.5,8.07858
1993,15,0,-48.757957,-147.5,8.092493
1993,15,1,-48.757957,-146.5,8.092229
1993,15,2,-48.757957,-145.5,8.091754
1993,15,3,-48.757957,-144.5,8.091417
1993,15,4,-48.757957,-143.5,8.090533
1993,15,5,-48.757957,-142.5,8.089696
1993,15,6,-48.757957,-141.5,8.089129
1993,15,7,-48.757957,-140.5,8.0880575
1993,15,8,-48.757957,-139.5,8.08719
1993,15,9,-48.757957,-138.5,8.0864
1993,15,10,-48.757957,-137.5,8.085498
1993,15,11,-48.757957,-136.5,8.084698
1993,15,12,-48.757957,-135.5,8.083844
1993,15,13,-48.757957,-134.5,8.082854
1993,15,14,-48.757957,-133.5,8.082109
1993,15,15,-48.757957,-132.5,8.081357
1993,15,16,-48.757957,-131.5,8.080682
1993,15,17,-48.757957,-130.5,8.079722
1993,15,18,-48.757957,-129.5,8.079015
1993,15,19,-48.757957,-128.5,8.078401
1993,16,0,-48.094387,-147.5,8.093141
1993,16,1,-48.094387,-146.5,8.092562
1993,16,2,-48.094387,-145.5,8.091794
1993,16,3,-48.094387,-144.5,8.0913
1993,16,4,-48.094387,-143.5,8.090324
1993,16,5,-48.094387,-142.5,8.089479
1993,16,6,-48.094387,-141.5,8.088756
1993,16,7,-48.094387,-140.5,8.087588
1993,16,8,-48.094387,-139.5,8.086545
1993,16,9,-48.094387,-138.5,8.085756
1993,16,10,-48.094387,-137.5,8.084825
1993,16,11,-48.094387,-136.5,8.084084
1993,16,12,-48.094387,-135.5,8.083185
1993,16,13,-48.094387,-134.5,8.0822115
1993,16,14,-48.094387,-133.5,8.081484
1993,16,15,-48.094387,-132.5,8.080715
1993,16,16,-48.094387,-131.5,8.080181
1993,16,17,-48.094387,-130.5,8.079286
1993,16,18,-48.094387,-129.5,8.078627
1993,16,19,-48.094387,-128.5,8.078103
1993,17,0,-47.422142,-147.5,8.092753
1993,17,1,-47.422142,-146.5,8.092011
1993,17,2,-47.422142,-145.5,8.091365
1993,17,3,-47.422142,-144.5,8.0908
1993,17,4,-47.422142,-143.5,8.089694
1993,17,5,-47.422142,-142.5,8.0887575
1993,17,6,-47.422142,-141.5,8.088012
1993,17,7,-47.422142,-140.5,8.086855
1993,17,8,-47.422142,-139.5,8.08588
1993,17,9,-47.422142,-138.5,8.085019
1993,17,10,-47.422142,-137.5,8.084037
1993,17,11,-47.422142,-136.5,8.083253
1993,17,12,-47.422142,-135.5,8.082584
1993,17,13,-47.422142,-134.5,8.081702
1993,17,14,-47.422142,-133.5,8.081063
1993,17,15,-47.422142,-132.5,8.080434
1993,17,16,-47.422142,-131.5,8.079959
1993,17,17,-47.422142,-130.5,8.079314
1993,17,18,-47.422142,-129.5,8.078774
1993,17,19,-47.422142,-128.5,8.078349
1993,18,0,-46.7412,-147.5,8.091701
1993,18,1,-46.7412,-146.5,8.090835
1993,18,2,-46.7412,-145.5,8.090138
1993,18,3,-46.7412,-144.5,8.089606
1993,18,4,-46.7412,-143.5,8.088493
1993,18,5,-46.7412,-142.5,8.087407
1993,18,6,-46.7412,-141.5,8.08666
1993,18,7,-46.7412,-140.5,8.08559
1993,18,8,-46.7412,-139.5,8.084632
1993,18,9,-46.7412,-138.5,8.0838995
1993,18,10,-46.7412,-137.5,8.0829735
1993,18,11,-46.7412,-136.5,8.082282
1993,18,12,-46.7412,-135.5,8.081691
1993,18,13,-46.7412,-134.5,8.08102
1993,18,14,-46.7412,-133.5,8.080536
1993,18,15,-46.7412,-132.5,8.080051
1993,18,16,-46.7412,-131.5,8.079726
1993,18,17,-46.7412,-130.5,8.079258
1993,18,18,-46.7412,-129.5,8.078832
1993,18,19,-46.7412,-128.5,8.07856
1993,19,0,-46.051548,-147.5,8.090153
1993,19,1,-46.051548,-146.5,8.089377
1993,19,2,-46.051548,-145.5,8.088627
1993,19,3,-46.051548,-144.5,8.088007
1993,19,4,-46.051548,-143.5,8.087047
1993,19,5,-46.051548,-142.5,8.086064
1993,19,6,-46.051548,-141.5,8.085388
1993,19,7,-46.051548,-140.5,8.0843725
1993,19,8,-46.051548,-139.5,8.083496
1993,19,9,-46.051548,-138.5,8.082825
1993,19,10,-46.051548,-137.5,8.082127
1993,19,11,-46.051548,-136.5,8.081441
1993,19,12,-46.051548,-135.5,8.080888
1993,19,13,-46.051548,-134.5,8.0804205
1993,19,14,-46.051548,-133.5,8.079966
1993,19,15,-46.051548,-132.5,8.079566
1993,19,16,-46.051548,-131.5,8.079426
1993,19,17,-46.051548,-130.5,8.079114
1993,19,18,-46.051548,-129.5,8.078836
1993,19,19,-46.051548,-128.5,8.078754
1994,0,0,-57.695797,-147.5,8.063038
1994,0,1,-57.695797,-146.5,8.064095
1994,0,2,-57.695797,-145.5,8.064869
1994,0,3,-57.695797,-144.5,8.06355
1994,0,4,-57.695797,-143.5,8.062974
1994,0,5,-57.695797,-142.5,8.063135
1994,0,6,-57.695797,-141.5,8.063566
1994,0,7,-57.695797,-140.5,8.064453
1994,0,8,-57.695797,-139.5,8.065613
1994,0,9,-57.695797,-138.5,8.066359
1994,0,10,-57.695797,-137.5,8.067157
1994,0,11,-57.695797,-136.5,8.067799
1994,0,12,-57.695797,-135.5,8.068194
1994,0,13,-57.695797,-134.5,8.068268
1994,0,14,-57.695797,-133.5,8.068536
1994,0,15,-57.695797,-132.5,8.06861
1994,0,16,-57.695797,-131.5,8.068563
1994,0,17,-57.695797,-130.5,8.06877
1994,0,18,-57.695797,-129.5,8.068807
1994,0,19,-57.695797,-128.5,8.068994
1994,1,0,-57.15743,-147.5,8.061243
1994,1,1,-57.15743,-146.5,8.063138
1994,1,2,-57.15743,-145.5,8.063725
1994,1,3,-57.15743,-144.5,8.062679
1994,1,4,-57.15743,-143.5,8.062521
1994,1,5,-57.15743,-142.5,8.062838
1994,1,6,-57.15743,-141.5,8.063477
1994,1,7,-57.15743,-140.5,8.06448
1994,1,8,-57.15743,-139.5,8.065597
1994,1,9,-57.15743,-138.5,8.066301
1994,1,10,-57.15743,-137.5,8.066987
1994,1,11,-57.15743,-136.5,8.067838
1994,1,12,-57.15743,-135.5,8.06829
1994,1,13,-57.15743,-134.5,8.068425
1994,1,14,-57.15743,-133.5,8.068706
1994,1,15,-57.15743,-132.5,8.068805
1994,1,16,-57.15743,-131.5,8.068833
1994,1,17,-57.15743,-130.5,8.069195
1994,1,18,-57.15743,-129.5,8.069439
1994,1,19,-57.15743,-128.5,8.0697365
1994,2,0,-56.61111,-147.5,8.058267
1994,2,1,-56.61111,-146.5,8.06049
1994,2,2,-56.61111,-145.5,8.061297
1994,2,3,-56.61111,-144.5,8.061206
1994,2,4,-56.61111,-143.5,8.062045
1994,2,5,-56.61111,-142.5,8.062911
1994,2,6,-56.61111,-141.5,8.063827
1994,2,7,-56.61111,-140.5,8.065
1994,2,8,-56.61111,-139.5,8.065743
1994,2,9,-56.61111,-138.5,8.066313
1994,2,10,-56.61111,-137.5,8.066962
1994,2,11,-56.61111,-136.5,8.067797
1994,2,12,-56.61111,-135.5,8.068275
1994,2,13,-56.61111,-134.5,8.068413
1994,2,14,-56.61111,-133.5,8.068799
1994,2,15,-56.61111,-132.5,8.069064
1994,2,16,-56.61111,-131.5,8.069263
1994,2,17,-56.61111,-130.5,8.069793
1994,2,18,-56.61111,-129.5,8.070141
1994,2,19,-56.61111,-128.5,8.070625
1994,3,0,-56.05677,-147.5,8.058135
1994,3,1,-56.05677,-146.5,8.059892
1994,3,2,-56.05677,-145.5,8.060899
1994,3,3,-56.05677,-144.5,8.061697
1994,3,4,-56.05677,-143.5,8.063032
1994,3,5,-56.05677,-142.5,8.06401
1994,3,6,-56.05677,-141.5,8.06505
1994,3,7,-56.05677,-140.5,8.066039
1994,3,8,-56.05677,-139.5,8.066327
1994,3,9,-56.05677,-138.5,8.066626
1994,3,10,-56.05677,-137.5,8.066989
1994,3,11,-56.05677,-136.5,8.067776
1994,3,12,-56.05677,-135.5,8.068287
1994,3,13,-56.05677,-134.5,8.068542
1994,3,14,-56.05677,-133.5,8.069063
1994,3,15,-56.05677,-132.5,8.069606
1994,3,16,-56.05677,-131.5,8.07007
1994,3,17,-56.05677,-130.5,8.070716
1994,3,18,-56.05677,-129.5,8.07115
1994,3,19,-56.05677,-128.5,8.071713
1994,4,0,-55.494347,-147.5,8.060304
1994,4,1,-55.494347,-146.5,8.061119
1994,4,2,-55.494347,-145.5,8.062325
1994,4,3,-55.494347,-144.5,8.063256
1994,4,4,-55.494347,-143.5,8.06462
1994,4,5,-55.494347,-142.5,8.065647
1994,4,6,-55.494347,-141.5,8.066767
1994,4,7,-55.494347,-140.5,8.067025
1994,4,8,-55.494347,-139.5,8.067347
1994,4,9,-55.494347,-138.5,8.067386
1994,4,10,-55.494347,-137.5,8.067331
1994,4,11,-55.494347,-136.5,8.068029
1994,4,12,-55.494347,-135.5,8.068551
1994,4,13,-55.494347,-134.5,8.068866
1994,4,14,-55.494347,-133.5,8.06962
1994,4,15,-55.494347,-132.5,8.070346
1994,4,16,-55.494347,-131.5,8.070963
1994,4,17,-55.494347,-130.5,8.071673
1994,4,18,-55.494347,-129.5,8.07212
1994,4,19,-55.494347,-128.5,8.07281
1994,5,0,-54.923775,-147.5,8.064153
1994,5,1,-54.923775,-146.5,8.064754
1994,5,2,-54.923775,-145.5,8.065862
1994,5,3,-54.923775,-144.5,8.06673
1994,5,4,-54.923775,-143.5,8.067746
1994,5,5,-54.923775,-142.5,8.06842
1994,5,6,-54.923775,-141.5,8.069438
1994,5,7,-54.923775,-140.5,8.068872
1994,5,8,-54.923775,-139.5,8.069019
1994,5,9,-54.923775,-138.5,8.068866
1994,5,10,-54.923775,-137.5,8.068589
1994,5,11,-54.923775,-136.5,8.068995
1994,5,12,-54.923775,-135.5,8.069426
1994,5,13,-54.923775,-134.5,8.0698
1994,5,14,-54.923775,-133.5,8.070536
1994,5,15,-54.923775,-132.5,8.071244
1994,5,16,-54.923775,-131.5,8.071887
1994,5,17,-54.923775,-130.5,8.072679
1994,5,18,-54.923775,-129.5,8.073213
1994,5,19,-54.923775,-128.5,8.07367
1994,6,0,-54.344994,-147.5,8.066928
1994,6,1,-54.344994,-146.5,8.067446
1994,6,2,-54.344994,-145.5,8.068288
1994,6,3,-54.344994,-144.5,8.068875
1994,6,4,-54.344994,-143.5,8.069583
1994,6,5,-54.344994,-142.5,8.070095
1994,6,6,-54.344994,-141.5,8.070747
1994,6,7,-54.344994,-140.5,8.070436
1994,6,8,-54.344994,-139.5,8.070521
1994,6,9,-54.344994,-138.5,8.070338
1994,6,10,-54.344994,-137.5,8.070026
1994,6,11,-54.344994,-136.5,8.070265
1994,6,12,-54.344994,-135.5,8.070643
1994,6,13,-54.344994,-134.5,8.071019
1994,6,14,-54.344994,-133.5,8.0717745
1994,6,15,-54.344994,-132.5,8.072503
1994,6,16,-54.344994,-131.5,8.073164
1994,6,17,-54.344994,-130.5,8.073934
1994,6,18,-54.344994,-129.5,8.074491
1994,6,19,-54.344994,-128.5,8.074656
1994,7,0,-53.75795,-147.5,8.069655
1994,7,1,-53.75795,-146.5,8.070069
1994,7,2,-53.75795,-145.5,8.070687
1994,7,3,-53.75795,-144.5,8.071178
1994,7,4,-53.75795,-143.5,8.071765
1994,7,5,-53.75795,-142.5,8.072154
1994,7,6,-53.75795,-141.5,8.072548
1994,7,7,-53.75795,-140.5,8.072352
1994,7,8,-53.75795,-139.5,8.072351
1994,7,9,-53.75795,-138.5,8.072167
1994,7,10,-53.75795,-137.5,8.071824
1994,7,11,-53.75795,-136.5,8.072018
1994,7,12,-53.75795,-135.5,8.072257
1994,7,13,-53.75795,-134.5,8.072647
1994,7,14,-53.75795,-133.5,8.073321
1994,7,15,-53.75795,-132.5,8.073953
1994,7,16,-53.75795,-131.5,8.074527
1994,7,17,-53.75795,-130.5,8.075143
1994,7,18,-53.75795,-129.5,8.075568
1994,7,19,-53.75795,-128.5,8.075479
1994,8,0,-53.162582,-147.5,8.071752
1994,8,1,-53.162582,-146.5,8.072153
1994,8,2,-53.162582,-145.5,8.072651
1994,8,3,-53.162582,-144.5,8.073085
1994,8,4,-53.162582,-143.5,8.073566
1994,8,5,-53.162582,-142.5,8.073842
1994,8,6,-53.162582,-141.5,8.074143
1994,8,7,-53.162582,-140.5,8.074092
1994,8,8,-53.162582,-139.5,8.074161
1994,8,9,-53.162582,-138.5,8.074011
1994,8,10,-53.162582,-137.5,8.073717
1994,8,11,-53.162582,-136.5,8.073895
1994,8,12,-53.162582,-135.5,8.074028
1994,8,13,-53.162582,-134.5,8.07435
1994,8,14,-53.162582,-133.5,8.074897
1994,8,15,-53.162582,-132.5,8.075353
1994,8,16,-53.162582,-131.5,8.075876
1994,8,17,-53.162582,-130.5,8.076304
1994,8,18,-53.162582,-129.5,8.076495
1994,8,19,-53.162582,-128.5,8.076381
1994,9,0,-52.558838,-147.5,8.074029
1994,9,1,-52.558838,-146.5,8.074371
1994,9,2,-52.558838,-145.5,8.074721
1994,9,3,-52.558838,-144.5,8.0751
1994,9,4,-52.558838,-143.5,8.0754385
1994,9,5,-52.558838,-142.5,8.075591
1994,9,6,-52.558838,-141.5,8.075812
1994,9,7,-52.558838,-140.5,8.075734
1994,9,8,-52.558838,-139.5,8.075802
1994,9,9,-52.558838,-138.5,8.075713
1994,9,10,-52.558838,-137.5,8.075543
1994,9,11,-52.558838,-136.5,8.075742
1994,9,12,-52.558838,-135.5,8.07587
1994,9,13,-52.558838,-134.5,8.0761385
1994,9,14,-52.558838,-133.5,8.076511
1994,9,15,-52.558838,-132.5,8.076877
1994,9,16,-52.558838,-131.5,8.077323
1994,9,17,-52.558838,-130.5,8.077412
1994,9,18,-52.558838,-129.5,8.077391
1994,9,19,-52.558838,-128.5,8.077153
1994,10,0,-51.946674,-147.5,8.07636
1994,10,1,-51.946674,-146.5,8.076667
1994,10,2,-51.946674,-145.5,8.076848
1994,10,3,-51.946674,-144.5,8.077071
1994,10,4,-51.946674,-143.5,8.077297
1994,10,5,-51.946674,-142.5,8.077378
1994,10,6,-51.946674,-141.5,8.077457
1994,10,7,-51.946674,-140.5,8.077296
1994,10,8,-51.946674,-139.5,8.0773
1994,10,9,-51.946674,-138.5,8.077273
1994,10,10,-51.946674,-137.5,8.077142
1994,10,11,-51.946674,-136.5,8.077376
1994,10,12,-51.946674,-135.5,8.077519
1994,10,13,-51.946674,-134.5,8.077725
1994,10,14,-51.946674,-133.5,8.077985
1994,10,15,-51.946674,-132.5,8.078202
1994,10,16,-51.946674,-131.5,8.078504
1994,10,17,-51.946674,-130.5,8.078287
1994,10,18,-51.946674,-129.5,8.078119
1994,10,19,-51.946674,-128.5,8.077699
1994,11,0,-51.326035,-147.5,8.078702
1994,11,1,-51.326035,-146.5,8.078959
1994,11,2,-51.326035,-145.5,8.079108
1994,11,3,-51.326035,-144.5,8.079284
1994,11,4,-51.326035,-143.5,8.07937
1994,11,5,-51.326035,-142.5,8.079278
1994,11,6,-51.326035,-141.5,8.079248
1994,11,7,-51.326035,-140.5,8.0789995
1994,11,8,-51.326035,-139.5,8.078949
1994,11,9,-51.326035,-138.5,8.078934
1994,11,10,-51.326035,-137.5,8.078901
1994,11,11,-51.326035,-136.5,8.079053
1994,11,12,-51.326035,-135.5,8.079089
1994,11,13,-51.326035,-134.5,8.079126
1994,11,14,-51.326035,-133.5,8.079237
1994,11,15,-51.326035,-132.5,8.079251
1994,11,16,-51.326035,-131.5,8.079326
1994,11,17,-51.326035,-130.5,8.078999
1994,11,18,-51.326035,-129.5,8.07879
1994,11,19,-51.326035,-128.5,8.078366
1994,12,0,-50.696884,-147.5,8.08084
1994,12,1,-50.696884,-146.5,8.081126
1994,12,2,-50.696884,-145.5,8.081147
1994,12,3,-50.696884,-144.5,8.081286
1994,12,4,-50.696884,-143.5,8.081229
1994,12,5,-50.696884,-142.5,8.080979
1994,12,6,-50.696884,-141.5,8.080878
1994,12,7,-50.696884,-140.5,8.080455
1994,12,8,-50.696884,-139.5,8.080335
1994,12,9,-50.696884,-138.5,8.080303
1994,12,10,-50.696884,-137.5,8.080204
1994,12,11,-50.696884,-136.5,8.080275
1994,12,12,-50.696884,-135.5,8.080209
1994,12,13,-50.696884,-134.5,8.080098
1994,12,14,-50.696884,-133.5,8.080037
1994,12,15,-50.696884,-132.5,8.07991
1994,12,16,-50.696884,-131.5,8.079747
1994,12,17,-50.696884,-130.5,8.079283
1994,12,18,-50.696884,-129.5,8.079072
1994,12,19,-50.696884,-128.5,8.07869
1994,13,0,-50.059177,-147.5,8.082946
1994,13,1,-50.059177,-146.5,8.083062
1994,13,2,-50.059177,-145.5,8.083065
1994,13,3,-50.059177,-144.5,8.083107
1994,13,4,-50.059177,-143.5,8.082867
1994,13,5,-50.059177,-142.5,8.082501
1994,13,6,-50.059177,-141.5,8.08231
1994,13,7,-50.059177,-140.5,8.081897
1994,13,8,-50.059177,-139.5,8.081742
1994,13,9,-50.059177,-138.5,8.081567
1994,13,10,-50.059177,-137.5,8.081289
1994,13,11,-50.059177,-136.5,8.081235
1994,13,12,-50.059177,-135.5,8.081069
1994,13,13,-50.059177,-134.5,8.080943
1994,13,14,-50.059177,-133.5,8.080726
1994,13,15,-50.059177,-132.5,8.080443
1994,13,16,-50.059177,-131.5,8.08018
1994,13,17,-50.059177,-130.5,8.079846
1994,13,18,-50.059177,-129.5,8.079686
1994,13,19,-50.059177,-128.5,8.079412
1994,14,0,-49.41288,-147.5,8.084535
1994,14,1,-49.41288,-146.5,8.084529
1994,14,2,-49.41288,-145.5,8.084411
1994,14,3,-49.41288,-144.5,8.084326
1994,14,4,-49.41288,-143.5,8.084031
1994,14,5,-49.41288,-142.5,8.08363
1994,14,6,-49.41288,-141.5,8.083366
1994,14,7,-49.41288,-140.5,8.082835
1994,14,8,-49.41288,-139.5,8.082613
1994,14,9,-49.41288,-138.5,8.082377
1994,14,10,-49.41288,-137.5,8.082027
1994,14,11,-49.41288,-136.5,8.081848
1994,14,12,-49.41288,-135.5,8.081458
1994,14,13,-49.41288,-134.5,8.081228
1994,14,14,-49.41288,-133.5,8.080953
1994,14,15,-49.41288,-132.5,8.080664
1994,14,16,-49.41288,-131.5,8.080424
1994,14,17,-49.41288,-130.5,8.080216
1994,14,18,-49.41288,-129.5,8.080143
1994,14,19,-49.41288,-128.5,8.080062
1994,15,0,-48.757957,-147.5,8.086126
1994,15,1,-48.757957,-146.5,8.085994
1994,15,2,-48.757957,-145.5,8.08551
1994,15,3,-48.757957,-144.5,8.08528
1994,15,4,-48.757957,-143.5,8.084839
1994,15,5,-48.757957,-142.5,8.084268
1994,15,6,-48.757957,-141.5,8.083993
1994,15,7,-48.757957,-140.5,8.083434
1994,15,8,-48.757957,-139.5,8.083129
1994,15,9,-48.757957,-138.5,8.082892
1994,15,10,-48.757957,-137.5,8.082454
1994,15,11,-48.757957,-136.5,8.0821905
1994,15,12,-48.757957,-135.5,8.081779
1994,15,13,-48.757957,-134.5,8.08147
1994,15,14,-48.757957,-133.5,8.081252
1994,15,15,-48.757957,-132.5,8.080943
1994,15,16,-48.757957,-131.5,8.080728
1994,15,17,-48.757957,-130.5,8.080699
1994,15,18,-48.757957,-129.5,8.080753
1994,15,19,-48.757957,-128.5,8.080865
1994,16,0,-48.094387,-147.5,8.087295
1994,16,1,-48.094387,-146.5,8.087048
1994,16,2,-48.094387,-145.5,8.086209
1994,16,3,-48.094387,-144.5,8.085727
1994,16,4,-48.094387,-143.5,8.085141
1994,16,5,-48.094387,-142.5,8.084468
1994,16,6,-48.094387,-141.5,8.084133
1994,16,7,-48.094387,-140.5,8.083594
1994,16,8,-48.094387,-139.5,8.083223
1994,16,9,-48.094387,-138.5,8.082944
1994,16,10,-48.094387,-137.5,8.082406
1994,16,11,-48.094387,-136.5,8.082106
1994,16,12,-48.094387,-135.5,8.081757
1994,16,13,-48.094387,-134.5,8.081465
1994,16,14,-48.094387,-133.5,8.081295
1994,16,15,-48.094387,-132.5,8.081054
1994,16,16,-48.094387,-131.5,8.080945
1994,16,17,-48.094387,-130.5,8.080969
1994,16,18,-48.094387,-129.5,8.081164
1994,16,19,-48.094387,-128.5,8.081424
1994,17,0,-47.422142,-147.5,8.087651
1994,17,1,-47.422142,-146.5,8.087365
1994,17,2,-47.422142,-145.5,8.086461
1994,17,3,-47.422142,-144.5,8.085901
1994,17,4,-47.422142,-143.5,8.085254
1994,17,5,-47.422142,-142.5,8.084548
1994,17,6,-47.422142,-141.5,8.084317
1994,17,7,-47.422142,-140.5,8.08387
1994,17,8,-47.422142,-139.5,8.083464
1994,17,9,-47.422142,-138.5,8.083224
1994,17,10,-47.422142,-137.5,8.082833
1994,17,11,-47.422142,-136.5,8.082558
1994,17,12,-47.422142,-135.5,8.082343
1994,17,13,-47.422142,-134.5,8.082208
1994,17,14,-47.422142,-133.5,8.081969
1994,17,15,-47.422142,-132.5,8.081702
1994,17,16,-47.422142,-131.5,8.081584
1994,17,17,-47.422142,-130.5,8.08173
1994,17,18,-47.422142,-129.5,8.081906
1994,17,19,-47.422142,-128.5,8.082226
1994,18,0,-46.7412,-147.5,8.0875635
1994,18,1,-46.7412,-146.5,8.087178
1994,18,2,-46.7412,-145.5,8.086221
1994,18,3,-46.7412,-144.5,8.08565
1994,18,4,-46.7412,-143.5,8.085086
1994,18,5,-46.7412,-142.5,8.084453
1994,18,6,-46.7412,-141.5,8.084256
1994,18,7,-46.7412,-140.5,8.083777
1994,18,8,-46.7412,-139.5,8.083215
1994,18,9,-46.7412,-138.5,8.083061
1994,18,10,-46.7412,-137.5,8.082793
1994,18,11,-46.7412,-136.5,8.0826235
1994,18,12,-46.7412,-135.5,8.082629
1994,18,13,-46.7412,-134.5,8.082667
1994,18,14,-46.7412,-133.5,8.082653
1994,18,15,-46.7412,-132.5,8.082599
1994,18,16,-46.7412,-131.5,8.082514
1994,18,17,-46.7412,-130.5,8.082613
1994,18,18,-46.7412,-129.5,8.082755
1994,18,19,-46.7412,-128.5,8.083019
1994,19,0,-46.051548,-147.5,8.087205
1994,19,1,-46.051548,-146.5,8.086673
1994,19,2,-46.051548,-145.5,8.085552
1994,19,3,-46.051548,-144.5,8.0849905
1994,19,4,-46.051548,-143.5,8.084622
1994,19,5,-46.051548,-142.5,8.084111
1994,19,6,-46.051548,-141.5,8.083941
1994,19,7,-46.051548,-140.5,8.083666
1994,19,8,-46.051548,-139.5,8.083235
1994,19,9,-46.051548,-138.5,8.083112
1994,19,10,-46.051548,-137.5,8.082945
1994,19,11,-46.051548,-136.5,8.082977
1994,19,12,-46.051548,-135.5,8.083348
1994,19,13,-46.051548,-134.5,8.08376
1994,19,14,-46.051548,-133.5,8.083762
1994,19,15,-46.051548,-132.5,8.083763
1994,19,16,-46.051548,-131.5,8.084007
1994,19,17,-46.051548,-130.5,8.084201
1994,19,18,-46.051548,-129.5,8.084287
1994,19,19,-46.051548,-128.5,8.084199
1995,0,0,-57.695797,-147.5,8.059389
1995,0,1,-57.695797,-146.5,8.060067
1995,0,2,-57.695797,-145.5,8.061789
1995,0,3,-57.695797,-144.5,8.062923
1995,0,4,-57.695797,-143.5,8.064309
1995,0,5,-57.695797,-142.5,8.065199
1995,0,6,-57.695797,-141.5,8.065476
1995,0,7,-57.695797,-140.5,8.066097
1995,0,8,-57.695797,-139.5,8.066923
1995,0,9,-57.695797,-138.5,8.067061
1995,0,10,-57.695797,-137.5,8.067193
1995,0,11,-57.695797,-136.5,8.067581
1995,0,12,-57.695797,-135.5,8.067628
1995,0,13,-57.695797,-134.5,8.067465
1995,0,14,-57.695797,-133.5,8.067478
1995,0,15,-57.695797,-132.5,8.067366
1995,0,16,-57.695797,-131.5,8.067091
1995,0,17,-57.695797,-130.5,8.06713
1995,0,18,-57.695797,-129.5,8.06706
1995,0,19,-57.695797,-128.5,8.067194
1995,1,0,-57.15743,-147.5,8.060679
1995,1,1,-57.15743,-146.5,8.061604
1995,1,2,-57.15743,-145.5,8.062719
1995,1,3,-57.15743,-144.5,8.063706
1995,1,4,-57.15743,-143.5,8.065023
1995,1,5,-57.15743,-142.5,8.065833
1995,1,6,-57.15743,-141.5,8.065944
1995,1,7,-57.15743,-140.5,8.066667
1995,1,8,-57.15743,-139.5,8.067044
1995,1,9,-57.15743,-138.5,8.067182
1995,1,10,-57.15743,-137.5,8.067355
1995,1,11,-57.15743,-136.5,8.067678
1995,1,12,-57.15743,-135.5,8.067819
1995,1,13,-57.15743,-134.5,8.067544
1995,1,14,-57.15743,-133.5,8.067555
1995,1,15,-57.15743,-132.5,8.067414
1995,1,16,-57.15743,-131.5,8.06718
1995,1,17,-57.15743,-130.5,8.067341
1995,1,18,-57.15743,-129.5,8.067393
1995,1,19,-57.15743,-128.5,8.067628
1995,2,0,-56.61111,-147.5,8.061584
1995,2,1,-56.61111,-146.5,8.062852
1995,2,2,-56.61111,-145.5,8.063817
1995,2,3,-56.61111,-144.5,8.06464
1995,2,4,-56.61111,-143.5,8.065833
1995,2,5,-56.61111,-142.5,8.066337
1995,2,6,-56.61111,-141.5,8.066251
1995,2,7,-56.61111,-140.5,8.066997
1995,2,8,-56.61111,-139.5,8.066851
1995,2,9,-56.61111,-138.5,8.067216
1995,2,10,-56.61111,-137.5,8.067439
1995,2,11,-56.61111,-136.5,8.067756
1995,2,12,-56.61111,-135.5,8.068
1995,2,13,-56.61111,-134.5,8.067679
1995,2,14,-56.61111,-133.5,8.067626
1995,2,15,-56.61111,-132.5,8.0675
1995,2,16,-56.61111,-131.5,8.067312
1995,2,17,-56.61111,-130.5,8.067552
1995,2,18,-56.61111,-129.5,8.067812
1995,2,19,-56.61111,-128.5,8.068181
1995,3,0,-56.05677,-147.5,8.063342
1995,3,1,-56.05677,-146.5,8.064692
1995,3,2,-56.05677,-145.5,8.065541
1995,3,3,-56.05677,-144.5,8.066047
1995,3,4,-56.05677,-143.5,8.06672
1995,3,5,-56.05677,-142.5,8.066702
1995,3,6,-56.05677,-141.5,8.066501
1995,3,7,-56.05677,-140.5,8.066829
1995,3,8,-56.05677,-139.5,8.066838
1995,3,9,-56.05677,-138.5,8.067197
1995,3,10,-56.05677,-137.5,8.067543
1995,3,11,-56.05677,-136.5,8.067841
1995,3,12,-56.05677,-135.5,8.068048
1995,3,13,-56.05677,-134.5,8.0677595
1995,3,14,-56.05677,-133.5,8.067731
1995,3,15,-56.05677,-132.5,8.067701
1995,3,16,-56.05677,-131.5,8.067668
1995,3,17,-56.05677,-130.5,8.068105
1995,3,18,-56.05677,-129.5,8.0685
1995,3,19,-56.05677,-128.5,8.068975
1995,4,0,-55.494347,-147.5,8.06512
1995,4,1,-55.494347,-146.5,8.066029
1995,4,2,-55.494347,-145.5,8.066704
1995,4,3,-55.494347,-144.5,8.066722
1995,4,4,-55.494347,-143.5,8.066755
1995,4,5,-55.494347,-142.5,8.066422
1995,4,6,-55.494347,-141.5,8.066556
1995,4,7,-55.494347,-140.5,8.066207
1995,4,8,-55.494347,-139.5,8.0664835
1995,4,9,-55.494347,-138.5,8.066896
1995,4,10,-55.494347,-137.5,8.06721
1995,4,11,-55.494347,-136.5,8.067588
1995,4,12,-55.494347,-135.5,8.067891
1995,4,13,-55.494347,-134.5,8.06769
1995,4,14,-55.494347,-133.5,8.0678625
1995,4,15,-55.494347,-132.5,8.068022
1995,4,16,-55.494347,-131.5,8.068191
1995,4,17,-55.494347,-130.5,8.068801
1995,4,18,-55.494347,-129.5,8.069317
1995,4,19,-55.494347,-128.5,8.069878
1995,5,0,-54.923775,-147.5,8.067384
1995,5,1,-54.923775,-146.5,8.067608
1995,5,2,-54.923775,-145.5,8.06795
1995,5,3,-54.923775,-144.5,8.067596
1995,5,4,-54.923775,-143.5,8.067233
1995,5,5,-54.923775,-142.5,8.066841
1995,5,6,-54.923775,-141.5,8.067109
1995,5,7,-54.923775,-140.5,8.066619
1995,5,8,-54.923775,-139.5,8.066858
1995,5,9,-54.923775,-138.5,8.067063
1995,5,10,-54.923775,-137.5,8.067197
1995,5,11,-54.923775,-136.5,8.067535
1995,5,12,-54.923775,-135.5,8.067858
1995,5,13,-54.923775,-134.5,8.06785
1995,5,14,-54.923775,-133.5,8.068229
1995,5,15,-54.923775,-132.5,8.06865
1995,5,16,-54.923775,-131.5,8.069037
1995,5,17,-54.923775,-130.5,8.069761
1995,5,18,-54.923775,-129.5,8.070363
1995,5,19,-54.923775,-128.5,8.070773
1995,6,0,-54.344994,-147.5,8.067424
1995,6,1,-54.344994,-146.5,8.067506
1995,6,2,-54.344994,-145.5,8.067644
1995,6,3,-54.344994,-144.5,8.067274
1995,6,4,-54.344994,-143.5,8.067185
1995,6,5,-54.344994,-142.5,8.067224
1995,6,6,-54.344994,-141.5,8.067608
1995,6,7,-54.344994,-140.5,8.067431
1995,6,8,-54.344994,-139.5,8.067609
1995,6,9,-54.344994,-138.5,8.067655
1995,6,10,-54.344994,-137.5,8.067653
1995,6,11,-54.344994,-136.5,8.067779
1995,6,12,-54.344994,-135.5,8.06817
1995,6,13,-54.344994,-134.5,8.068296
1995,6,14,-54.344994,-133.5,8.068891
1995,6,15,-54.344994,-132.5,8.069503
1995,6,16,-54.344994,-131.5,8.070074
1995,6,17,-54.344994,-130.5,8.07086
1995,6,18,-54.344994,-129.5,8.071474
1995,6,19,-54.344994,-128.5,8.07179
1995,7,0,-53.75795,-147.5,8.067901
1995,7,1,-53.75795,-146.5,8.068006
1995,7,2,-53.75795,-145.5,8.068225
1995,7,3,-53.75795,-144.5,8.06828
1995,7,4,-53.75795,-143.5,8.068508
1995,7,5,-53.75795,-142.5,8.068778
1995,7,6,-53.75795,-141.5,8.069102
1995,7,7,-53.75795,-140.5,8.068914
1995,7,8,-53.75795,-139.5,8.068927
1995,7,9,-53.75795,-138.5,8.068873
1995,7,10,-53.75795,-137.5,8.068792
1995,7,11,-53.75795,-136.5,8.068749
1995,7,12,-53.75795,-135.5,8.069194
1995,7,13,-53.75795,-134.5,8.069418
1995,7,14,-53.75795,-133.5,8.069991
1995,7,15,-53.75795,-132.5,8.070651
1995,7,16,-53.75795,-131.5,8.071267
1995,7,17,-53.75795,-130.5,8.071963
1995,7,18,-53.75795,-129.5,8.072473
1995,7,19,-53.75795,-128.5,8.072472
1995,8,0,-53.162582,-147.5,8.068742
1995,8,1,-53.162582,-146.5,8.068961
1995,8,2,-53.162582,-145.5,8.069302
1995,8,3,-53.162582,-144.5,8.069657
1995,8,4,-53.162582,-143.5,8.070027
1995,8,5,-53.162582,-142.5,8.070401
1995,8,6,-53.162582,-141.5,8.070666
1995,8,7,-53.162582,-140.5,8.070586
1995,8,8,-53.162582,-139.5,8.070565
1995,8,9,-53.162582,-138.5,8.070437
1995,8,10,-53.162582,-137.5,8.070312
1995,8,11,-53.162582,-136.5,8.070181
1995,8,12,-53.162582,-135.5,8.070566
1995,8,13,-53.162582,-134.5,8.070792
1995,8,14,-53.162582,-133.5,8.071384
1995,8,15,-53.162582,-132.5,8.072001
1995,8,16,-53.162582,-131.5,8.072541
1995,8,17,-53.162582,-130.5,8.073137
1995,8,18,-53.162582,-129.5,8.073426
1995,8,19,-53.162582,-128.5,8.073329
1995,9,0,-52.558838,-147.5,8.070281
1995,9,1,-52.558838,-146.5,8.070631
1995,9,2,-52.558838,-145.5,8.0710945
1995,9,3,-52.558838,-144.5,8.071521
1995,9,4,-52.558838,-143.5,8.072015
1995,9,5,-52.558838,-142.5,8.072231
1995,9,6,-52.558838,-141.5,8.072492
1995,9,7,-52.558838,-140.5,8.072501
1995,9,8,-52.558838,-139.5,8.072458
1995,9,9,-52.558838,-138.5,8.072322
1995,9,10,-52.558838,-137.5,8.072209
1995,9,11,-52.558838,-136.5,8.072131
1995,9,12,-52.558838,-135.5,8.072335
1995,9,13,-52.558838,-134.5,8.072485
1995,9,14,-52.558838,-133.5,8.072909
1995,9,15,-52.558838,-132.5,8.073411
1995,9,16,-52.558838,-131.5,8.073791
1995,9,17,-52.558838,-130.5,8.074117
1995,9,18,-52.558838,-129.5,8.074202
1995,9,19,-52.558838,-128.5,8.07401
1995,10,0,-51.946674,-147.5,8.072157
1995,10,1,-51.946674,-146.5,8.072537
1995,10,2,-51.946674,-145.5,8.073012
1995,10,3,-51.946674,-144.5,8.073494
1995,10,4,-51.946674,-143.5,8.073955
1995,10,5,-51.946674,-142.5,8.074157
1995,10,6,-51.946674,-141.5,8.074321
1995,10,7,-51.946674,-140.5,8.074284
1995,10,8,-51.946674,-139.5,8.074239
1995,10,9,-51.946674,-138.5,8.074159
1995,10,10,-51.946674,-137.5,8.074037
1995,10,11,-51.946674,-136.5,8.07399
1995,10,12,-51.946674,-135.5,8.073989
1995,10,13,-51.946674,-134.5,8.074046
1995,10,14,-51.946674,-133.5,8.074292
1995,10,15,-51.946674,-132.5,8.074586
1995,10,16,-51.946674,-131.5,8.07479
1995,10,17,-51.946674,-130.5,8.074889
1995,10,18,-51.946674,-129.5,8.074891
1995,10,19,-51.946674,-128.5,8.074685
1995,11,0,-51.326035,-147.5,8.074324
1995,11,1,-51.326035,-146.5,8.074761
1995,11,2,-51.326035,-145.5,8.075217
1995,11,3,-51.326035,-144.5,8.075662
1995,11,4,-51.326035,-143.5,8.07595
1995,11,5,-51.326035,-142.5,8.076026
1995,11,6,-51.326035,-141.5,8.076217
1995,11,7,-51.326035,-140.5,8.076203
1995,11,8,-51.326035,-139.5,8.07614
1995,11,9,-51.326035,-138.5,8.075963
1995,11,10,-51.326035,-137.5,8.075715
1995,11,11,-51.326035,-136.5,8.0755625
1995,11,12,-51.326035,-135.5,8.075492
1995,11,13,-51.326035,-134.5,8.07545
1995,11,14,-51.326035,-133.5,8.075437
1995,11,15,-51.326035,-132.5,8.075537
1995,11,16,-51.326035,-131.5,8.075643
1995,11,17,-51.326035,-130.5,8.075611
1995,11,18,-51.326035,-129.5,8.075484
1995,11,19,-51.326035,-128.5,8.075265
1995,12,0,-50.696884,-147.5,8.076493
1995,12,1,-50.696884,-146.5,8.0768795
1995,12,2,-50.696884,-145.5,8.077153
1995,12,3,-50.696884,-144.5,8.077515
1995,12,4,-50.696884,-143.5,8.077712
1995,12,5,-50.696884,-142.5,8.077624
1995,12,6,-50.696884,-141.5,8.077738
1995,12,7,-50.696884,-140.5,8.077686
1995,12,8,-50.696884,-139.5,8.077593
1995,12,9,-50.696884,-138.5,8.077341
1995,12,10,-50.696884,-137.5,8.076856
1995,12,11,-50.696884,-136.5,8.076546
1995,12,12,-50.696884,-135.5,8.076356
1995,12,13,-50.696884,-134.5,8.076287
1995,12,14,-50.696884,-133.5,8.076243
1995,12,15,-50.696884,-132.5,8.076129
1995,12,16,-50.696884,-131.5,8.076176
1995,12,17,-50.696884,-130.5,8.075975
1995,12,18,-50.696884,-129.5,8.075757
1995,12,19,-50.696884,-128.5,8.075547
1995,13,0,-50.059177,-147.5,8.078786
1995,13,1,-50.059177,-146.5,8.079031
1995,13,2,-50.059177,-145.5,8.079126
1995,13,3,-50.059177,-144.5,8.079285
1995,13,4,-50.059177,-143.5,8.079318
1995,13,5,-50.059177,-142.5,8.079076
1995,13,6,-50.059177,-141.5,8.079113
1995,13,7,-50.059177,-140.5,8.078835
1995,13,8,-50.059177,-139.5,8.078565
1995,13,9,-50.059177,-138.5,8.078218
1995,13,10,-50.059177,-137.5,8.077616
1995,13,11,-50.059177,-136.5,8.077243
1995,13,12,-50.059177,-135.5,8.077029
1995,13,13,-50.059177,-134.5,8.076928
1995,13,14,-50.059177,-133.5,8.0769005
1995,13,15,-50.059177,-132.5,8.076749
1995,13,16,-50.059177,-131.5,8.076774
1995,13,17,-50.059177,-130.5,8.076613
1995,13,18,-50.059177,-129.5,8.076386
1995,13,19,-50.059177,-128.5,8.076105
1995,14,0,-49.41288,-147.5,8.08059
1995,14,1,-49.41288,-146.5,8.080709
1995,14,2,-49.41288,-145.5,8.080497
1995,14,3,-49.41288,-144.5,8.08042
1995,14,4,-49.41288,-143.5,8.080266
1995,14,5,-49.41288,-142.5,8.079928
1995,14,6,-49.41288,-141.5,8.07984
1995,14,7,-49.41288,-140.5,8.079404
1995,14,8,-49.41288,-139.5,8.07903
1995,14,9,-49.41288,-138.5,8.078522
1995,14,10,-49.41288,-137.5,8.077939
1995,14,11,-49.41288,-136.5,8.07759
1995,14,12,-49.41288,-135.5,8.077424
1995,14,13,-49.41288,-134.5,8.077342
1995,14,14,-49.41288,-133.5,8.0774
1995,14,15,-49.41288,-132.5,8.077302
1995,14,16,-49.41288,-131.5,8.07734
1995,14,17,-49.41288,-130.5,8.077111
1995,14,18,-49.41288,-129.5,8.076964
1995,14,19,-49.41288,-128.5,8.076766
1995,15,0,-48.757957,-147.5,8.082147
1995,15,1,-48.757957,-146.5,8.08203
1995,15,2,-48.757957,-145.5,8.081614
1995,15,3,-48.757957,-144.5,8.081422
1995,15,4,-48.757957,-143.5,8.081023
1995,15,5,-48.757957,-142.5,8.080528
1995,15,6,-48.757957,-141.5,8.080299
1995,15,7,-48.757957,-140.5,8.079817
1995,15,8,-48.757957,-139.5,8.079415
1995,15,9,-48.757957,-138.5,8.078919
1995,15,10,-48.757957,-137.5,8.078584
1995,15,11,-48.757957,-136.5,8.078279
1995,15,12,-48.757957,-135.5,8.078101
1995,15,13,-48.757957,-134.5,8.078033
1995,15,14,-48.757957,-133.5,8.078183
1995,15,15,-48.757957,-132.5,8.078113
1995,15,16,-48.757957,-131.5,8.078107
1995,15,17,-48.757957,-130.5,8.077958
1995,15,18,-48.757957,-129.5,8.077768
1995,15,19,-48.757957,-128.5,8.077641
1995,16,0,-48.094387,-147.5,8.083004
1995,16,1,-48.094387,-146.5,8.0827055
1995,16,2,-48.094387,-145.5,8.082244
1995,16,3,-48.094387,-144.5,8.082082
1995,16,4,-48.094387,-143.5,8.081388
1995,16,5,-48.094387,-142.5,8.080684
1995,16,6,-48.094387,-141.5,8.080345
1995,16,7,-48.094387,-140.5,8.079946
1995,16,8,-48.094387,-139.5,8.079633
1995,16,9,-48.094387,-138.5,8.079312
1995,16,10,-48.094387,-137.5,8.079018
1995,16,11,-48.094387,-136.5,8.078745
1995,16,12,-48.094387,-135.5,8.078584
1995,16,13,-48.094387,-134.5,8.078473
1995,16,14,-48.094387,-133.5,8.078642
1995,16,15,-48.094387,-132.5,8.078447
1995,16,16,-48.094387,-131.5,8.078431
1995,16,17,-48.094387,-130.5,8.0783205
1995,16,18,-48.094387,-129.5,8.078186
1995,16,19,-48.094387,-128.5,8.078113
1995,17,0,-47.422142,-147.5,8.084027
1995,17,1,-47.422142,-146.5,8.083577
1995,17,2,-47.422142,-145.5,8.083013
1995,17,3,-47.422142,-144.5,8.082799
1995,17,4,-47.422142,-143.5,8.081883
1995,17,5,-47.422142,-142.5,8.081131
1995,17,6,-47.422142,-141.5,8.080686
1995,17,7,-47.422142,-140.5,8.080353
1995,17,8,-47.422142,-139.5,8.080257
1995,17,9,-47.422142,-138.5,8.080138
1995,17,10,-47.422142,-137.5,8.08002
1995,17,11,-47.422142,-136.5,8.079862
1995,17,12,-47.422142,-135.5,8.079677
1995,17,13,-47.422142,-134.5,8.079479
1995,17,14,-47.422142,-133.5,8.079431
1995,17,15,-47.422142,-132.5,8.079186
1995,17,16,-47.422142,-131.5,8.078964
1995,17,17,-47.422142,-130.5,8.078751
1995,17,18,-47.422142,-129.5,8.078606
1995,17,19,-47.422142,-128.5,8.078559
1995,18,0,-46.7412,-147.5,8.084664
1995,18,1,-46.7412,-146.5,8.084109
1995,18,2,-46.7412,-145.5,8.083495
1995,18,3,-46.7412,-144.5,8.083276
1995,18,4,-46.7412,-143.5,8.082389
1995,18,5,-46.7412,-142.5,8.081545
1995,18,6,-46.7412,-141.5,8.08128
1995,18,7,-46.7412,-140.5,8.0809355
1995,18,8,-46.7412,-139.5,8.080831
1995,18,9,-46.7412,-138.5,8.080897
1995,18,10,-46.7412,-137.5,8.08085
1995,18,11,-46.7412,-136.5,8.08071
1995,18,12,-46.7412,-135.5,8.080536
1995,18,13,-46.7412,-134.5,8.080251
1995,18,14,-46.7412,-133.5,8.080029
1995,18,15,-46.7412,-132.5,8.079585
1995,18,16,-46.7412,-131.5,8.079238
1995,18,17,-46.7412,-130.5,8.079009
1995,18,18,-46.7412,-129.5,8.078858
1995,18,19,-46.7412,-128.5,8.078883
1995,19,0,-46.051548,-147.5,8.085041
1995,19,1,-46.051548,-146.5,8.08442
1995,19,2,-46.051548,-145.5,8.08378
1995,19,3,-46.051548,-144.5,8.083682
1995,19,4,-46.051548,-143.5,8.0830965
1995,19,5,-46.051548,-142.5,8.082509
1995,19,6,-46.051548,-141.5,8.082259
1995,19,7,-46.051548,-140.5,8.081811
1995,19,8,-46.051548,-139.5,8.081668
1995,19,9,-46.051548,-138.5,8.08171
1995,19,10,-46.051548,-137.5,8.081603
1995,19,11,-46.051548,-136.5,8.081446
1995,19,12,-46.051548,-135.5,8.081191
1995,19,13,-46.051548,-134.5,8.08088
1995,19,14,-46.051548,-133.5,8.080672
1995,19,15,-46.051548,-132.5,8.080365
1995,19,16,-46.051548,-131.5,8.080068
1995,19,17,-46.051548,-130.5,8.079757
1995,19,18,-46.051548,-129.5,8.079586
1995,19,19,-46.051548,-128.5,8.079627
1996,0,0,-57.695797,-147.5,8.0547285
1996,0,1,-57.695797,-146.5,8.055528
1996,0,2,-57.695797,-145.5,8.057092
1996,0,3,-57.695797,-144.5,8.057454
1996,0,4,-57.695797,-143.5,8.058422
1996,0,5,-57.695797,-142.5,8.059481
1996,0,6,-57.695797,-141.5,8.060173
1996,0,7,-57.695797,-140.5,8.061397
1996,0,8,-57.695797,-139.5,8.062831
1996,0,9,-57.695797,-138.5,8.063447
1996,0,10,-57.695797,-137.5,8.064013
1996,0,11,-57.695797,-136.5,8.064648
1996,0,12,-57.695797,-135.5,8.06484
1996,0,13,-57.695797,-134.5,8.064768
1996,0,14,-57.695797,-133.5,8.065037
1996,0,15,-57.695797,-132.5,8.0651455
1996,0,16,-57.695797,-131.5,8.065057
1996,0,17,-57.695797,-130.5,8.065361
1996,0,18,-57.695797,-129.5,8.065446
1996,0,19,-57.695797,-128.5,8.06556
1996,1,0,-57.15743,-147.5,8.055
1996,1,1,-57.15743,-146.5,8.05655
1996,1,2,-57.15743,-145.5,8.057481
1996,1,3,-57.15743,-144.5,8.057714
1996,1,4,-57.15743,-143.5,8.058735
1996,1,5,-57.15743,-142.5,8.059669
1996,1,6,-57.15743,-141.5,8.060393
1996,1,7,-57.15743,-140.5,8.0616865
1996,1,8,-57.15743,-139.5,8.062678
1996,1,9,-57.15743,-138.5,8.063288
1996,1,10,-57.15743,-137.5,8.063884
1996,1,11,-57.15743,-136.5,8.064532
1996,1,12,-57.15743,-135.5,8.064875
1996,1,13,-57.15743,-134.5,8.0647545
1996,1,14,-57.15743,-133.5,8.065057
1996,1,15,-57.15743,-132.5,8.0653
1996,1,16,-57.15743,-131.5,8.065307
1996,1,17,-57.15743,-130.5,8.065719
1996,1,18,-57.15743,-129.5,8.065941
1996,1,19,-57.15743,-128.5,8.066075
1996,2,0,-56.61111,-147.5,8.054943
1996,2,1,-56.61111,-146.5,8.056537
1996,2,2,-56.61111,-145.5,8.057612
1996,2,3,-56.61111,-144.5,8.058175
1996,2,4,-56.61111,-143.5,8.059327
1996,2,5,-56.61111,-142.5,8.060244
1996,2,6,-56.61111,-141.5,8.060876
1996,2,7,-56.61111,-140.5,8.062164
1996,2,8,-56.61111,-139.5,8.062603
1996,2,9,-56.61111,-138.5,8.06319
1996,2,10,-56.61111,-137.5,8.063822
1996,2,11,-56.61111,-136.5,8.064391
1996,2,12,-56.61111,-135.5,8.064826
1996,2,13,-56.61111,-134.5,8.064601
1996,2,14,-56.61111,-133.5,8.064922
1996,2,15,-56.61111,-132.5,8.065268
1996,2,16,-56.61111,-131.5,8.0653925
1996,2,17,-56.61111,-130.5,8.065985
1996,2,18,-56.61111,-129.5,8.066299
1996,2,19,-56.61111,-128.5,8.06657
1996,3,0,-56.05677,-147.5,8.056874
1996,3,1,-56.05677,-146.5,8.058297
1996,3,2,-56.05677,-145.5,8.059175
1996,3,3,-56.05677,-144.5,8.059788
1996,3,4,-56.05677,-143.5,8.060686
1996,3,5,-56.05677,-142.5,8.061324
1996,3,6,-56.05677,-141.5,8.061926
1996,3,7,-56.05677,-140.5,8.062475
1996,3,8,-56.05677,-139.5,8.062648
1996,3,9,-56.05677,-138.5,8.06304
1996,3,10,-56.05677,-137.5,8.063559
1996,3,11,-56.05677,-136.5,8.06404
1996,3,12,-56.05677,-135.5,8.064506
1996,3,13,-56.05677,-134.5,8.064375
1996,3,14,-56.05677,-133.5,8.064819
1996,3,15,-56.05677,-132.5,8.065405
1996,3,16,-56.05677,-131.5,8.065723
1996,3,17,-56.05677,-130.5,8.0666
1996,3,18,-56.05677,-129.5,8.067014
1996,3,19,-56.05677,-128.5,8.067413
1996,4,0,-55.494347,-147.5,8.059292
1996,4,1,-55.494347,-146.5,8.060096
1996,4,2,-55.494347,-145.5,8.060927
1996,4,3,-55.494347,-144.5,8.061267
1996,4,4,-55.494347,-143.5,8.061894
1996,4,5,-55.494347,-142.5,8.062454
1996,4,6,-55.494347,-141.5,8.063217
1996,4,7,-55.494347,-140.5,8.063108
1996,4,8,-55.494347,-139.5,8.063323
1996,4,9,-55.494347,-138.5,8.063369
1996,4,10,-55.494347,-137.5,8.063641
1996,4,11,-55.494347,-136.5,8.063908
1996,4,12,-55.494347,-135.5,8.0644455
1996,4,13,-55.494347,-134.5,8.064366
1996,4,14,-55.494347,-133.5,8.064898
1996,4,15,-55.494347,-132.5,8.06559
1996,4,16,-55.494347,-131.5,8.065974
1996,4,17,-55.494347,-130.5,8.066925
1996,4,18,-55.494347,-129.5,8.067325
1996,4,19,-55.494347,-128.5,8.067868
1996,5,0,-54.923775,-147.5,8.0620985
1996,5,1,-54.923775,-146.5,8.062562
1996,5,2,-54.923775,-145.5,8.063255
1996,5,3,-54.923775,-144.5,8.063508
1996,5,4,-54.923775,-143.5,8.064002
1996,5,5,-54.923775,-142.5,8.064467
1996,5,6,-54.923775,-141.5,8.065024
1996,5,7,-54.923775,-140.5,8.064561
1996,5,8,-54.923775,-139.5,8.064522
1996,5,9,-54.923775,-138.5,8.064246
1996,5,10,-54.923775,-137.5,8.064188
1996,5,11,-54.923775,-136.5,8.064279
1996,5,12,-54.923775,-135.5,8.064637
1996,5,13,-54.923775,-134.5,8.064615
1996,5,14,-54.923775,-133.5,8.065107
1996,5,15,-54.923775,-132.5,8.065902
1996,5,16,-54.923775,-131.5,8.06639
1996,5,17,-54.923775,-130.5,8.067323
1996,5,18,-54.923775,-129.5,8.067795
1996,5,19,-54.923775,-128.5,8.068318
1996,6,0,-54.344994,-147.5,8.063752
1996,6,1,-54.344994,-146.5,8.064071
1996,6,2,-54.344994,-145.5,8.06461
1996,6,3,-54.344994,-144.5,8.064736
1996,6,4,-54.344994,-143.5,8.065148
1996,6,5,-54.344994,-142.5,8.065646
1996,6,6,-54.344994,-141.5,8.065987
1996,6,7,-54.344994,-140.5,8.065639
1996,6,8,-54.344994,-139.5,8.065539
1996,6,9,-54.344994,-138.5,8.065118
1996,6,10,-54.344994,-137.5,8.064866
1996,6,11,-54.344994,-136.5,8.064824
1996,6,12,-54.344994,-135.5,8.064945
1996,6,13,-54.344994,-134.5,8.0650015
1996,6,14,-54.344994,-133.5,8.065646
1996,6,15,-54.344994,-132.5,8.066421
1996,6,16,-54.344994,-131.5,8.067087
1996,6,17,-54.344994,-130.5,8.067998
1996,6,18,-54.344994,-129.5,8.068557
1996,6,19,-54.344994,-128.5,8.069002
1996,7,0,-53.75795,-147.5,8.065427
1996,7,1,-53.75795,-146.5,8.065735
1996,7,2,-53.75795,-145.5,8.066267
1996,7,3,-53.75795,-144.5,8.066529
1996,7,4,-53.75795,-143.5,8.066958
1996,7,5,-53.75795,-142.5,8.067413
1996,7,6,-53.75795,-141.5,8.067634
1996,7,7,-53.75795,-140.5,8.067274
1996,7,8,-53.75795,-139.5,8.067029
1996,7,9,-53.75795,-138.5,8.066614
1996,7,10,-53.75795,-137.5,8.066205
1996,7,11,-53.75795,-136.5,8.066013
1996,7,12,-53.75795,-135.5,8.066108
1996,7,13,-53.75795,-134.5,8.066255
1996,7,14,-53.75795,-133.5,8.066686
1996,7,15,-53.75795,-132.5,8.067344
1996,7,16,-53.75795,-131.5,8.067985
1996,7,17,-53.75795,-130.5,8.068647
1996,7,18,-53.75795,-129.5,8.069162
1996,7,19,-53.75795,-128.5,8.069481
1996,8,0,-53.162582,-147.5,8.066962
1996,8,1,-53.162582,-146.5,8.067241
1996,8,2,-53.162582,-145.5,8.067831
1996,8,3,-53.162582,-144.5,8.068189
1996,8,4,-53.162582,-143.5,8.068588
1996,8,5,-53.162582,-142.5,8.069014
1996,8,6,-53.162582,-141.5,8.069183
1996,8,7,-53.162582,-140.5,8.068834
1996,8,8,-53.162582,-139.5,8.068565
1996,8,9,-53.162582,-138.5,8.068095
1996,8,10,-53.162582,-137.5,8.067582
1996,8,11,-53.162582,-136.5,8.067301
1996,8,12,-53.162582,-135.5,8.067146
1996,8,13,-53.162582,-134.5,8.067173
1996,8,14,-53.162582,-133.5,8.067645
1996,8,15,-53.162582,-132.5,8.068239
1996,8,16,-53.162582,-131.5,8.068815
1996,8,17,-53.162582,-130.5,8.069424
1996,8,18,-53.162582,-129.5,8.069905
1996,8,19,-53.162582,-128.5,8.070185
1996,9,0,-52.558838,-147.5,8.068976
1996,9,1,-52.558838,-146.5,8.069214
1996,9,2,-52.558838,-145.5,8.069712
1996,9,3,-52.558838,-144.5,8.0701
1996,9,4,-52.558838,-143.5,8.070408
1996,9,5,-52.558838,-142.5,8.070653
1996,9,6,-52.558838,-141.5,8.070743
1996,9,7,-52.558838,-140.5,8.070388
1996,9,8,-52.558838,-139.5,8.070044
1996,9,9,-52.558838,-138.5,8.069512
1996,9,10,-52.558838,-137.5,8.068998
1996,9,11,-52.558838,-136.5,8.068615
1996,9,12,-52.558838,-135.5,8.068586
1996,9,13,-52.558838,-134.5,8.06853
1996,9,14,-52.558838,-133.5,8.068851
1996,9,15,-52.558838,-132.5,8.0692835
1996,9,16,-52.558838,-131.5,8.069855
1996,9,17,-52.558838,-130.5,8.070256
1996,9,18,-52.558838,-129.5,8.070633
1996,9,19,-52.558838,-128.5,8.070861
1996,10,0,-51.946674,-147.5,8.070878
1996,10,1,-51.946674,-146.5,8.071173
1996,10,2,-51.946674,-145.5,8.071628
1996,10,3,-51.946674,-144.5,8.072005
1996,10,4,-51.946674,-143.5,8.072243
1996,10,5,-51.946674,-142.5,8.072338
1996,10,6,-51.946674,-141.5,8.072332
1996,10,7,-51.946674,-140.5,8.071858
1996,10,8,-51.946674,-139.5,8.071433
1996,10,9,-51.946674,-138.5,8.070859
1996,10,10,-51.946674,-137.5,8.070331
1996,10,11,-51.946674,-136.5,8.070038
1996,10,12,-51.946674,-135.5,8.069993
1996,10,13,-51.946674,-134.5,8.069951
1996,10,14,-51.946674,-133.5,8.070158
1996,10,15,-51.946674,-132.5,8.070415
1996,10,16,-51.946674,-131.5,8.070807
1996,10,17,-51.946674,-130.5,8.071089
1996,10,18,-51.946674,-129.5,8.071277
1996,10,19,-51.946674,-128.5,8.071478
1996,11,0,-51.326035,-147.5,8.072863
1996,11,1,-51.326035,-146.5,8.073022
1996,11,2,-51.326035,-145.5,8.073414
1996,11,3,-51.326035,-144.5,8.073719
1996,11,4,-51.326035,-143.5,8.073778
1996,11,5,-51.326035,-142.5,8.073753
1996,11,6,-51.326035,-141.5,8.073745
1996,11,7,-51.326035,-140.5,8.073315
1996,11,8,-51.326035,-139.5,8.072835
1996,11,9,-51.326035,-138.5,8.072305
1996,11,10,-51.326035,-137.5,8.071864
1996,11,11,-51.326035,-136.5,8.071644
1996,11,12,-51.326035,-135.5,8.071447
1996,11,13,-51.326035,-134.5,8.071351
1996,11,14,-51.326035,-133.5,8.071494
1996,11,15,-51.326035,-132.5,8.071607
1996,11,16,-51.326035,-131.5,8.071902
1996,11,17,-51.326035,-130.5,8.072106
1996,11,18,-51.326035,-129.5,8.072166
1996,11,19,-51.326035,-128.5,8.072216
1996,12,0,-50.696884,-147.5,8.074508
1996,12,1,-50.696884,-146.5,8.074764
1996,12,2,-50.696884,-145.5,8.074975
1996,12,3,-50.696884,-144.5,8.07516
1996,12,4,-50.696884,-143.5,8.07519
1996,12,5,-50.696884,-142.5,8.075019
1996,12,6,-50.696884,-141.5,8.074941
1996,12,7,-50.696884,-140.5,8.074418
1996,12,8,-50.696884,-139.5,8.073942
1996,12,9,-50.696884,-138.5,8.073604
1996,12,10,-50.696884,-137.5,8.073303
1996,12,11,-50.696884,-136.5,8.073102
1996,12,12,-50.696884,-135.5,8.072755
1996,12,13,-50.696884,-134.5,8.072572
1996,12,14,-50.696884,-133.5,8.072608
1996,12,15,-50.696884,-132.5,8.072593
1996,12,16,-50.696884,-131.5,8.072811
1996,12,17,-50.696884,-130.5,8.072918
1996,12,18,-50.696884,-129.5,8.072865
1996,12,19,-50.696884,-128.5,8.072831
1996,13,0,-50.059177,-147.5,8.076182
1996,13,1,-50.059177,-146.5,8.076396
1996,13,2,-50.059177,-145.5,8.0766325
1996,13,3,-50.059177,-144.5,8.076841
1996,13,4,-50.059177,-143.5,8.076622
1996,13,5,-50.059177,-142.5,8.076259
1996,13,6,-50.059177,-141.5,8.076093
1996,13,7,-50.059177,-140.5,8.075624
1996,13,8,-50.059177,-139.5,8.075332
1996,13,9,-50.059177,-138.5,8.075028
1996,13,10,-50.059177,-137.5,8.074664
1996,13,11,-50.059177,-136.5,8.074466
1996,13,12,-50.059177,-135.5,8.074204
1996,13,13,-50.059177,-134.5,8.074034
1996,13,14,-50.059177,-133.5,8.073971
1996,13,15,-50.059177,-132.5,8.073884
1996,13,16,-50.059177,-131.5,8.073925
1996,13,17,-50.059177,-130.5,8.073805
1996,13,18,-50.059177,-129.5,8.073762
1996,13,19,-50.059177,-128.5,8.073631
1996,14,0,-49.41288,-147.5,8.077816
1996,14,1,-49.41288,-146.5,8.078015
1996,14,2,-49.41288,-145.5,8.078185
1996,14,3,-49.41288,-144.5,8.078343
1996,14,4,-49.41288,-143.5,8.077973
1996,14,5,-49.41288,-142.5,8.077474
1996,14,6,-49.41288,-141.5,8.077294
1996,14,7,-49.41288,-140.5,8.076895
1996,14,8,-49.41288,-139.5,8.076667
1996,14,9,-49.41288,-138.5,8.0764265
1996,14,10,-49.41288,-137.5,8.07595
1996,14,11,-49.41288,-136.5,8.075757
1996,14,12,-49.41288,-135.5,8.075561
1996,14,13,-49.41288,-134.5,8.075435
1996,14,14,-49.41288,-133.5,8.075244
1996,14,15,-49.41288,-132.5,8.075055
1996,14,16,-49.41288,-131.5,8.075029
1996,14,17,-49.41288,-130.5,8.07467
1996,14,18,-49.41288,-129.5,8.074495
1996,14,19,-49.41288,-128.5,8.074227
1996,15,0,-48.757957,-147.5,8.079028
1996,15,1,-48.757957,-146.5,8.07923
1996,15,2,-48.757957,-145.5,8.079352
1996,15,3,-48.757957,-144.5,8.07949
1996,15,4,-48.757957,-143.5,8.079144
1996,15,5,-48.757957,-142.5,8.078671
1996,15,6,-48.757957,-141.5,8.078444
1996,15,7,-48.757957,-140.5,8.07789
1996,15,8,-48.757957,-139.5,8.077565
1996,15,9,-48.757957,-138.5,8.077306
1996,15,10,-48.757957,-137.5,8.076837
1996,15,11,-48.757957,-136.5,8.076633
1996,15,12,-48.757957,-135.5,8.076585
1996,15,13,-48.757957,-134.5,8.076463
1996,15,14,-48.757957,-133.5,8.076369
1996,15,15,-48.757957,-132.5,8.076255
1996,15,16,-48.757957,-131.5,8.076121
1996,15,17,-48.757957,-130.5,8.075711
1996,15,18,-48.757957,-129.5,8.075383
1996,15,19,-48.757957,-128.5,8.074876
1996,16,0,-48.094387,-147.5,8.080106
1996,16,1,-48.094387,-146.5,8.080257
1996,16,2,-48.094387,-145.5,8.080482
1996,16,3,-48.094387,-144.5,8.080612
1996,16,4,-48.094387,-143.5,8.080252
1996,16,5,-48.094387,-142.5,8.079717
1996,16,6,-48.094387,-141.5,8.079392
1996,16,7,-48.094387,-140.5,8.078617
1996,16,8,-48.094387,-139.5,8.07813
1996,16,9,-48.094387,-138.5,8.077861
1996,16,10,-48.094387,-137.5,8.0774
1996,16,11,-48.094387,-136.5,8.077322
1996,16,12,-48.094387,-135.5,8.077392
1996,16,13,-48.094387,-134.5,8.077272
1996,16,14,-48.094387,-133.5,8.077213
1996,16,15,-48.094387,-132.5,8.077113
1996,16,16,-48.094387,-131.5,8.0770445
1996,16,17,-48.094387,-130.5,8.076591
1996,16,18,-48.094387,-129.5,8.076186
1996,16,19,-48.094387,-128.5,8.07553
1996,17,0,-47.422142,-147.5,8.081497
1996,17,1,-47.422142,-146.5,8.081611
1996,17,2,-47.422142,-145.5,8.081582
1996,17,3,-47.422142,-144.5,8.081639
1996,17,4,-47.422142,-143.5,8.08129
1996,17,5,-47.422142,-142.5,8.080773
1996,17,6,-47.422142,-141.5,8.080396
1996,17,7,-47.422142,-140.5,8.079703
1996,17,8,-47.422142,-139.5,8.0792
1996,17,9,-47.422142,-138.5,8.078826
1996,17,10,-47.422142,-137.5,8.078383
1996,17,11,-47.422142,-136.5,8.078349
1996,17,12,-47.422142,-135.5,8.078432
1996,17,13,-47.422142,-134.5,8.078231
1996,17,14,-47.422142,-133.5,8.078107
1996,17,15,-47.422142,-132.5,8.077917
1996,17,16,-47.422142,-131.5,8.077765
1996,17,17,-47.422142,-130.5,8.077357
1996,17,18,-47.422142,-129.5,8.07697
1996,17,19,-47.422142,-128.5,8.0764675
1996,18,0,-46.7412,-147.5,8.082647
1996,18,1,-46.7412,-146.5,8.0827055
1996,18,2,-46.7412,-145.5,8.082457
1996,18,3,-46.7412,-144.5,8.082495
1996,18,4,-46.7412,-143.5,8.082248
1996,18,5,-46.7412,-142.5,8.081712
1996,18,6,-46.7412,-141.5,8.081269
1996,18,7,-46.7412,-140.5,8.080756
1996,18,8,-46.7412,-139.5,8.080257
1996,18,9,-46.7412,-138.5,8.079869
1996,18,10,-46.7412,-137.5,8.079475
1996,18,11,-46.7412,-136.5,8.079362
1996,18,12,-46.7412,-135.5,8.079258
1996,18,13,-46.7412,-134.5,8.078948
1996,18,14,-46.7412,-133.5,8.078748
1996,18,15,-46.7412,-132.5,8.078542
1996,18,16,-46.7412,-131.5,8.078348
1996,18,17,-46.7412,-130.5,8.077915
1996,18,18,-46.7412,-129.5,8.077548
1996,18,19,-46.7412,-128.5,8.077186
1996,19,0,-46.051548,-147.5,8.083121
1996,19,1,-46.051548,-146.5,8.083158
1996,19,2,-46.051548,-145.5,8.082929
1996,19,3,-46.051548,-144.5,8.082878
1996,19,4,-46.051548,-143.5,8.082873
1996,19,5,-46.051548,-142.5,8.082432
1996,19,6,-46.051548,-141.5,8.082044
1996,19,7,-46.051548,-140.5,8.081658
1996,19,8,-46.051548,-139.5,8.081395
1996,19,9,-46.051548,-138.5,8.081025
1996,19,10,-46.051548,-137.5,8.080762
1996,19,11,-46.051548,-136.5,8.080595
1996,19,12,-46.051548,-135.5,8.080468
1996,19,13,-46.051548,-134.5,8.080119
1996,19,14,-46.051548,-133.5,8.079772
1996,19,15,-46.051548,-132.5,8.079537
1996,19,16,-46.051548,-131.5,8.079338
1996,19,17,-46.051548,-130.5,8.078992
1996,19,18,-46.051548,-129.5,8.078654
1996,19,19,-46.051548,-128.5,8.078325
1997,0,0,-57.695797,-147.5,8.054562
1997,0,1,-57.695797,-146.5,8.054982
1997,0,2,-57.695797,-145.5,8.056331
1997,0,3,-57.695797,-144.5,8.057132
1997,0,4,-57.695797,-143.5,8.058728
1997,0,5,-57.695797,-142.5,8.059972
1997,0,6,-57.695797,-141.5,8.060616
1997,0,7,-57.695797,-140.5,8.061593
1997,0,8,-57.695797,-139.5,8.062507
1997,0,9,-57.695797,-138.5,8.063123
1997,0,10,-57.695797,-137.5,8.063777
1997,0,11,-57.695797,-136.5,8.0644455
1997,0,12,-57.695797,-135.5,8.065052
1997,0,13,-57.695797,-134.5,8.065321
1997,0,14,-57.695797,-133.5,8.065699
1997,0,15,-57.695797,-132.5,8.0659895
1997,0,16,-57.695797,-131.5,8.0662365
1997,0,17,-57.695797,-130.5,8.06686
1997,0,18,-57.695797,-129.5,8.067417
1997,0,19,-57.695797,-128.5,8.068048
1997,1,0,-57.15743,-147.5,8.055236
1997,1,1,-57.15743,-146.5,8.056371
1997,1,2,-57.15743,-145.5,8.057361
1997,1,3,-57.15743,-144.5,8.058294
1997,1,4,-57.15743,-143.5,8.0598345
1997,1,5,-57.15743,-142.5,8.060878
1997,1,6,-57.15743,-141.5,8.061383
1997,1,7,-57.15743,-140.5,8.062206
1997,1,8,-57.15743,-139.5,8.062988
1997,1,9,-57.15743,-138.5,8.063474
1997,1,10,-57.15743,-137.5,8.063918
1997,1,11,-57.15743,-136.5,8.064578
1997,1,12,-57.15743,-135.5,8.06512
1997,1,13,-57.15743,-134.5,8.065319
1997,1,14,-57.15743,-133.5,8.065693
1997,1,15,-57.15743,-132.5,8.066117
1997,1,16,-57.15743,-131.5,8.066545
1997,1,17,-57.15743,-130.5,8.067435
1997,1,18,-57.15743,-129.5,8.068189
1997,1,19,-57.15743,-128.5,8.069016
1997,2,0,-56.61111,-147.5,8.056203
1997,2,1,-56.61111,-146.5,8.057655
1997,2,2,-56.61111,-145.5,8.058644
1997,2,3,-56.61111,-144.5,8.059636
1997,2,4,-56.61111,-143.5,8.060918
1997,2,5,-56.61111,-142.5,8.061619
1997,2,6,-56.61111,-141.5,8.061978
1997,2,7,-56.61111,-140.5,8.06285
1997,2,8,-56.61111,-139.5,8.06333
1997,2,9,-56.61111,-138.5,8.06374
1997,2,10,-56.61111,-137.5,8.064139
1997,2,11,-56.61111,-136.5,8.064785
1997,2,12,-56.61111,-135.5,8.065307
1997,2,13,-56.61111,-134.5,8.065465
1997,2,14,-56.61111,-133.5,8.065861
1997,2,15,-56.61111,-132.5,8.066457
1997,2,16,-56.61111,-131.5,8.067133
1997,2,17,-56.61111,-130.5,8.068208
1997,2,18,-56.61111,-129.5,8.069195
1997,2,19,-56.61111,-128.5,8.070174
1997,3,0,-56.05677,-147.5,8.058443
1997,3,1,-56.05677,-146.5,8.060087
1997,3,2,-56.05677,-145.5,8.060913
1997,3,3,-56.05677,-144.5,8.06144
1997,3,4,-56.05677,-143.5,8.062115
1997,3,5,-56.05677,-142.5,8.062449
1997,3,6,-56.05677,-141.5,8.062926
1997,3,7,-56.05677,-140.5,8.063556
1997,3,8,-56.05677,-139.5,8.0638075
1997,3,9,-56.05677,-138.5,8.064174
1997,3,10,-56.05677,-137.5,8.064395
1997,3,11,-56.05677,-136.5,8.065049
1997,3,12,-56.05677,-135.5,8.065497
1997,3,13,-56.05677,-134.5,8.065635
1997,3,14,-56.05677,-133.5,8.066208
1997,3,15,-56.05677,-132.5,8.067124
1997,3,16,-56.05677,-131.5,8.068053
1997,3,17,-56.05677,-130.5,8.069289
1997,3,18,-56.05677,-129.5,8.0704775
1997,3,19,-56.05677,-128.5,8.071555
1997,4,0,-55.494347,-147.5,8.060677
1997,4,1,-55.494347,-146.5,8.0614395
1997,4,2,-55.494347,-145.5,8.062154
1997,4,3,-55.494347,-144.5,8.062306
1997,4,4,-55.494347,-143.5,8.062758
1997,4,5,-55.494347,-142.5,8.063207
1997,4,6,-55.494347,-141.5,8.063977
1997,4,7,-55.494347,-140.5,8.064104
1997,4,8,-55.494347,-139.5,8.064317
1997,4,9,-55.494347,-138.5,8.064511
1997,4,10,-55.494347,-137.5,8.06456
1997,4,11,-55.494347,-136.5,8.065166
1997,4,12,-55.494347,-135.5,8.065717
1997,4,13,-55.494347,-134.5,8.066084
1997,4,14,-55.494347,-133.5,8.066976
1997,4,15,-55.494347,-132.5,8.068152
1997,4,16,-55.494347,-131.5,8.069308
1997,4,17,-55.494347,-130.5,8.070767
1997,4,18,-55.494347,-129.5,8.072074
1997,4,19,-55.494347,-128.5,8.073213
1997,5,0,-54.923775,-147.5,8.063655
1997,5,1,-54.923775,-146.5,8.063966
1997,5,2,-54.923775,-145.5,8.064513
1997,5,3,-54.923775,-144.5,8.064678
1997,5,4,-54.923775,-143.5,8.065183
1997,5,5,-54.923775,-142.5,8.0657215
1997,5,6,-54.923775,-141.5,8.066531
1997,5,7,-54.923775,-140.5,8.066281
1997,5,8,-54.923775,-139.5,8.066307
1997,5,9,-54.923775,-138.5,8.066089
1997,5,10,-54.923775,-137.5,8.065867
1997,5,11,-54.923775,-136.5,8.066128
1997,5,12,-54.923775,-135.5,8.066733
1997,5,13,-54.923775,-134.5,8.067277
1997,5,14,-54.923775,-133.5,8.068275
1997,5,15,-54.923775,-132.5,8.069566
1997,5,16,-54.923775,-131.5,8.07088
1997,5,17,-54.923775,-130.5,8.072506
1997,5,18,-54.923775,-129.5,8.073898
1997,5,19,-54.923775,-128.5,8.074855
1997,6,0,-54.344994,-147.5,8.065175
1997,6,1,-54.344994,-146.5,8.065451
1997,6,2,-54.344994,-145.5,8.065901
1997,6,3,-54.344994,-144.5,8.066142
1997,6,4,-54.344994,-143.5,8.066791
1997,6,5,-54.344994,-142.5,8.067418
1997,6,6,-54.344994,-141.5,8.068068
1997,6,7,-54.344994,-140.5,8.067999
1997,6,8,-54.344994,-139.5,8.068081
1997,6,9,-54.344994,-138.5,8.067788
1997,6,10,-54.344994,-137.5,8.067508
1997,6,11,-54.344994,-136.5,8.067479
1997,6,12,-54.344994,-135.5,8.068106
1997,6,13,-54.344994,-134.5,8.068732
1997,6,14,-54.344994,-133.5,8.0699
1997,6,15,-54.344994,-132.5,8.07129
1997,6,16,-54.344994,-131.5,8.072749
1997,6,17,-54.344994,-130.5,8.074395
1997,6,18,-54.344994,-129.5,8.075661
1997,6,19,-54.344994,-128.5,8.076422
1997,7,0,-53.75795,-147.5,8.067364
1997,7,1,-53.75795,-146.5,8.067775
1997,7,2,-53.75795,-145.5,8.06832
1997,7,3,-53.75795,-144.5,8.068862
1997,7,4,-53.75795,-143.5,8.069482
1997,7,5,-53.75795,-142.5,8.070011
1997,7,6,-53.75795,-141.5,8.070407
1997,7,7,-53.75795,-140.5,8.070344
1997,7,8,-53.75795,-139.5,8.070213
1997,7,9,-53.75795,-138.5,8.069931
1997,7,10,-53.75795,-137.5,8.069665
1997,7,11,-53.75795,-136.5,8.069596
1997,7,12,-53.75795,-135.5,8.070264
1997,7,13,-53.75795,-134.5,8.071019
1997,7,14,-53.75795,-133.5,8.07222
1997,7,15,-53.75795,-132.5,8.0735855
1997,7,16,-53.75795,-131.5,8.075003
1997,7,17,-53.75795,-130.5,8.076306
1997,7,18,-53.75795,-129.5,8.077254
1997,7,19,-53.75795,-128.5,8.077479
1997,8,0,-53.162582,-147.5,8.069524
1997,8,1,-53.162582,-146.5,8.070146
1997,8,2,-53.162582,-145.5,8.070868
1997,8,3,-53.162582,-144.5,8.071567
1997,8,4,-53.162582,-143.5,8.072142
1997,8,5,-53.162582,-142.5,8.072582
1997,8,6,-53.162582,-141.5,8.072996
1997,8,7,-53.162582,-140.5,8.072898
1997,8,8,-53.162582,-139.5,8.072685
1997,8,9,-53.162582,-138.5,8.072432
1997,8,10,-53.162582,-137.5,8.072231
1997,8,11,-53.162582,-136.5,8.072195
1997,8,12,-53.162582,-135.5,8.072822
1997,8,13,-53.162582,-134.5,8.073541
1997,8,14,-53.162582,-133.5,8.074677
1997,8,15,-53.162582,-132.5,8.075913
1997,8,16,-53.162582,-131.5,8.077073
1997,8,17,-53.162582,-130.5,8.077897
1997,8,18,-53.162582,-129.5,8.078549
1997,8,19,-53.162582,-128.5,8.078436
1997,9,0,-52.558838,-147.5,8.072155
1997,9,1,-52.558838,-146.5,8.072942
1997,9,2,-52.558838,-145.5,8.073728
1997,9,3,-52.558838,-144.5,8.074454
1997,9,4,-52.558838,-143.5,8.075056
1997,9,5,-52.558838,-142.5,8.075349
1997,9,6,-52.558838,-141.5,8.0757
1997,9,7,-52.558838,-140.5,8.075671
1997,9,8,-52.558838,-139.5,8.075501
1997,9,9,-52.558838,-138.5,8.075259
1997,9,10,-52.558838,-137.5,8.075083
1997,9,11,-52.558838,-136.5,8.075116
1997,9,12,-52.558838,-135.5,8.075665
1997,9,13,-52.558838,-134.5,8.076283
1997,9,14,-52.558838,-133.5,8.077191
1997,9,15,-52.558838,-132.5,8.078094
1997,9,16,-52.558838,-131.5,8.078868
1997,9,17,-52.558838,-130.5,8.079251
1997,9,18,-52.558838,-129.5,8.079526
1997,9,19,-52.558838,-128.5,8.079139
1997,10,0,-51.946674,-147.5,8.075156
1997,10,1,-51.946674,-146.5,8.075939
1997,10,2,-51.946674,-145.5,8.0766325
1997,10,3,-51.946674,-144.5,8.077256
1997,10,4,-51.946674,-143.5,8.077742
1997,10,5,-51.946674,-142.5,8.078001
1997,10,6,-51.946674,-141.5,8.078298
1997,10,7,-51.946674,-140.5,8.078227
1997,10,8,-51.946674,-139.5,8.0781355
1997,10,9,-51.946674,-138.5,8.07797
1997,10,10,-51.946674,-137.5,8.077838
1997,10,11,-51.946674,-136.5,8.077926
1997,10,12,-51.946674,-135.5,8.0782995
1997,10,13,-51.946674,-134.5,8.078817
1997,10,14,-51.946674,-133.5,8.079513
1997,10,15,-51.946674,-132.5,8.079999
1997,10,16,-51.946674,-131.5,8.080364
1997,10,17,-51.946674,-130.5,8.080254
1997,10,18,-51.946674,-129.5,8.080254
1997,10,19,-51.946674,-128.5,8.079478
1997,11,0,-51.326035,-147.5,8.078104
1997,11,1,-51.326035,-146.5,8.078813
1997,11,2,-51.326035,-145.5,8.079401
1997,11,3,-51.326035,-144.5,8.079811
1997,11,4,-51.326035,-143.5,8.080054
1997,11,5,-51.326035,-142.5,8.080213
1997,11,6,-51.326035,-141.5,8.08057
1997,11,7,-51.326035,-140.5,8.080522
1997,11,8,-51.326035,-139.5,8.0805025
1997,11,9,-51.326035,-138.5,8.080455
1997,11,10,-51.326035,-137.5,8.080365
1997,11,11,-51.326035,-136.5,8.080423
1997,11,12,-51.326035,-135.5,8.080647
1997,11,13,-51.326035,-134.5,8.080919
1997,11,14,-51.326035,-133.5,8.081315
1997,11,15,-51.326035,-132.5,8.081532
1997,11,16,-51.326035,-131.5,8.081502
1997,11,17,-51.326035,-130.5,8.081132
1997,11,18,-51.326035,-129.5,8.080913
1997,11,19,-51.326035,-128.5,8.07991
1997,12,0,-50.696884,-147.5,8.080628
1997,12,1,-50.696884,-146.5,8.081222
1997,12,2,-50.696884,-145.5,8.081576
1997,12,3,-50.696884,-144.5,8.08174
1997,12,4,-50.696884,-143.5,8.081904
1997,12,5,-50.696884,-142.5,8.082057
1997,12,6,-50.696884,-141.5,8.082316
1997,12,7,-50.696884,-140.5,8.082145
1997,12,8,-50.696884,-139.5,8.082197
1997,12,9,-50.696884,-138.5,8.08225
1997,12,10,-50.696884,-137.5,8.082104
1997,12,11,-50.696884,-136.5,8.082114
1997,12,12,-50.696884,-135.5,8.082278
1997,12,13,-50.696884,-134.5,8.082381
1997,12,14,-50.696884,-133.5,8.082432
1997,12,15,-50.696884,-132.5,8.082329
1997,12,16,-50.696884,-131.5,8.082028
1997,12,17,-50.696884,-130.5,8.08142
1997,12,18,-50.696884,-129.5,8.081094
1997,12,19,-50.696884,-128.5,8.080086
1997,13,0,-50.059177,-147.5,8.082477
1997,13,1,-50.059177,-146.5,8.082844
1997,13,2,-50.059177,-145.5,8.083125
1997,13,3,-50.059177,-144.5,8.083213
1997,13,4,-50.059177,-143.5,8.083291
1997,13,5,-50.059177,-142.5,8.083394
1997,13,6,-50.059177,-141.5,8.083665
1997,13,7,-50.059177,-140.5,8.0835495
1997,13,8,-50.059177,-139.5,8.083629
1997,13,9,-50.059177,-138.5,8.083615
1997,13,10,-50.059177,-137.5,8.083487
1997,13,11,-50.059177,-136.5,8.083383
1997,13,12,-50.059177,-135.5,8.083314
1997,13,13,-50.059177,-134.5,8.083123
1997,13,14,-50.059177,-133.5,8.082965
1997,13,15,-50.059177,-132.5,8.082658
1997,13,16,-50.059177,-131.5,8.08217
1997,13,17,-50.059177,-130.5,8.081438
1997,13,18,-50.059177,-129.5,8.0810995
1997,13,19,-50.059177,-128.5,8.080163
1997,14,0,-49.41288,-147.5,8.083361
1997,14,1,-49.41288,-146.5,8.08365
1997,14,2,-49.41288,-145.5,8.083972
1997,14,3,-49.41288,-144.5,8.084007
1997,14,4,-49.41288,-143.5,8.084071
1997,14,5,-49.41288,-142.5,8.084159
1997,14,6,-49.41288,-141.5,8.0844755
1997,14,7,-49.41288,-140.5,8.0843
1997,14,8,-49.41288,-139.5,8.084449
1997,14,9,-49.41288,-138.5,8.084359
1997,14,10,-49.41288,-137.5,8.084184
1997,14,11,-49.41288,-136.5,8.083934
1997,14,12,-49.41288,-135.5,8.083653
1997,14,13,-49.41288,-134.5,8.083241
1997,14,14,-49.41288,-133.5,8.082924
1997,14,15,-49.41288,-132.5,8.082463
1997,14,16,-49.41288,-131.5,8.081905
1997,14,17,-49.41288,-130.5,8.081088
1997,14,18,-49.41288,-129.5,8.080719
1997,14,19,-49.41288,-128.5,8.080017
1997,15,0,-48.757957,-147.5,8.084156
1997,15,1,-48.757957,-146.5,8.084441
1997,15,2,-48.757957,-145.5,8.084666
1997,15,3,-48.757957,-144.5,8.084542
1997,15,4,-48.757957,-143.5,8.08455
1997,15,5,-48.757957,-142.5,8.084683
1997,15,6,-48.757957,-141.5,8.084987
1997,15,7,-48.757957,-140.5,8.084782
1997,15,8,-48.757957,-139.5,8.084823
1997,15,9,-48.757957,-138.5,8.084688
1997,15,10,-48.757957,-137.5,8.084413
1997,15,11,-48.757957,-136.5,8.084092
1997,15,12,-48.757957,-135.5,8.083737
1997,15,13,-48.757957,-134.5,8.083155
1997,15,14,-48.757957,-133.5,8.082664
1997,15,15,-48.757957,-132.5,8.081914
1997,15,16,-48.757957,-131.5,8.081348
1997,15,17,-48.757957,-130.5,8.080436
1997,15,18,-48.757957,-129.5,8.080104
1997,15,19,-48.757957,-128.5,8.079524
1997,16,0,-48.094387,-147.5,8.084727
1997,16,1,-48.094387,-146.5,8.084919
1997,16,2,-48.094387,-145.5,8.085014
1997,16,3,-48.094387,-144.5,8.084863
1997,16,4,-48.094387,-143.5,8.084889
1997,16,5,-48.094387,-142.5,8.084939
1997,16,6,-48.094387,-141.5,8.085158
1997,16,7,-48.094387,-140.5,8.08496
1997,16,8,-48.094387,-139.5,8.084977
1997,16,9,-48.094387,-138.5,8.084878
1997,16,10,-48.094387,-137.5,8.0845585
1997,16,11,-48.094387,-136.5,8.084154
1997,16,12,-48.094387,-135.5,8.083642
1997,16,13,-48.094387,-134.5,8.083001
1997,16,14,-48.094387,-133.5,8.082221
1997,16,15,-48.094387,-132.5,8.081457
1997,16,16,-48.094387,-131.5,8.08073
1997,16,17,-48.094387,-130.5,8.0798025
1997,16,18,-48.094387,-129.5,8.079413
1997,16,19,-48.094387,-128.5,8.078875
1997,17,0,-47.422142,-147.5,8.084688
1997,17,1,-47.422142,-146.5,8.084861
1997,17,2,-47.422142,-145.5,8.085025
1997,17,3,-47.422142,-144.5,8.084891
1997,17,4,-47.422142,-143.5,8.085013
1997,17,5,-47.422142,-142.5,8.085105
1997,17,6,-47.422142,-141.5,8.0852
1997,17,7,-47.422142,-140.5,8.084996
1997,17,8,-47.422142,-139.5,8.084943
1997,17,9,-47.422142,-138.5,8.0848875
1997,17,10,-47.422142,-137.5,8.084623
1997,17,11,-47.422142,-136.5,8.084207
1997,17,12,-47.422142,-135.5,8.0836
1997,17,13,-47.422142,-134.5,8.082807
1997,17,14,-47.422142,-133.5,8.081946
1997,17,15,-47.422142,-132.5,8.081269
1997,17,16,-47.422142,-131.5,8.080621
1997,17,17,-47.422142,-130.5,8.079879
1997,17,18,-47.422142,-129.5,8.079479
1997,17,19,-47.422142,-128.5,8.078943
1997,18,0,-46.7412,-147.5,8.084155
1997,18,1,-46.7412,-146.5,8.08425
1997,18,2,-46.7412,-145.5,8.08445
1997,18,3,-46.7412,-144.5,8.084325
1997,18,4,-46.7412,-143.5,8.084601
1997,18,5,-46.7412,-142.5,8.084727
1997,18,6,-46.7412,-141.5,8.084781
1997,18,7,-46.7412,-140.5,8.084503
1997,18,8,-46.7412,-139.5,8.084469
1997,18,9,-46.7412,-138.5,8.084361
1997,18,10,-46.7412,-137.5,8.084235
1997,18,11,-46.7412,-136.5,8.083814
1997,18,12,-46.7412,-135.5,8.083129
1997,18,13,-46.7412,-134.5,8.082362
1997,18,14,-46.7412,-133.5,8.081599
1997,18,15,-46.7412,-132.5,8.081014
1997,18,16,-46.7412,-131.5,8.08055
1997,18,17,-46.7412,-130.5,8.079938
1997,18,18,-46.7412,-129.5,8.0796385
1997,18,19,-46.7412,-128.5,8.079213
1997,19,0,-46.051548,-147.5,8.083178
1997,19,1,-46.051548,-146.5,8.083241
1997,19,2,-46.051548,-145.5,8.083699
1997,19,3,-46.051548,-144.5,8.0837345
1997,19,4,-46.051548,-143.5,8.084104
1997,19,5,-46.051548,-142.5,8.084279
1997,19,6,-46.051548,-141.5,8.084381
1997,19,7,-46.051548,-140.5,8.083955
1997,19,8,-46.051548,-139.5,8.083844
1997,19,9,-46.051548,-138.5,8.083552
1997,19,10,-46.051548,-137.5,8.083379
1997,19,11,-46.051548,-136.5,8.083159
1997,19,12,-46.051548,-135.5,8.082759
1997,19,13,-46.051548,-134.5,8.082255
1997,19,14,-46.051548,-133.5,8.081555
1997,19,15,-46.051548,-132.5,8.081162
1997,19,16,-46.051548,-131.5,8.081001
1997,19,17,-46.051548,-130.5,8.080486
1997,19,18,-46.051548,-129.5,8.08031
1997,19,19,-46.051548,-128.5,8.0800295
1998,0,0,-57.695797,-147.5,8.049464
1998,0,1,-57.695797,-146.5,8.050061
1998,0,2,-57.695797,-145.5,8.051441
1998,0,3,-57.695797,-144.5,8.053168
1998,0,4,-57.695797,-143.5,8.056055
1998,0,5,-57.695797,-142.5,8.058475
1998,0,6,-57.695797,-141.5,8.060093
1998,0,7,-57.695797,-140.5,8.061781
1998,0,8,-57.695797,-139.5,8.06313
1998,0,9,-57.695797,-138.5,8.06426
1998,0,10,-57.695797,-137.5,8.065257
1998,0,11,-57.695797,-136.5,8.066266
1998,0,12,-57.695797,-135.5,8.06737
1998,0,13,-57.695797,-134.5,8.067946
1998,0,14,-57.695797,-133.5,8.068582
1998,0,15,-57.695797,-132.5,8.069007
1998,0,16,-57.695797,-131.5,8.068955
1998,0,17,-57.695797,-130.5,8.069251
1998,0,18,-57.695797,-129.5,8.069272
1998,0,19,-57.695797,-128.5,8.069478
1998,1,0,-57.15743,-147.5,8.050765
1998,1,1,-57.15743,-146.5,8.051995
1998,1,2,-57.15743,-145.5,8.053142
1998,1,3,-57.15743,-144.5,8.055088
1998,1,4,-57.15743,-143.5,8.057819
1998,1,5,-57.15743,-142.5,8.059922
1998,1,6,-57.15743,-141.5,8.061294
1998,1,7,-57.15743,-140.5,8.062732
1998,1,8,-57.15743,-139.5,8.063846
1998,1,9,-57.15743,-138.5,8.064809
1998,1,10,-57.15743,-137.5,8.065682
1998,1,11,-57.15743,-136.5,8.0665865
1998,1,12,-57.15743,-135.5,8.067506
1998,1,13,-57.15743,-134.5,8.06791
1998,1,14,-57.15743,-133.5,8.068522
1998,1,15,-57.15743,-132.5,8.068907
1998,1,16,-57.15743,-131.5,8.068896
1998,1,17,-57.15743,-130.5,8.069183
1998,1,18,-57.15743,-129.5,8.069244
1998,1,19,-57.15743,-128.5,8.069608
1998,2,0,-56.61111,-147.5,8.053335
1998,2,1,-56.61111,-146.5,8.054633
1998,2,2,-56.61111,-145.5,8.055838
1998,2,3,-56.61111,-144.5,8.05761
1998,2,4,-56.61111,-143.5,8.059901
1998,2,5,-56.61111,-142.5,8.061593
1998,2,6,-56.61111,-141.5,8.062573
1998,2,7,-56.61111,-140.5,8.063811
1998,2,8,-56.61111,-139.5,8.064504
1998,2,9,-56.61111,-138.5,8.065274
1998,2,10,-56.61111,-137.5,8.066131
1998,2,11,-56.61111,-136.5,8.06694
1998,2,12,-56.61111,-135.5,8.06771
1998,2,13,-56.61111,-134.5,8.06799
1998,2,14,-56.61111,-133.5,8.068551
1998,2,15,-56.61111,-132.5,8.068813
1998,2,16,-56.61111,-131.5,8.068767
1998,2,17,-56.61111,-130.5,8.069176
1998,2,18,-56.61111,-129.5,8.069331
1998,2,19,-56.61111,-128.5,8.069636
1998,3,0,-56.05677,-147.5,8.057231
1998,3,1,-56.05677,-146.5,8.058393
1998,3,2,-56.05677,-145.5,8.059588
1998,3,3,-56.05677,-144.5,8.060844
1998,3,4,-56.05677,-143.5,8.062376
1998,3,5,-56.05677,-142.5,8.063354
1998,3,6,-56.05677,-141.5,8.0640545
1998,3,7,-56.05677,-140.5,8.064846
1998,3,8,-56.05677,-139.5,8.065246
1998,3,9,-56.05677,-138.5,8.065829
1998,3,10,-56.05677,-137.5,8.066501
1998,3,11,-56.05677,-136.5,8.067245
1998,3,12,-56.05677,-135.5,8.067805
1998,3,13,-56.05677,-134.5,8.067981
1998,3,14,-56.05677,-133.5,8.068467
1998,3,15,-56.05677,-132.5,8.068694
1998,3,16,-56.05677,-131.5,8.068664
1998,3,17,-56.05677,-130.5,8.06914
1998,3,18,-56.05677,-129.5,8.069367
1998,3,19,-56.05677,-128.5,8.069536
1998,4,0,-55.494347,-147.5,8.0605345
1998,4,1,-55.494347,-146.5,8.061239
1998,4,2,-55.494347,-145.5,8.062251
1998,4,3,-55.494347,-144.5,8.062947
1998,4,4,-55.494347,-143.5,8.063802
1998,4,5,-55.494347,-142.5,8.06432
1998,4,6,-55.494347,-141.5,8.06503
1998,4,7,-55.494347,-140.5,8.065153
1998,4,8,-55.494347,-139.5,8.065564
1998,4,9,-55.494347,-138.5,8.066065
1998,4,10,-55.494347,-137.5,8.066588
1998,4,11,-55.494347,-136.5,8.067327
1998,4,12,-55.494347,-135.5,8.067869
1998,4,13,-55.494347,-134.5,8.068091
1998,4,14,-55.494347,-133.5,8.068545
1998,4,15,-55.494347,-132.5,8.068738
1998,4,16,-55.494347,-131.5,8.068786
1998,4,17,-55.494347,-130.5,8.0693245
1998,4,18,-55.494347,-129.5,8.069533
1998,4,19,-55.494347,-128.5,8.069713
1998,5,0,-54.923775,-147.5,8.063805
1998,5,1,-54.923775,-146.5,8.064143
1998,5,2,-54.923775,-145.5,8.064904
1998,5,3,-54.923775,-144.5,8.065184
1998,5,4,-54.923775,-143.5,8.065717
1998,5,5,-54.923775,-142.5,8.065974
1998,5,6,-54.923775,-141.5,8.066502
1998,5,7,-54.923775,-140.5,8.066177
1998,5,8,-54.923775,-139.5,8.066551
1998,5,9,-54.923775,-138.5,8.066775
1998,5,10,-54.923775,-137.5,8.066962
1998,5,11,-54.923775,-136.5,8.067562
1998,5,12,-54.923775,-135.5,8.068074
1998,5,13,-54.923775,-134.5,8.068196
1998,5,14,-54.923775,-133.5,8.068506
1998,5,15,-54.923775,-132.5,8.068748
1998,5,16,-54.923775,-131.5,8.068948
1998,5,17,-54.923775,-130.5,8.069486
1998,5,18,-54.923775,-129.5,8.069657
1998,5,19,-54.923775,-128.5,8.069898
1998,6,0,-54.344994,-147.5,8.065423
1998,6,1,-54.344994,-146.5,8.0656595
1998,6,2,-54.344994,-145.5,8.066134
1998,6,3,-54.344994,-144.5,8.066181
1998,6,4,-54.344994,-143.5,8.066475
1998,6,5,-54.344994,-142.5,8.066753
1998,6,6,-54.344994,-141.5,8.067103
1998,6,7,-54.344994,-140.5,8.06687
1998,6,8,-54.344994,-139.5,8.0672
1998,6,9,-54.344994,-138.5,8.067338
1998,6,10,-54.344994,-137.5,8.067375
1998,6,11,-54.344994,-136.5,8.067792
1998,6,12,-54.344994,-135.5,8.068246
1998,6,13,-54.344994,-134.5,8.068322
1998,6,14,-54.344994,-133.5,8.068711
1998,6,15,-54.344994,-132.5,8.069066
1998,6,16,-54.344994,-131.5,8.06935
1998,6,17,-54.344994,-130.5,8.069949
1998,6,18,-54.344994,-129.5,8.070142
1998,6,19,-54.344994,-128.5,8.070449
1998,7,0,-53.75795,-147.5,8.067409
1998,7,1,-53.75795,-146.5,8.067578
1998,7,2,-53.75795,-145.5,8.067812
1998,7,3,-53.75795,-144.5,8.067748
1998,7,4,-53.75795,-143.5,8.067975
1998,7,5,-53.75795,-142.5,8.068242
1998,7,6,-53.75795,-141.5,8.068328
1998,7,7,-53.75795,-140.5,8.068084
1998,7,8,-53.75795,-139.5,8.068221
1998,7,9,-53.75795,-138.5,8.068152
1998,7,10,-53.75795,-137.5,8.068029
1998,7,11,-53.75795,-136.5,8.068299
1998,7,12,-53.75795,-135.5,8.068661
1998,7,13,-53.75795,-134.5,8.0687475
1998,7,14,-53.75795,-133.5,8.069146
1998,7,15,-53.75795,-132.5,8.069549
1998,7,16,-53.75795,-131.5,8.069888
1998,7,17,-53.75795,-130.5,8.070424
1998,7,18,-53.75795,-129.5,8.070768
1998,7,19,-53.75795,-128.5,8.070996
1998,8,0,-53.162582,-147.5,8.068882
1998,8,1,-53.162582,-146.5,8.069011
1998,8,2,-53.162582,-145.5,8.069121
1998,8,3,-53.162582,-144.5,8.069043
1998,8,4,-53.162582,-143.5,8.069276
1998,8,5,-53.162582,-142.5,8.069368
1998,8,6,-53.162582,-141.5,8.06948
1998,8,7,-53.162582,-140.5,8.069266
1998,8,8,-53.162582,-139.5,8.069363
1998,8,9,-53.162582,-138.5,8.069154
1998,8,10,-53.162582,-137.5,8.068902
1998,8,11,-53.162582,-136.5,8.069041
1998,8,12,-53.162582,-135.5,8.069315
1998,8,13,-53.162582,-134.5,8.0693445
1998,8,14,-53.162582,-133.5,8.069753
1998,8,15,-53.162582,-132.5,8.070155
1998,8,16,-53.162582,-131.5,8.070513
1998,8,17,-53.162582,-130.5,8.071046
1998,8,18,-53.162582,-129.5,8.071484
1998,8,19,-53.162582,-128.5,8.071677
1998,9,0,-52.558838,-147.5,8.070606
1998,9,1,-52.558838,-146.5,8.070838
1998,9,2,-52.558838,-145.5,8.070823
1998,9,3,-52.558838,-144.5,8.07076
1998,9,4,-52.558838,-143.5,8.070825
1998,9,5,-52.558838,-142.5,8.070679
1998,9,6,-52.558838,-141.5,8.070765
1998,9,7,-52.558838,-140.5,8.07047
1998,9,8,-52.558838,-139.5,8.070488
1998,9,9,-52.558838,-138.5,8.070274
1998,9,10,-52.558838,-137.5,8.070062
1998,9,11,-52.558838,-136.5,8.0701475
1998,9,12,-52.558838,-135.5,8.070295
1998,9,13,-52.558838,-134.5,8.070245
1998,9,14,-52.558838,-133.5,8.070768
1998,9,15,-52.558838,-132.5,8.071197
1998,9,16,-52.558838,-131.5,8.071409
1998,9,17,-52.558838,-130.5,8.071854
1998,9,18,-52.558838,-129.5,8.072177
1998,9,19,-52.558838,-128.5,8.072236
1998,10,0,-51.946674,-147.5,8.072444
1998,10,1,-51.946674,-146.5,8.072582
1998,10,2,-51.946674,-145.5,8.072542
1998,10,3,-51.946674,-144.5,8.072499
1998,10,4,-51.946674,-143.5,8.072413
1998,10,5,-51.946674,-142.5,8.072211
1998,10,6,-51.946674,-141.5,8.0722
1998,10,7,-51.946674,-140.5,8.071819
1998,10,8,-51.946674,-139.5,8.071758
1998,10,9,-51.946674,-138.5,8.071527
1998,10,10,-51.946674,-137.5,8.071292
1998,10,11,-51.946674,-136.5,8.071383
1998,10,12,-51.946674,-135.5,8.071449
1998,10,13,-51.946674,-134.5,8.071426
1998,10,14,-51.946674,-133.5,8.07198
1998,10,15,-51.946674,-132.5,8.072358
1998,10,16,-51.946674,-131.5,8.072411
1998,10,17,-51.946674,-130.5,8.072699
1998,10,18,-51.946674,-129.5,8.072948
1998,10,19,-51.946674,-128.5,8.072803
1998,11,0,-51.326035,-147.5,8.074342
1998,11,1,-51.326035,-146.5,8.074475
1998,11,2,-51.326035,-145.5,8.074309
1998,11,3,-51.326035,-144.5,8.074178
1998,11,4,-51.326035,-143.5,8.073991
1998,11,5,-51.326035,-142.5,8.073769
1998,11,6,-51.326035,-141.5,8.073691
1998,11,7,-51.326035,-140.5,8.073239
1998,11,8,-51.326035,-139.5,8.073077
1998,11,9,-51.326035,-138.5,8.07289
1998,11,10,-51.326035,-137.5,8.072705
1998,11,11,-51.326035,-136.5,8.072785
1998,11,12,-51.326035,-135.5,8.072848
1998,11,13,-51.326035,-134.5,8.072801
1998,11,14,-51.326035,-133.5,8.073178
1998,11,15,-51.326035,-132.5,8.073371
1998,11,16,-51.326035,-131.5,8.07325
1998,11,17,-51.326035,-130.5,8.073302
1998,11,18,-51.326035,-129.5,8.073482
1998,11,19,-51.326035,-128.5,8.073285
1998,12,0,-50.696884,-147.5,8.07624
1998,12,1,-50.696884,-146.5,8.076284
1998,12,2,-50.696884,-145.5,8.075903
1998,12,3,-50.696884,-144.5,8.075687
1998,12,4,-50.696884,-143.5,8.075449
1998,12,5,-50.696884,-142.5,8.075156
1998,12,6,-50.696884,-141.5,8.0750065
1998,12,7,-50.696884,-140.5,8.074458
1998,12,8,-50.696884,-139.5,8.074181
1998,12,9,-50.696884,-138.5,8.074061
1998,12,10,-50.696884,-137.5,8.073945
1998,12,11,-50.696884,-136.5,8.074001
1998,12,12,-50.696884,-135.5,8.073993
1998,12,13,-50.696884,-134.5,8.07388
1998,12,14,-50.696884,-133.5,8.074044
1998,12,15,-50.696884,-132.5,8.074026
1998,12,16,-50.696884,-131.5,8.073831
1998,12,17,-50.696884,-130.5,8.073722
1998,12,18,-50.696884,-129.5,8.073784
1998,12,19,-50.696884,-128.5,8.073518
1998,13,0,-50.059177,-147.5,8.07805
1998,13,1,-50.059177,-146.5,8.077936
1998,13,2,-50.059177,-145.5,8.0774145
1998,13,3,-50.059177,-144.5,8.077146
1998,13,4,-50.059177,-143.5,8.076762
1998,13,5,-50.059177,-142.5,8.076401
1998,13,6,-50.059177,-141.5,8.076234
1998,13,7,-50.059177,-140.5,8.075657
1998,13,8,-50.059177,-139.5,8.07529
1998,13,9,-50.059177,-138.5,8.07511
1998,13,10,-50.059177,-137.5,8.074885
1998,13,11,-50.059177,-136.5,8.074837
1998,13,12,-50.059177,-135.5,8.074809
1998,13,13,-50.059177,-134.5,8.074655
1998,13,14,-50.059177,-133.5,8.074554
1998,13,15,-50.059177,-132.5,8.074483
1998,13,16,-50.059177,-131.5,8.074203
1998,13,17,-50.059177,-130.5,8.0740595
1998,13,18,-50.059177,-129.5,8.0741625
1998,13,19,-50.059177,-128.5,8.073882
1998,14,0,-49.41288,-147.5,8.079577
1998,14,1,-49.41288,-146.5,8.079355
1998,14,2,-49.41288,-145.5,8.078633
1998,14,3,-49.41288,-144.5,8.078311
1998,14,4,-49.41288,-143.5,8.077907
1998,14,5,-49.41288,-142.5,8.077493
1998,14,6,-49.41288,-141.5,8.0772705
1998,14,7,-49.41288,-140.5,8.07668
1998,14,8,-49.41288,-139.5,8.076327
1998,14,9,-49.41288,-138.5,8.076076
1998,14,10,-49.41288,-137.5,8.075703
1998,14,11,-49.41288,-136.5,8.075454
1998,14,12,-49.41288,-135.5,8.07517
1998,14,13,-49.41288,-134.5,8.074899
1998,14,14,-49.41288,-133.5,8.074807
1998,14,15,-49.41288,-132.5,8.074714
1998,14,16,-49.41288,-131.5,8.07454
1998,14,17,-49.41288,-130.5,8.074348
1998,14,18,-49.41288,-129.5,8.074352
1998,14,19,-49.41288,-128.5,8.074054
1998,15,0,-48.757957,-147.5,8.080671
1998,15,1,-48.757957,-146.5,8.0804205
1998,15,2,-48.757957,-145.5,8.079681
1998,15,3,-48.757957,-144.5,8.07942
1998,15,4,-48.757957,-143.5,8.078981
1998,15,5,-48.757957,-142.5,8.078551
1998,15,6,-48.757957,-141.5,8.078326
1998,15,7,-48.757957,-140.5,8.077613
1998,15,8,-48.757957,-139.5,8.07711
1998,15,9,-48.757957,-138.5,8.076741
1998,15,10,-48.757957,-137.5,8.076251
1998,15,11,-48.757957,-136.5,8.075835
1998,15,12,-48.757957,-135.5,8.075358
1998,15,13,-48.757957,-134.5,8.074994
1998,15,14,-48.757957,-133.5,8.07483
1998,15,15,-48.757957,-132.5,8.0748
1998,15,16,-48.757957,-131.5,8.074805
1998,15,17,-48.757957,-130.5,8.074845
1998,15,18,-48.757957,-129.5,8.074893
1998,15,19,-48.757957,-128.5,8.074676
1998,16,0,-48.094387,-147.5,8.081191
1998,16,1,-48.094387,-146.5,8.080909
1998,16,2,-48.094387,-145.5,8.080297
1998,16,3,-48.094387,-144.5,8.080035
1998,16,4,-48.094387,-143.5,8.079549
1998,16,5,-48.094387,-142.5,8.0791235
1998,16,6,-48.094387,-141.5,8.078816
1998,16,7,-48.094387,-140.5,8.07788
1998,16,8,-48.094387,-139.5,8.077279
1998,16,9,-48.094387,-138.5,8.076846
1998,16,10,-48.094387,-137.5,8.076327
1998,16,11,-48.094387,-136.5,8.075864
1998,16,12,-48.094387,-135.5,8.075362
1998,16,13,-48.094387,-134.5,8.075017
1998,16,14,-48.094387,-133.5,8.074832
1998,16,15,-48.094387,-132.5,8.074788
1998,16,16,-48.094387,-131.5,8.074893
1998,16,17,-48.094387,-130.5,8.075005
1998,16,18,-48.094387,-129.5,8.075132
1998,16,19,-48.094387,-128.5,8.074922
1998,17,0,-47.422142,-147.5,8.080985
1998,17,1,-47.422142,-146.5,8.080733
1998,17,2,-47.422142,-145.5,8.080279
1998,17,3,-47.422142,-144.5,8.080138
1998,17,4,-47.422142,-143.5,8.079727
1998,17,5,-47.422142,-142.5,8.07925
1998,17,6,-47.422142,-141.5,8.078895
1998,17,7,-47.422142,-140.5,8.078008
1998,17,8,-47.422142,-139.5,8.077291
1998,17,9,-47.422142,-138.5,8.076991
1998,17,10,-47.422142,-137.5,8.076578
1998,17,11,-47.422142,-136.5,8.076162
1998,17,12,-47.422142,-135.5,8.075667
1998,17,13,-47.422142,-134.5,8.075316
1998,17,14,-47.422142,-133.5,8.07525
1998,17,15,-47.422142,-132.5,8.075254
1998,17,16,-47.422142,-131.5,8.075353
1998,17,17,-47.422142,-130.5,8.07543
1998,17,18,-47.422142,-129.5,8.075512
1998,17,19,-47.422142,-128.5,8.07537
1998,18,0,-46.7412,-147.5,8.080365
1998,18,1,-46.7412,-146.5,8.080258
1998,18,2,-46.7412,-145.5,8.079846
1998,18,3,-46.7412,-144.5,8.079692
1998,18,4,-46.7412,-143.5,8.079205
1998,18,5,-46.7412,-142.5,8.078707
1998,18,6,-46.7412,-141.5,8.078309
1998,18,7,-46.7412,-140.5,8.077466
1998,18,8,-46.7412,-139.5,8.076809
1998,18,9,-46.7412,-138.5,8.076642
1998,18,10,-46.7412,-137.5,8.076324
1998,18,11,-46.7412,-136.5,8.076012
1998,18,12,-46.7412,-135.5,8.075625
1998,18,13,-46.7412,-134.5,8.075286
1998,18,14,-46.7412,-133.5,8.075116
1998,18,15,-46.7412,-132.5,8.075201
1998,18,16,-46.7412,-131.5,8.075292
1998,18,17,-46.7412,-130.5,8.075236
1998,18,18,-46.7412,-129.5,8.075395
1998,18,19,-46.7412,-128.5,8.075389
1998,19,0,-46.051548,-147.5,8.080059
1998,19,1,-46.051548,-146.5,8.0799
1998,19,2,-46.051548,-145.5,8.079343
1998,19,3,-46.051548,-144.5,8.079087
1998,19,4,-46.051548,-143.5,8.078584
1998,19,5,-46.051548,-142.5,8.078118
1998,19,6,-46.051548,-141.5,8.077739
1998,19,7,-46.051548,-140.5,8.077189
1998,19,8,-46.051548,-139.5,8.076726
1998,19,9,-46.051548,-138.5,8.076543
1998,19,10,-46.051548,-137.5,8.076192
1998,19,11,-46.051548,-136.5,8.075963
1998,19,12,-46.051548,-135.5,8.075659
1998,19,13,-46.051548,-134.5,8.075313
1998,19,14,-46.051548,-133.5,8.07519
1998,19,15,-46.051548,-132.5,8.07521
1998,19,16,-46.051548,-131.5,8.075313
1998,19,17,-46.051548,-130.5,8.075217
1998,19,18,-46.051548,-129.5,8.075187
1998,19,19,-46.051548,-128.5,8.075221
1999,0,0,-57.695797,-147.5,8.050513
1999,0,1,-57.695797,-146.5,8.051703
1999,0,2,-57.695797,-145.5,8.052597
1999,0,3,-57.695797,-144.5,8.052678
1999,0,4,-57.695797,-143.5,8.054095
1999,0,5,-57.695797,-142.5,8.055257
1999,0,6,-57.695797,-141.5,8.055958
1999,0,7,-57.695797,-140.5,8.057202
1999,0,8,-57.695797,-139.5,8.05795
1999,0,9,-57.695797,-138.5,8.058513
1999,0,10,-57.695797,-137.5,8.059035
1999,0,11,-57.695797,-136.5,8.059853
1999,0,12,-57.695797,-135.5,8.06089
1999,0,13,-57.695797,-134.5,8.061347
1999,0,14,-57.695797,-133.5,8.061777
1999,0,15,-57.695797,-132.5,8.061982
1999,0,16,-57.695797,-131.5,8.062063
1999,0,17,-57.695797,-130.5,8.062233
1999,0,18,-57.695797,-129.5,8.062474
1999,0,19,-57.695797,-128.5,8.062793
1999,1,0,-57.15743,-147.5,8.050656
1999,1,1,-57.15743,-146.5,8.052278
1999,1,2,-57.15743,-145.5,8.053134
1999,1,3,-57.15743,-144.5,8.053711
1999,1,4,-57.15743,-143.5,8.055138
1999,1,5,-57.15743,-142.5,8.056164
1999,1,6,-57.15743,-141.5,8.056842
1999,1,7,-57.15743,-140.5,8.057933
1999,1,8,-57.15743,-139.5,8.058533
1999,1,9,-57.15743,-138.5,8.05894
1999,1,10,-57.15743,-137.5,8.059258
1999,1,11,-57.15743,-136.5,8.0599375
1999,1,12,-57.15743,-135.5,8.06075
1999,1,13,-57.15743,-134.5,8.061051
1999,1,14,-57.15743,-133.5,8.061543
1999,1,15,-57.15743,-132.5,8.061875
1999,1,16,-57.15743,-131.5,8.062092
1999,1,17,-57.15743,-130.5,8.062469
1999,1,18,-57.15743,-129.5,8.062838
1999,1,19,-57.15743,-128.5,8.063202
1999,2,0,-56.61111,-147.5,8.051287
1999,2,1,-56.61111,-146.5,8.052709
1999,2,2,-56.61111,-145.5,8.053842
1999,2,3,-56.61111,-144.5,8.054744
1999,2,4,-56.61111,-143.5,8.056149
1999,2,5,-56.61111,-142.5,8.057023
1999,2,6,-56.61111,-141.5,8.05762
1999,2,7,-56.61111,-140.5,8.058606
1999,2,8,-56.61111,-139.5,8.059022
1999,2,9,-56.61111,-138.5,8.05931
1999,2,10,-56.61111,-137.5,8.059586
1999,2,11,-56.61111,-136.5,8.060159
1999,2,12,-56.61111,-135.5,8.06073
1999,2,13,-56.61111,-134.5,8.060892
1999,2,14,-56.61111,-133.5,8.061388
1999,2,15,-56.61111,-132.5,8.061809
1999,2,16,-56.61111,-131.5,8.062173
1999,2,17,-56.61111,-130.5,8.062722
1999,2,18,-56.61111,-129.5,8.063205
1999,2,19,-56.61111,-128.5,8.063666
1999,3,0,-56.05677,-147.5,8.053434
1999,3,1,-56.05677,-146.5,8.05506
1999,3,2,-56.05677,-145.5,8.056087
1999,3,3,-56.05677,-144.5,8.056751
1999,3,4,-56.05677,-143.5,8.057616
1999,3,5,-56.05677,-142.5,8.058042
1999,3,6,-56.05677,-141.5,8.058572
1999,3,7,-56.05677,-140.5,8.059182
1999,3,8,-56.05677,-139.5,8.059318
1999,3,9,-56.05677,-138.5,8.0595875
1999,3,10,-56.05677,-137.5,8.059825
1999,3,11,-56.05677,-136.5,8.060296
1999,3,12,-56.05677,-135.5,8.060678
1999,3,13,-56.05677,-134.5,8.060809
1999,3,14,-56.05677,-133.5,8.061343
1999,3,15,-56.05677,-132.5,8.061952
1999,3,16,-56.05677,-131.5,8.062511
1999,3,17,-56.05677,-130.5,8.063216
1999,3,18,-56.05677,-129.5,8.0637865
1999,3,19,-56.05677,-128.5,8.064237
1999,4,0,-55.494347,-147.5,8.056001
1999,4,1,-55.494347,-146.5,8.056973
1999,4,2,-55.494347,-145.5,8.057826
1999,4,3,-55.494347,-144.5,8.058093
1999,4,4,-55.494347,-143.5,8.058589
1999,4,5,-55.494347,-142.5,8.058953
1999,4,6,-55.494347,-141.5,8.059622
1999,4,7,-55.494347,-140.5,8.059741
1999,4,8,-55.494347,-139.5,8.059836
1999,4,9,-55.494347,-138.5,8.059978
1999,4,10,-55.494347,-137.5,8.060044
1999,4,11,-55.494347,-136.5,8.060522
1999,4,12,-55.494347,-135.5,8.060866
1999,4,13,-55.494347,-134.5,8.061112
1999,4,14,-55.494347,-133.5,8.061774
1999,4,15,-55.494347,-132.5,8.062524
1999,4,16,-55.494347,-131.5,8.063161
1999,4,17,-55.494347,-130.5,8.063832
1999,4,18,-55.494347,-129.5,8.06434
1999,4,19,-55.494347,-128.5,8.064842
1999,5,0,-54.923775,-147.5,8.059225
1999,5,1,-54.923775,-146.5,8.0596485
1999,5,2,-54.923775,-145.5,8.060298
1999,5,3,-54.923775,-144.5,8.0603895
1999,5,4,-54.923775,-143.5,8.060739
1999,5,5,-54.923775,-142.5,8.061046
1999,5,6,-54.923775,-141.5,8.061732
1999,5,7,-54.923775,-140.5,8.061397
1999,5,8,-54.923775,-139.5,8.061404
1999,5,9,-54.923775,-138.5,8.061219
1999,5,10,-54.923775,-137.5,8.061034
1999,5,11,-54.923775,-136.5,8.061315
1999,5,12,-54.923775,-135.5,8.06157
1999,5,13,-54.923775,-134.5,8.061795
1999,5,14,-54.923775,-133.5,8.062486
1999,5,15,-54.923775,-132.5,8.063235
1999,5,16,-54.923775,-131.5,8.063827
1999,5,17,-54.923775,-130.5,8.06433
1999,5,18,-54.923775,-129.5,8.064844
1999,5,19,-54.923775,-128.5,8.065093
1999,6,0,-54.344994,-147.5,8.060974
1999,6,1,-54.344994,-146.5,8.061227
1999,6,2,-54.344994,-145.5,8.061658
1999,6,3,-54.344994,-144.5,8.061615
1999,6,4,-54.344994,-143.5,8.061942
1999,6,5,-54.344994,-142.5,8.062329
1999,6,6,-54.344994,-141.5,8.062903
1999,6,7,-54.344994,-140.5,8.062696
1999,6,8,-54.344994,-139.5,8.062747
1999,6,9,-54.344994,-138.5,8.062512
1999,6,10,-54.344994,-137.5,8.062272
1999,6,11,-54.344994,-136.5,8.062278
1999,6,12,-54.344994,-135.5,8.062478
1999,6,13,-54.344994,-134.5,8.062703
1999,6,14,-54.344994,-133.5,8.063365
1999,6,15,-54.344994,-132.5,8.064011
1999,6,16,-54.344994,-131.5,8.064554
1999,6,17,-54.344994,-130.5,8.0650215
1999,6,18,-54.344994,-129.5,8.065465
1999,6,19,-54.344994,-128.5,8.065581
1999,7,0,-53.75795,-147.5,8.062869
1999,7,1,-53.75795,-146.5,8.063059
1999,7,2,-53.75795,-145.5,8.063408
1999,7,3,-53.75795,-144.5,8.063519
1999,7,4,-53.75795,-143.5,8.063886
1999,7,5,-53.75795,-142.5,8.064289
1999,7,6,-53.75795,-141.5,8.06466
1999,7,7,-53.75795,-140.5,8.064492
1999,7,8,-53.75795,-139.5,8.064508
1999,7,9,-53.75795,-138.5,8.064267
1999,7,10,-53.75795,-137.5,8.063984
1999,7,11,-53.75795,-136.5,8.063843
1999,7,12,-53.75795,-135.5,8.063983
1999,7,13,-53.75795,-134.5,8.064142
1999,7,14,-53.75795,-133.5,8.064473
1999,7,15,-53.75795,-132.5,8.064883
1999,7,16,-53.75795,-131.5,8.065261
1999,7,17,-53.75795,-130.5,8.065605
1999,7,18,-53.75795,-129.5,8.0659895
1999,7,19,-53.75795,-128.5,8.066073
1999,8,0,-53.162582,-147.5,8.064433
1999,8,1,-53.162582,-146.5,8.064625
1999,8,2,-53.162582,-145.5,8.065021
1999,8,3,-53.162582,-144.5,8.065219
1999,8,4,-53.162582,-143.5,8.065626
1999,8,5,-53.162582,-142.5,8.065964
1999,8,6,-53.162582,-141.5,8.066311
1999,8,7,-53.162582,-140.5,8.066127
1999,8,8,-53.162582,-139.5,8.066169
1999,8,9,-53.162582,-138.5,8.0659275
1999,8,10,-53.162582,-137.5,8.065624
1999,8,11,-53.162582,-136.5,8.065439
1999,8,12,-53.162582,-135.5,8.0653715
1999,8,13,-53.162582,-134.5,8.065323
1999,8,14,-53.162582,-133.5,8.065526
1999,8,15,-53.162582,-132.5,8.065749
1999,8,16,-53.162582,-131.5,8.066036
1999,8,17,-53.162582,-130.5,8.0662565
1999,8,18,-53.162582,-129.5,8.066539
1999,8,19,-53.162582,-128.5,8.066548
1999,9,0,-52.558838,-147.5,8.066137
1999,9,1,-52.558838,-146.5,8.066407
1999,9,2,-52.558838,-145.5,8.0668
1999,9,3,-52.558838,-144.5,8.067049
1999,9,4,-52.558838,-143.5,8.067428
1999,9,5,-52.558838,-142.5,8.067627
1999,9,6,-52.558838,-141.5,8.067904
1999,9,7,-52.558838,-140.5,8.067727
1999,9,8,-52.558838,-139.5,8.067712
1999,9,9,-52.558838,-138.5,8.067418
1999,9,10,-52.558838,-137.5,8.067103
1999,9,11,-52.558838,-136.5,8.066856
1999,9,12,-52.558838,-135.5,8.066645
1999,9,13,-52.558838,-134.5,8.066452
1999,9,14,-52.558838,-133.5,8.066537
1999,9,15,-52.558838,-132.5,8.066673
1999,9,16,-52.558838,-131.5,8.066894
1999,9,17,-52.558838,-130.5,8.066981
1999,9,18,-52.558838,-129.5,8.067212
1999,9,19,-52.558838,-128.5,8.067121
1999,10,0,-51.946674,-147.5,8.06787
1999,10,1,-51.946674,-146.5,8.068213
1999,10,2,-51.946674,-145.5,8.0685835
1999,10,3,-51.946674,-144.5,8.068869
1999,10,4,-51.946674,-143.5,8.069225
1999,10,5,-51.946674,-142.5,8.069341
1999,10,6,-51.946674,-141.5,8.069427
1999,10,7,-51.946674,-140.5,8.06911
1999,10,8,-51.946674,-139.5,8.069035
1999,10,9,-51.946674,-138.5,8.068671
1999,10,10,-51.946674,-137.5,8.068238
1999,10,11,-51.946674,-136.5,8.0679
1999,10,12,-51.946674,-135.5,8.067615
1999,10,13,-51.946674,-134.5,8.067388
1999,10,14,-51.946674,-133.5,8.067465
1999,10,15,-51.946674,-132.5,8.067588
1999,10,16,-51.946674,-131.5,8.067706
1999,10,17,-51.946674,-130.5,8.067681
1999,10,18,-51.946674,-129.5,8.067834
1999,10,19,-51.946674,-128.5,8.067772
1999,11,0,-51.326035,-147.5,8.069759
1999,11,1,-51.326035,-146.5,8.070123
1999,11,2,-51.326035,-145.5,8.070479
1999,11,3,-51.326035,-144.5,8.070695
1999,11,4,-51.326035,-143.5,8.0708275
1999,11,5,-51.326035,-142.5,8.070727
1999,11,6,-51.326035,-141.5,8.070708
1999,11,7,-51.326035,-140.5,8.07037
1999,11,8,-51.326035,-139.5,8.070198
1999,11,9,-51.326035,-138.5,8.069729
1999,11,10,-51.326035,-137.5,8.069251
1999,11,11,-51.326035,-136.5,8.068871
1999,11,12,-51.326035,-135.5,8.068568
1999,11,13,-51.326035,-134.5,8.06834
1999,11,14,-51.326035,-133.5,8.068391
1999,11,15,-51.326035,-132.5,8.068472
1999,11,16,-51.326035,-131.5,8.068515
1999,11,17,-51.326035,-130.5,8.068423
1999,11,18,-51.326035,-129.5,8.068532
1999,11,19,-51.326035,-128.5,8.068479
1999,12,0,-50.696884,-147.5,8.07165
1999,12,1,-50.696884,-146.5,8.071994
1999,12,2,-50.696884,-145.5,8.072192
1999,12,3,-50.696884,-144.5,8.072289
1999,12,4,-50.696884,-143.5,8.072143
1999,12,5,-50.696884,-142.5,8.071906
1999,12,6,-50.696884,-141.5,8.0716715
1999,12,7,-50.696884,-140.5,8.071286
1999,12,8,-50.696884,-139.5,8.071082
1999,12,9,-50.696884,-138.5,8.070583
1999,12,10,-50.696884,-137.5,8.070073
1999,12,11,-50.696884,-136.5,8.069716
1999,12,12,-50.696884,-135.5,8.069425
1999,12,13,-50.696884,-134.5,8.069209
1999,12,14,-50.696884,-133.5,8.069276
1999,12,15,-50.696884,-132.5,8.069287
1999,12,16,-50.696884,-131.5,8.069268
1999,12,17,-50.696884,-130.5,8.069061
1999,12,18,-50.696884,-129.5,8.069096
1999,12,19,-50.696884,-128.5,8.068977
1999,13,0,-50.059177,-147.5,8.073505
1999,13,1,-50.059177,-146.5,8.073718
1999,13,2,-50.059177,-145.5,8.073672
1999,13,3,-50.059177,-144.5,8.0736265
1999,13,4,-50.059177,-143.5,8.073237
1999,13,5,-50.059177,-142.5,8.072782
1999,13,6,-50.059177,-141.5,8.072502
1999,13,7,-50.059177,-140.5,8.071937
1999,13,8,-50.059177,-139.5,8.071614
1999,13,9,-50.059177,-138.5,8.071109
1999,13,10,-50.059177,-137.5,8.07062
1999,13,11,-50.059177,-136.5,8.070363
1999,13,12,-50.059177,-135.5,8.070258
1999,13,13,-50.059177,-134.5,8.070119
1999,13,14,-50.059177,-133.5,8.070192
1999,13,15,-50.059177,-132.5,8.07023
1999,13,16,-50.059177,-131.5,8.070153
1999,13,17,-50.059177,-130.5,8.069774
1999,13,18,-50.059177,-129.5,8.069668
1999,13,19,-50.059177,-128.5,8.069445
1999,14,0,-49.41288,-147.5,8.074964
1999,14,1,-49.41288,-146.5,8.074979
1999,14,2,-49.41288,-145.5,8.074676
1999,14,3,-49.41288,-144.5,8.074479
1999,14,4,-49.41288,-143.5,8.073969
1999,14,5,-49.41288,-142.5,8.0733595
1999,14,6,-49.41288,-141.5,8.07306
1999,14,7,-49.41288,-140.5,8.072425
1999,14,8,-49.41288,-139.5,8.072033
1999,14,9,-49.41288,-138.5,8.071486
1999,14,10,-49.41288,-137.5,8.071009
1999,14,11,-49.41288,-136.5,8.0708065
1999,14,12,-49.41288,-135.5,8.070732
1999,14,13,-49.41288,-134.5,8.070645
1999,14,14,-49.41288,-133.5,8.070764
1999,14,15,-49.41288,-132.5,8.070822
1999,14,16,-49.41288,-131.5,8.0707445
1999,14,17,-49.41288,-130.5,8.070285
1999,14,18,-49.41288,-129.5,8.070054
1999,14,19,-49.41288,-128.5,8.06968
1999,15,0,-48.757957,-147.5,8.076005
1999,15,1,-48.757957,-146.5,8.075814
1999,15,2,-48.757957,-145.5,8.075333
1999,15,3,-48.757957,-144.5,8.075074
1999,15,4,-48.757957,-143.5,8.074489
1999,15,5,-48.757957,-142.5,8.073924
1999,15,6,-48.757957,-141.5,8.073663
1999,15,7,-48.757957,-140.5,8.072952
1999,15,8,-48.757957,-139.5,8.072469
1999,15,9,-48.757957,-138.5,8.0720005
1999,15,10,-48.757957,-137.5,8.0717325
1999,15,11,-48.757957,-136.5,8.071564
1999,15,12,-48.757957,-135.5,8.071531
1999,15,13,-48.757957,-134.5,8.071424
1999,15,14,-48.757957,-133.5,8.071502
1999,15,15,-48.757957,-132.5,8.071587
1999,15,16,-48.757957,-131.5,8.071432
1999,15,17,-48.757957,-130.5,8.070889
1999,15,18,-48.757957,-129.5,8.070571
1999,15,19,-48.757957,-128.5,8.070121
1999,16,0,-48.094387,-147.5,8.076419
1999,16,1,-48.094387,-146.5,8.076133
1999,16,2,-48.094387,-145.5,8.075593
1999,16,3,-48.094387,-144.5,8.075341
1999,16,4,-48.094387,-143.5,8.074879
1999,16,5,-48.094387,-142.5,8.074351
1999,16,6,-48.094387,-141.5,8.07412
1999,16,7,-48.094387,-140.5,8.073332
1999,16,8,-48.094387,-139.5,8.072761
1999,16,9,-48.094387,-138.5,8.072456
1999,16,10,-48.094387,-137.5,8.072299
1999,16,11,-48.094387,-136.5,8.072203
1999,16,12,-48.094387,-135.5,8.072197
1999,16,13,-48.094387,-134.5,8.072117
1999,16,14,-48.094387,-133.5,8.072169
1999,16,15,-48.094387,-132.5,8.072101
1999,16,16,-48.094387,-131.5,8.071888
1999,16,17,-48.094387,-130.5,8.071331
1999,16,18,-48.094387,-129.5,8.070981
1999,16,19,-48.094387,-128.5,8.070498
1999,17,0,-47.422142,-147.5,8.076209
1999,17,1,-47.422142,-146.5,8.076062
1999,17,2,-47.422142,-145.5,8.075734
1999,17,3,-47.422142,-144.5,8.075565
1999,17,4,-47.422142,-143.5,8.075234
1999,17,5,-47.422142,-142.5,8.07492
1999,17,6,-47.422142,-141.5,8.074745
1999,17,7,-47.422142,-140.5,8.074037
1999,17,8,-47.422142,-139.5,8.073457
1999,17,9,-47.422142,-138.5,8.07316
1999,17,10,-47.422142,-137.5,8.072978
1999,17,11,-47.422142,-136.5,8.072886
1999,17,12,-47.422142,-135.5,8.072853
1999,17,13,-47.422142,-134.5,8.072732
1999,17,14,-47.422142,-133.5,8.072703
1999,17,15,-47.422142,-132.5,8.072548
1999,17,16,-47.422142,-131.5,8.072366
1999,17,17,-47.422142,-130.5,8.071935
1999,17,18,-47.422142,-129.5,8.0716305
1999,17,19,-47.422142,-128.5,8.071229
1999,18,0,-46.7412,-147.5,8.075768
1999,18,1,-46.7412,-146.5,8.075691
1999,18,2,-46.7412,-145.5,8.075531
1999,18,3,-46.7412,-144.5,8.075482
1999,18,4,-46.7412,-143.5,8.075317
1999,18,5,-46.7412,-142.5,8.075088
1999,18,6,-46.7412,-141.5,8.075008
1999,18,7,-46.7412,-140.5,8.074439
1999,18,8,-46.7412,-139.5,8.0738945
1999,18,9,-46.7412,-138.5,8.073695
1999,18,10,-46.7412,-137.5,8.073638
1999,18,11,-46.7412,-136.5,8.073583
1999,18,12,-46.7412,-135.5,8.073404
1999,18,13,-46.7412,-134.5,8.073222
1999,18,14,-46.7412,-133.5,8.073148
1999,18,15,-46.7412,-132.5,8.0729265
1999,18,16,-46.7412,-131.5,8.072678
1999,18,17,-46.7412,-130.5,8.072271
1999,18,18,-46.7412,-129.5,8.07197
1999,18,19,-46.7412,-128.5,8.071673
1999,19,0,-46.051548,-147.5,8.075688
1999,19,1,-46.051548,-146.5,8.075612
1999,19,2,-46.051548,-145.5,8.075386
1999,19,3,-46.051548,-144.5,8.075412
1999,19,4,-46.051548,-143.5,8.075429
1999,19,5,-46.051548,-142.5,8.075189
1999,19,6,-46.051548,-141.5,8.075181
1999,19,7,-46.051548,-140.5,8.074798
1999,19,8,-46.051548,-139.5,8.074301
1999,19,9,-46.051548,-138.5,8.074145
1999,19,10,-46.051548,-137.5,8.074058
1999,19,11,-46.051548,-136.5,8.073981
1999,19,12,-46.051548,-135.5,8.073853
1999,19,13,-46.051548,-134.5,8.073726
1999,19,14,-46.051548,-133.5,8.073791
1999,19,15,-46.051548,-132.5,8.073645
1999,19,16,-46.051548,-131.5,8.073366
1999,19,17,-46.051548,-130.5,8.072809
1999,19,18,-46.051548,-129.5,8.072524
1999,19,19,-46.051548,-128.5,8.072225
2000,0,0,-57.695797,-147.5,8.046779
2000,0,1,-57.695797,-146.5,8.046851
2000,0,2,-57.695797,-145.5,8.04818
2000,0,3,-57.695797,-144.5,8.048562
2000,0,4,-57.695797,-143.5,8.049596
2000,0,5,-57.695797,-142.5,8.050628
2000,0,6,-57.695797,-141.5,8.051481
2000,0,7,-57.695797,-140.5,8.052724
2000,0,8,-57.695797,-139.5,8.0538225
2000,0,9,-57.695797,-138.5,8.054887
2000,0,10,-57.695797,-137.5,8.05591
2000,0,11,-57.695797,-136.5,8.056942
2000,0,12,-57.695797,-135.5,8.057861
2000,0,13,-57.695797,-134.5,8.058267
2000,0,14,-57.695797,-133.5,8.058712
2000,0,15,-57.695797,-132.5,8.058993
2000,0,16,-57.695797,-131.5,8.059131
2000,0,17,-57.695797,-130.5,8.059483
2000,0,18,-57.695797,-129.5,8.05975
2000,0,19,-57.695797,-128.5,8.060098
2000,1,0,-57.15743,-147.5,8.046856
2000,1,1,-57.15743,-146.5,8.047999
2000,1,2,-57.15743,-145.5,8.048869
2000,1,3,-57.15743,-144.5,8.049389
2000,1,4,-57.15743,-143.5,8.050525
2000,1,5,-57.15743,-142.5,8.05145
2000,1,6,-57.15743,-141.5,8.052094
2000,1,7,-57.15743,-140.5,8.053208
2000,1,8,-57.15743,-139.5,8.054085
2000,1,9,-57.15743,-138.5,8.054906
2000,1,10,-57.15743,-137.5,8.055731
2000,1,11,-57.15743,-136.5,8.056809
2000,1,12,-57.15743,-135.5,8.057811
2000,1,13,-57.15743,-134.5,8.05813
2000,1,14,-57.15743,-133.5,8.058544
2000,1,15,-57.15743,-132.5,8.058814
2000,1,16,-57.15743,-131.5,8.059023
2000,1,17,-57.15743,-130.5,8.05951
2000,1,18,-57.15743,-129.5,8.059836
2000,1,19,-57.15743,-128.5,8.060228
2000,2,0,-56.61111,-147.5,8.047244
2000,2,1,-56.61111,-146.5,8.048803
2000,2,2,-56.61111,-145.5,8.049776
2000,2,3,-56.61111,-144.5,8.050445
2000,2,4,-56.61111,-143.5,8.051537
2000,2,5,-56.61111,-142.5,8.0523815
2000,2,6,-56.61111,-141.5,8.052973
2000,2,7,-56.61111,-140.5,8.053977
2000,2,8,-56.61111,-139.5,8.054455
2000,2,9,-56.61111,-138.5,8.055173
2000,2,10,-56.61111,-137.5,8.055889
2000,2,11,-56.61111,-136.5,8.0568285
2000,2,12,-56.61111,-135.5,8.057694
2000,2,13,-56.61111,-134.5,8.057949
2000,2,14,-56.61111,-133.5,8.058366
2000,2,15,-56.61111,-132.5,8.058772
2000,2,16,-56.61111,-131.5,8.0591135
2000,2,17,-56.61111,-130.5,8.059666
2000,2,18,-56.61111,-129.5,8.060035
2000,2,19,-56.61111,-128.5,8.0604315
2000,3,0,-56.05677,-147.5,8.049233
2000,3,1,-56.05677,-146.5,8.05054
2000,3,2,-56.05677,-145.5,8.051455
2000,3,3,-56.05677,-144.5,8.052069
2000,3,4,-56.05677,-143.5,8.052933
2000,3,5,-56.05677,-142.5,8.053561
2000,3,6,-56.05677,-141.5,8.054145
2000,3,7,-56.05677,-140.5,8.054744
2000,3,8,-56.05677,-139.5,8.055051
2000,3,9,-56.05677,-138.5,8.055593
2000,3,10,-56.05677,-137.5,8.05611
2000,3,11,-56.05677,-136.5,8.056885
2000,3,12,-56.05677,-135.5,8.057561
2000,3,13,-56.05677,-134.5,8.057835
2000,3,14,-56.05677,-133.5,8.058406
2000,3,15,-56.05677,-132.5,8.05897
2000,3,16,-56.05677,-131.5,8.059445
2000,3,17,-56.05677,-130.5,8.060031
2000,3,18,-56.05677,-129.5,8.060459
2000,3,19,-56.05677,-128.5,8.060911
2000,4,0,-55.494347,-147.5,8.051659
2000,4,1,-55.494347,-146.5,8.052396
2000,4,2,-55.494347,-145.5,8.053216
2000,4,3,-55.494347,-144.5,8.053597
2000,4,4,-55.494347,-143.5,8.054277
2000,4,5,-55.494347,-142.5,8.054815
2000,4,6,-55.494347,-141.5,8.055545
2000,4,7,-55.494347,-140.5,8.055501
2000,4,8,-55.494347,-139.5,8.055728
2000,4,9,-55.494347,-138.5,8.056073
2000,4,10,-55.494347,-137.5,8.056398
2000,4,11,-55.494347,-136.5,8.057007
2000,4,12,-55.494347,-135.5,8.057598
2000,4,13,-55.494347,-134.5,8.0579605
2000,4,14,-55.494347,-133.5,8.058665
2000,4,15,-55.494347,-132.5,8.059316
2000,4,16,-55.494347,-131.5,8.059886
2000,4,17,-55.494347,-130.5,8.060487
2000,4,18,-55.494347,-129.5,8.060899
2000,4,19,-55.494347,-128.5,8.061386
2000,5,0,-54.923775,-147.5,8.054704
2000,5,1,-54.923775,-146.5,8.055132
2000,5,2,-54.923775,-145.5,8.055759
2000,5,3,-54.923775,-144.5,8.056037
2000,5,4,-54.923775,-143.5,8.056506
2000,5,5,-54.923775,-142.5,8.056803
2000,5,6,-54.923775,-141.5,8.05738
2000,5,7,-54.923775,-140.5,8.057102
2000,5,8,-54.923775,-139.5,8.057226
2000,5,9,-54.923775,-138.5,8.057307
2000,5,10,-54.923775,-137.5,8.057296
2000,5,11,-54.923775,-136.5,8.05781
2000,5,12,-54.923775,-135.5,8.058269
2000,5,13,-54.923775,-134.5,8.058563
2000,5,14,-54.923775,-133.5,8.059207
2000,5,15,-54.923775,-132.5,8.059802
2000,5,16,-54.923775,-131.5,8.060351
2000,5,17,-54.923775,-130.5,8.060945
2000,5,18,-54.923775,-129.5,8.061421
2000,5,19,-54.923775,-128.5,8.061873
2000,6,0,-54.344994,-147.5,8.056544
2000,6,1,-54.344994,-146.5,8.056852
2000,6,2,-54.344994,-145.5,8.057303
2000,6,3,-54.344994,-144.5,8.057449
2000,6,4,-54.344994,-143.5,8.057724
2000,6,5,-54.344994,-142.5,8.057991
2000,6,6,-54.344994,-141.5,8.058428
2000,6,7,-54.344994,-140.5,8.058269
2000,6,8,-54.344994,-139.5,8.058383
2000,6,9,-54.344994,-138.5,8.0584135
2000,6,10,-54.344994,-137.5,8.058266
2000,6,11,-54.344994,-136.5,8.058691
2000,6,12,-54.344994,-135.5,8.05902
2000,6,13,-54.344994,-134.5,8.059211
2000,6,14,-54.344994,-133.5,8.059781
2000,6,15,-54.344994,-132.5,8.060283
2000,6,16,-54.344994,-131.5,8.060799
2000,6,17,-54.344994,-130.5,8.061362
2000,6,18,-54.344994,-129.5,8.061833
2000,6,19,-54.344994,-128.5,8.062372
2000,7,0,-53.75795,-147.5,8.058257
2000,7,1,-53.75795,-146.5,8.058498
2000,7,2,-53.75795,-145.5,8.058958
2000,7,3,-53.75795,-144.5,8.059124
2000,7,4,-53.75795,-143.5,8.059376
2000,7,5,-53.75795,-142.5,8.059713
2000,7,6,-53.75795,-141.5,8.060014
2000,7,7,-53.75795,-140.5,8.05993
2000,7,8,-53.75795,-139.5,8.059942
2000,7,9,-53.75795,-138.5,8.059876
2000,7,10,-53.75795,-137.5,8.05967
2000,7,11,-53.75795,-136.5,8.059875
2000,7,12,-53.75795,-135.5,8.06006
2000,7,13,-53.75795,-134.5,8.060244
2000,7,14,-53.75795,-133.5,8.060652
2000,7,15,-53.75795,-132.5,8.060992
2000,7,16,-53.75795,-131.5,8.061425
2000,7,17,-53.75795,-130.5,8.061889
2000,7,18,-53.75795,-129.5,8.0623255
2000,7,19,-53.75795,-128.5,8.062711
2000,8,0,-53.162582,-147.5,8.059491
2000,8,1,-53.162582,-146.5,8.059693
2000,8,2,-53.162582,-145.5,8.06013
2000,8,3,-53.162582,-144.5,8.06036
2000,8,4,-53.162582,-143.5,8.060723
2000,8,5,-53.162582,-142.5,8.061043
2000,8,6,-53.162582,-141.5,8.0613365
2000,8,7,-53.162582,-140.5,8.06133
2000,8,8,-53.162582,-139.5,8.06137
2000,8,9,-53.162582,-138.5,8.0612955
2000,8,10,-53.162582,-137.5,8.061093
2000,8,11,-53.162582,-136.5,8.061165
2000,8,12,-53.162582,-135.5,8.061212
2000,8,13,-53.162582,-134.5,8.061332
2000,8,14,-53.162582,-133.5,8.061632
2000,8,15,-53.162582,-132.5,8.061862
2000,8,16,-53.162582,-131.5,8.062192
2000,8,17,-53.162582,-130.5,8.062543
2000,8,18,-53.162582,-129.5,8.062894
2000,8,19,-53.162582,-128.5,8.063155
2000,9,0,-52.558838,-147.5,8.060935
2000,9,1,-52.558838,-146.5,8.061198
2000,9,2,-52.558838,-145.5,8.061606
2000,9,3,-52.558838,-144.5,8.061911
2000,9,4,-52.558838,-143.5,8.062362
2000,9,5,-52.558838,-142.5,8.062706
2000,9,6,-52.558838,-141.5,8.062892
2000,9,7,-52.558838,-140.5,8.062934
2000,9,8,-52.558838,-139.5,8.062963
2000,9,9,-52.558838,-138.5,8.062823
2000,9,10,-52.558838,-137.5,8.062621
2000,9,11,-52.558838,-136.5,8.062611
2000,9,12,-52.558838,-135.5,8.062558
2000,9,13,-52.558838,-134.5,8.062621
2000,9,14,-52.558838,-133.5,8.062795
2000,9,15,-52.558838,-132.5,8.062942
2000,9,16,-52.558838,-131.5,8.063118
2000,9,17,-52.558838,-130.5,8.063289
2000,9,18,-52.558838,-129.5,8.063491
2000,9,19,-52.558838,-128.5,8.063573
2000,10,0,-51.946674,-147.5,8.06252
2000,10,1,-51.946674,-146.5,8.0627985
2000,10,2,-51.946674,-145.5,8.063231
2000,10,3,-51.946674,-144.5,8.063594
2000,10,4,-51.946674,-143.5,8.063972
2000,10,5,-51.946674,-142.5,8.06431
2000,10,6,-51.946674,-141.5,8.064469
2000,10,7,-51.946674,-140.5,8.06442
2000,10,8,-51.946674,-139.5,8.064498
2000,10,9,-51.946674,-138.5,8.064412
2000,10,10,-51.946674,-137.5,8.064187
2000,10,11,-51.946674,-136.5,8.064106
2000,10,12,-51.946674,-135.5,8.063964
2000,10,13,-51.946674,-134.5,8.063893
2000,10,14,-51.946674,-133.5,8.063943
2000,10,15,-51.946674,-132.5,8.063961
2000,10,16,-51.946674,-131.5,8.064069
2000,10,17,-51.946674,-130.5,8.064077
2000,10,18,-51.946674,-129.5,8.064151
2000,10,19,-51.946674,-128.5,8.064099
2000,11,0,-51.326035,-147.5,8.064503
2000,11,1,-51.326035,-146.5,8.064761
2000,11,2,-51.326035,-145.5,8.065076
2000,11,3,-51.326035,-144.5,8.065333
2000,11,4,-51.326035,-143.5,8.065652
2000,11,5,-51.326035,-142.5,8.065811
2000,11,6,-51.326035,-141.5,8.065961
2000,11,7,-51.326035,-140.5,8.065847
2000,11,8,-51.326035,-139.5,8.065857
2000,11,9,-51.326035,-138.5,8.065789
2000,11,10,-51.326035,-137.5,8.065606
2000,11,11,-51.326035,-136.5,8.065486
2000,11,12,-51.326035,-135.5,8.065279
2000,11,13,-51.326035,-134.5,8.065074
2000,11,14,-51.326035,-133.5,8.06502
2000,11,15,-51.326035,-132.5,8.064992
2000,11,16,-51.326035,-131.5,8.065022
2000,11,17,-51.326035,-130.5,8.064997
2000,11,18,-51.326035,-129.5,8.065021
2000,11,19,-51.326035,-128.5,8.064908
2000,12,0,-50.696884,-147.5,8.066551
2000,12,1,-50.696884,-146.5,8.066651
2000,12,2,-50.696884,-145.5,8.066872
2000,12,3,-50.696884,-144.5,8.067042
2000,12,4,-50.696884,-143.5,8.067246
2000,12,5,-50.696884,-142.5,8.067221
2000,12,6,-50.696884,-141.5,8.067254
2000,12,7,-50.696884,-140.5,8.066981
2000,12,8,-50.696884,-139.5,8.066875
2000,12,9,-50.696884,-138.5,8.066818
2000,12,10,-50.696884,-137.5,8.066628
2000,12,11,-50.696884,-136.5,8.066451
2000,12,12,-50.696884,-135.5,8.066173
2000,12,13,-50.696884,-134.5,8.065927
2000,12,14,-50.696884,-133.5,8.065854
2000,12,15,-50.696884,-132.5,8.065724
2000,12,16,-50.696884,-131.5,8.065715
2000,12,17,-50.696884,-130.5,8.065595
2000,12,18,-50.696884,-129.5,8.065598
2000,12,19,-50.696884,-128.5,8.065495
2000,13,0,-50.059177,-147.5,8.068492
2000,13,1,-50.059177,-146.5,8.068519
2000,13,2,-50.059177,-145.5,8.068552
2000,13,3,-50.059177,-144.5,8.068636
2000,13,4,-50.059177,-143.5,8.068611
2000,13,5,-50.059177,-142.5,8.068488
2000,13,6,-50.059177,-141.5,8.068406
2000,13,7,-50.059177,-140.5,8.068021
2000,13,8,-50.059177,-139.5,8.067839
2000,13,9,-50.059177,-138.5,8.067659
2000,13,10,-50.059177,-137.5,8.067425
2000,13,11,-50.059177,-136.5,8.067197
2000,13,12,-50.059177,-135.5,8.066914
2000,13,13,-50.059177,-134.5,8.066709
2000,13,14,-50.059177,-133.5,8.066611
2000,13,15,-50.059177,-132.5,8.066411
2000,13,16,-50.059177,-131.5,8.0663
2000,13,17,-50.059177,-130.5,8.066054
2000,13,18,-50.059177,-129.5,8.065966
2000,13,19,-50.059177,-128.5,8.065902
2000,14,0,-49.41288,-147.5,8.070093
2000,14,1,-49.41288,-146.5,8.070036
2000,14,2,-49.41288,-145.5,8.069854
2000,14,3,-49.41288,-144.5,8.069751
2000,14,4,-49.41288,-143.5,8.069543
2000,14,5,-49.41288,-142.5,8.069247
2000,14,6,-49.41288,-141.5,8.069073
2000,14,7,-49.41288,-140.5,8.068564
2000,14,8,-49.41288,-139.5,8.068347
2000,14,9,-49.41288,-138.5,8.068156
2000,14,10,-49.41288,-137.5,8.0678215
2000,14,11,-49.41288,-136.5,8.067602
2000,14,12,-49.41288,-135.5,8.067288
2000,14,13,-49.41288,-134.5,8.067071
2000,14,14,-49.41288,-133.5,8.066949
2000,14,15,-49.41288,-132.5,8.066714
2000,14,16,-49.41288,-131.5,8.066553
2000,14,17,-49.41288,-130.5,8.066186
2000,14,18,-49.41288,-129.5,8.065954
2000,14,19,-49.41288,-128.5,8.065919
2000,15,0,-48.757957,-147.5,8.071242
2000,15,1,-48.757957,-146.5,8.071152
2000,15,2,-48.757957,-145.5,8.070744
2000,15,3,-48.757957,-144.5,8.070518
2000,15,4,-48.757957,-143.5,8.070184
2000,15,5,-48.757957,-142.5,8.069862
2000,15,6,-48.757957,-141.5,8.069591
2000,15,7,-48.757957,-140.5,8.069062
2000,15,8,-48.757957,-139.5,8.068839
2000,15,9,-48.757957,-138.5,8.06852
2000,15,10,-48.757957,-137.5,8.068192
2000,15,11,-48.757957,-136.5,8.068007
2000,15,12,-48.757957,-135.5,8.067782
2000,15,13,-48.757957,-134.5,8.0676
2000,15,14,-48.757957,-133.5,8.067408
2000,15,15,-48.757957,-132.5,8.067073
2000,15,16,-48.757957,-131.5,8.066892
2000,15,17,-48.757957,-130.5,8.066573
2000,15,18,-48.757957,-129.5,8.06636
2000,15,19,-48.757957,-128.5,8.066218
2000,16,0,-48.094387,-147.5,8.071806
2000,16,1,-48.094387,-146.5,8.0716
2000,16,2,-48.094387,-145.5,8.071126
2000,16,3,-48.094387,-144.5,8.070866
2000,16,4,-48.094387,-143.5,8.0704365
2000,16,5,-48.094387,-142.5,8.070019
2000,16,6,-48.094387,-141.5,8.069709
2000,16,7,-48.094387,-140.5,8.069096
2000,16,8,-48.094387,-139.5,8.068826
2000,16,9,-48.094387,-138.5,8.068538
2000,16,10,-48.094387,-137.5,8.068335
2000,16,11,-48.094387,-136.5,8.06825
2000,16,12,-48.094387,-135.5,8.068149
2000,16,13,-48.094387,-134.5,8.068055
2000,16,14,-48.094387,-133.5,8.067853
2000,16,15,-48.094387,-132.5,8.067452
2000,16,16,-48.094387,-131.5,8.067248
2000,16,17,-48.094387,-130.5,8.066964
2000,16,18,-48.094387,-129.5,8.066739
2000,16,19,-48.094387,-128.5,8.066493
2000,17,0,-47.422142,-147.5,8.07191
2000,17,1,-47.422142,-146.5,8.071631
2000,17,2,-47.422142,-145.5,8.071117
2000,17,3,-47.422142,-144.5,8.070936
2000,17,4,-47.422142,-143.5,8.070524
2000,17,5,-47.422142,-142.5,8.070078
2000,17,6,-47.422142,-141.5,8.069639
2000,17,7,-47.422142,-140.5,8.069047
2000,17,8,-47.422142,-139.5,8.068791
2000,17,9,-47.422142,-138.5,8.068627
2000,17,10,-47.422142,-137.5,8.068555
2000,17,11,-47.422142,-136.5,8.068504
2000,17,12,-47.422142,-135.5,8.068452
2000,17,13,-47.422142,-134.5,8.068408
2000,17,14,-47.422142,-133.5,8.068334
2000,17,15,-47.422142,-132.5,8.068021
2000,17,16,-47.422142,-131.5,8.0678625
2000,17,17,-47.422142,-130.5,8.06747
2000,17,18,-47.422142,-129.5,8.067185
2000,17,19,-47.422142,-128.5,8.067016
2000,18,0,-46.7412,-147.5,8.071634
2000,18,1,-46.7412,-146.5,8.07135
2000,18,2,-46.7412,-145.5,8.070792
2000,18,3,-46.7412,-144.5,8.070717
2000,18,4,-46.7412,-143.5,8.070435
2000,18,5,-46.7412,-142.5,8.070087
2000,18,6,-46.7412,-141.5,8.069621
2000,18,7,-46.7412,-140.5,8.069007
2000,18,8,-46.7412,-139.5,8.068751
2000,18,9,-46.7412,-138.5,8.06871
2000,18,10,-46.7412,-137.5,8.068798
2000,18,11,-46.7412,-136.5,8.0688305
2000,18,12,-46.7412,-135.5,8.068839
2000,18,13,-46.7412,-134.5,8.068784
2000,18,14,-46.7412,-133.5,8.068793
2000,18,15,-46.7412,-132.5,8.068622
2000,18,16,-46.7412,-131.5,8.068535
2000,18,17,-46.7412,-130.5,8.068113
2000,18,18,-46.7412,-129.5,8.067738
2000,18,19,-46.7412,-128.5,8.067597
2000,19,0,-46.051548,-147.5,8.070806
2000,19,1,-46.051548,-146.5,8.070661
2000,19,2,-46.051548,-145.5,8.070353
2000,19,3,-46.051548,-144.5,8.070318
2000,19,4,-46.051548,-143.5,8.070274
2000,19,5,-46.051548,-142.5,8.070113
2000,19,6,-46.051548,-141.5,8.069821
2000,19,7,-46.051548,-140.5,8.069468
2000,19,8,-46.051548,-139.5,8.069285
2000,19,9,-46.051548,-138.5,8.06911
2000,19,10,-46.051548,-137.5,8.069137
2000,19,11,-46.051548,-136.5,8.069265
2000,19,12,-46.051548,-135.5,8.069268
2000,19,13,-46.051548,-134.5,8.069177
2000,19,14,-46.051548,-133.5,8.069175
2000,19,15,-46.051548,-132.5,8.069053
2000,19,16,-46.051548,-131.5,8.069005
2000,19,17,-46.051548,-130.5,8.0687475
2000,19,18,-46.051548,-129.5,8.068498
2000,19,19,-46.051548,-128.5,8.068557
2001,0,0,-57.695797,-147.5,8.048481
2001,0,1,-57.695797,-146.5,8.049245
2001,0,2,-57.695797,-145.5,8.049665
2001,0,3,-57.695797,-144.5,8.048718
2001,0,4,-57.695797,-143.5,8.049977
2001,0,5,-57.695797,-142.5,8.051967
2001,0,6,-57.695797,-141.5,8.053816
2001,0,7,-57.695797,-140.5,8.0558
2001,0,8,-57.695797,-139.5,8.057202
2001,0,9,-57.695797,-138.5,8.05775
2001,0,10,-57.695797,-137.5,8.058333
2001,0,11,-57.695797,-136.5,8.059081
2001,0,12,-57.695797,-135.5,8.059884
2001,0,13,-57.695797,-134.5,8.060217
2001,0,14,-57.695797,-133.5,8.060899
2001,0,15,-57.695797,-132.5,8.061548
2001,0,16,-57.695797,-131.5,8.06196
2001,0,17,-57.695797,-130.5,8.062619
2001,0,18,-57.695797,-129.5,8.063007
2001,0,19,-57.695797,-128.5,8.063425
2001,1,0,-57.15743,-147.5,8.046849
2001,1,1,-57.15743,-146.5,8.048329
2001,1,2,-57.15743,-145.5,8.049056
2001,1,3,-57.15743,-144.5,8.048967
2001,1,4,-57.15743,-143.5,8.050889
2001,1,5,-57.15743,-142.5,8.053214
2001,1,6,-57.15743,-141.5,8.055192
2001,1,7,-57.15743,-140.5,8.057216
2001,1,8,-57.15743,-139.5,8.05824
2001,1,9,-57.15743,-138.5,8.058589
2001,1,10,-57.15743,-137.5,8.058978
2001,1,11,-57.15743,-136.5,8.0596
2001,1,12,-57.15743,-135.5,8.06046
2001,1,13,-57.15743,-134.5,8.060878
2001,1,14,-57.15743,-133.5,8.061619
2001,1,15,-57.15743,-132.5,8.062329
2001,1,16,-57.15743,-131.5,8.06279
2001,1,17,-57.15743,-130.5,8.06349
2001,1,18,-57.15743,-129.5,8.063907
2001,1,19,-57.15743,-128.5,8.064326
2001,2,0,-56.61111,-147.5,8.046344
2001,2,1,-56.61111,-146.5,8.047771
2001,2,2,-56.61111,-145.5,8.048939
2001,2,3,-56.61111,-144.5,8.050111
2001,2,4,-56.61111,-143.5,8.05283
2001,2,5,-56.61111,-142.5,8.055398
2001,2,6,-56.61111,-141.5,8.057234
2001,2,7,-56.61111,-140.5,8.058979
2001,2,8,-56.61111,-139.5,8.059646
2001,2,9,-56.61111,-138.5,8.059823
2001,2,10,-56.61111,-137.5,8.059914
2001,2,11,-56.61111,-136.5,8.060414
2001,2,12,-56.61111,-135.5,8.061227
2001,2,13,-56.61111,-134.5,8.061629
2001,2,14,-56.61111,-133.5,8.06245
2001,2,15,-56.61111,-132.5,8.06322
2001,2,16,-56.61111,-131.5,8.063752
2001,2,17,-56.61111,-130.5,8.064474
2001,2,18,-56.61111,-129.5,8.06483
2001,2,19,-56.61111,-128.5,8.06514
2001,3,0,-56.05677,-147.5,8.049667
2001,3,1,-56.05677,-146.5,8.051114
2001,3,2,-56.05677,-145.5,8.05238
2001,3,3,-56.05677,-144.5,8.054038
2001,3,4,-56.05677,-143.5,8.056516
2001,3,5,-56.05677,-142.5,8.05852
2001,3,6,-56.05677,-141.5,8.060102
2001,3,7,-56.05677,-140.5,8.060955
2001,3,8,-56.05677,-139.5,8.061191
2001,3,9,-56.05677,-138.5,8.061344
2001,3,10,-56.05677,-137.5,8.061157
2001,3,11,-56.05677,-136.5,8.061426
2001,3,12,-56.05677,-135.5,8.062131
2001,3,13,-56.05677,-134.5,8.062411
2001,3,14,-56.05677,-133.5,8.063277
2001,3,15,-56.05677,-132.5,8.064179
2001,3,16,-56.05677,-131.5,8.064781
2001,3,17,-56.05677,-130.5,8.065612
2001,3,18,-56.05677,-129.5,8.065917
2001,3,19,-56.05677,-128.5,8.066178
2001,4,0,-55.494347,-147.5,8.054129
2001,4,1,-55.494347,-146.5,8.054944
2001,4,2,-55.494347,-145.5,8.056348
2001,4,3,-55.494347,-144.5,8.05773
2001,4,4,-55.494347,-143.5,8.059506
2001,4,5,-55.494347,-142.5,8.060887
2001,4,6,-55.494347,-141.5,8.062203
2001,4,7,-55.494347,-140.5,8.062272
2001,4,8,-55.494347,-139.5,8.06247
2001,4,9,-55.494347,-138.5,8.062461
2001,4,10,-55.494347,-137.5,8.06231
2001,4,11,-55.494347,-136.5,8.062408
2001,4,12,-55.494347,-135.5,8.063088
2001,4,13,-55.494347,-134.5,8.063367
2001,4,14,-55.494347,-133.5,8.064206
2001,4,15,-55.494347,-132.5,8.065055
2001,4,16,-55.494347,-131.5,8.0656395
2001,4,17,-55.494347,-130.5,8.066279
2001,4,18,-55.494347,-129.5,8.066432
2001,4,19,-55.494347,-128.5,8.066573
2001,5,0,-54.923775,-147.5,8.058724
2001,5,1,-54.923775,-146.5,8.059297
2001,5,2,-54.923775,-145.5,8.060577
2001,5,3,-54.923775,-144.5,8.061589
2001,5,4,-54.923775,-143.5,8.06273
2001,5,5,-54.923775,-142.5,8.06357
2001,5,6,-54.923775,-141.5,8.06458
2001,5,7,-54.923775,-140.5,8.064255
2001,5,8,-54.923775,-139.5,8.064388
2001,5,9,-54.923775,-138.5,8.064179
2001,5,10,-54.923775,-137.5,8.063968
2001,5,11,-54.923775,-136.5,8.063866
2001,5,12,-54.923775,-135.5,8.0644455
2001,5,13,-54.923775,-134.5,8.064644
2001,5,14,-54.923775,-133.5,8.065302
2001,5,15,-54.923775,-132.5,8.066074
2001,5,16,-54.923775,-131.5,8.066533
2001,5,17,-54.923775,-130.5,8.066882
2001,5,18,-54.923775,-129.5,8.066869
2001,5,19,-54.923775,-128.5,8.066679
2001,6,0,-54.344994,-147.5,8.061312
2001,6,1,-54.344994,-146.5,8.061799
2001,6,2,-54.344994,-145.5,8.062848
2001,6,3,-54.344994,-144.5,8.063492
2001,6,4,-54.344994,-143.5,8.064259
2001,6,5,-54.344994,-142.5,8.065103
2001,6,6,-54.344994,-141.5,8.065566
2001,6,7,-54.344994,-140.5,8.065453
2001,6,8,-54.344994,-139.5,8.065608
2001,6,9,-54.344994,-138.5,8.065432
2001,6,10,-54.344994,-137.5,8.065274
2001,6,11,-54.344994,-136.5,8.065072
2001,6,12,-54.344994,-135.5,8.065534
2001,6,13,-54.344994,-134.5,8.065629
2001,6,14,-54.344994,-133.5,8.066233
2001,6,15,-54.344994,-132.5,8.066835
2001,6,16,-54.344994,-131.5,8.067021
2001,6,17,-54.344994,-130.5,8.0671425
2001,6,18,-54.344994,-129.5,8.067108
2001,6,19,-54.344994,-128.5,8.066761
2001,7,0,-53.75795,-147.5,8.063792
2001,7,1,-53.75795,-146.5,8.064412
2001,7,2,-53.75795,-145.5,8.065323
2001,7,3,-53.75795,-144.5,8.065939
2001,7,4,-53.75795,-143.5,8.066618
2001,7,5,-53.75795,-142.5,8.067236
2001,7,6,-53.75795,-141.5,8.067441
2001,7,7,-53.75795,-140.5,8.067204
2001,7,8,-53.75795,-139.5,8.067139
2001,7,9,-53.75795,-138.5,8.06687
2001,7,10,-53.75795,-137.5,8.06664
2001,7,11,-53.75795,-136.5,8.0665245
2001,7,12,-53.75795,-135.5,8.066871
2001,7,13,-53.75795,-134.5,8.066941
2001,7,14,-53.75795,-133.5,8.067364
2001,7,15,-53.75795,-132.5,8.067571
2001,7,16,-53.75795,-131.5,8.067435
2001,7,17,-53.75795,-130.5,8.06729
2001,7,18,-53.75795,-129.5,8.067086
2001,7,19,-53.75795,-128.5,8.066802
2001,8,0,-53.162582,-147.5,8.065931
2001,8,1,-53.162582,-146.5,8.066526
2001,8,2,-53.162582,-145.5,8.06737
2001,8,3,-53.162582,-144.5,8.067927
2001,8,4,-53.162582,-143.5,8.068316
2001,8,5,-53.162582,-142.5,8.068566
2001,8,6,-53.162582,-141.5,8.068841
2001,8,7,-53.162582,-140.5,8.06854
2001,8,8,-53.162582,-139.5,8.068482
2001,8,9,-53.162582,-138.5,8.068194
2001,8,10,-53.162582,-137.5,8.067943
2001,8,11,-53.162582,-136.5,8.067824
2001,8,12,-53.162582,-135.5,8.067825
2001,8,13,-53.162582,-134.5,8.067826
2001,8,14,-53.162582,-133.5,8.0680065
2001,8,15,-53.162582,-132.5,8.067818
2001,8,16,-53.162582,-131.5,8.067512
2001,8,17,-53.162582,-130.5,8.067234
2001,8,18,-53.162582,-129.5,8.067119
2001,8,19,-53.162582,-128.5,8.06691
2001,9,0,-52.558838,-147.5,8.067948
2001,9,1,-52.558838,-146.5,8.068481
2001,9,2,-52.558838,-145.5,8.06911
2001,9,3,-52.558838,-144.5,8.069389
2001,9,4,-52.558838,-143.5,8.069561
2001,9,5,-52.558838,-142.5,8.0695505
2001,9,6,-52.558838,-141.5,8.069757
2001,9,7,-52.558838,-140.5,8.06949
2001,9,8,-52.558838,-139.5,8.069385
2001,9,9,-52.558838,-138.5,8.069181
2001,9,10,-52.558838,-137.5,8.068925
2001,9,11,-52.558838,-136.5,8.068834
2001,9,12,-52.558838,-135.5,8.06867
2001,9,13,-52.558838,-134.5,8.068494
2001,9,14,-52.558838,-133.5,8.068333
2001,9,15,-52.558838,-132.5,8.067986
2001,9,16,-52.558838,-131.5,8.067681
2001,9,17,-52.558838,-130.5,8.067397
2001,9,18,-52.558838,-129.5,8.067292
2001,9,19,-52.558838,-128.5,8.067076
2001,10,0,-51.946674,-147.5,8.0694685
2001,10,1,-51.946674,-146.5,8.0698185
2001,10,2,-51.946674,-145.5,8.070165
2001,10,3,-51.946674,-144.5,8.070254
2001,10,4,-51.946674,-143.5,8.070407
2001,10,5,-51.946674,-142.5,8.07033
2001,10,6,-51.946674,-141.5,8.070388
2001,10,7,-51.946674,-140.5,8.0700865
2001,10,8,-51.946674,-139.5,8.06991
2001,10,9,-51.946674,-138.5,8.069808
2001,10,10,-51.946674,-137.5,8.069576
2001,10,11,-51.946674,-136.5,8.069424
2001,10,12,-51.946674,-135.5,8.069171
2001,10,13,-51.946674,-134.5,8.068845
2001,10,14,-51.946674,-133.5,8.0685215
2001,10,15,-51.946674,-132.5,8.068145
2001,10,16,-51.946674,-131.5,8.067822
2001,10,17,-51.946674,-130.5,8.067539
2001,10,18,-51.946674,-129.5,8.067451
2001,10,19,-51.946674,-128.5,8.067161
2001,11,0,-51.326035,-147.5,8.070408
2001,11,1,-51.326035,-146.5,8.070682
2001,11,2,-51.326035,-145.5,8.070845
2001,11,3,-51.326035,-144.5,8.070983
2001,11,4,-51.326035,-143.5,8.070987
2001,11,5,-51.326035,-142.5,8.070874
2001,11,6,-51.326035,-141.5,8.070918
2001,11,7,-51.326035,-140.5,8.070584
2001,11,8,-51.326035,-139.5,8.070316
2001,11,9,-51.326035,-138.5,8.070113
2001,11,10,-51.326035,-137.5,8.069849
2001,11,11,-51.326035,-136.5,8.069669
2001,11,12,-51.326035,-135.5,8.0693445
2001,11,13,-51.326035,-134.5,8.068948
2001,11,14,-51.326035,-133.5,8.068641
2001,11,15,-51.326035,-132.5,8.068309
2001,11,16,-51.326035,-131.5,8.068025
2001,11,17,-51.326035,-130.5,8.067699
2001,11,18,-51.326035,-129.5,8.067754
2001,11,19,-51.326035,-128.5,8.067355
2001,12,0,-50.696884,-147.5,8.07094
2001,12,1,-50.696884,-146.5,8.07109
2001,12,2,-50.696884,-145.5,8.071166
2001,12,3,-50.696884,-144.5,8.071285
2001,12,4,-50.696884,-143.5,8.071231
2001,12,5,-50.696884,-142.5,8.071087
2001,12,6,-50.696884,-141.5,8.071065
2001,12,7,-50.696884,-140.5,8.070652
2001,12,8,-50.696884,-139.5,8.070336
2001,12,9,-50.696884,-138.5,8.06998
2001,12,10,-50.696884,-137.5,8.069611
2001,12,11,-50.696884,-136.5,8.06945
2001,12,12,-50.696884,-135.5,8.069209
2001,12,13,-50.696884,-134.5,8.068951
2001,12,14,-50.696884,-133.5,8.068698
2001,12,15,-50.696884,-132.5,8.068398
2001,12,16,-50.696884,-131.5,8.068278
2001,12,17,-50.696884,-130.5,8.067949
2001,12,18,-50.696884,-129.5,8.068052
2001,12,19,-50.696884,-128.5,8.067607
2001,13,0,-50.059177,-147.5,8.071643
2001,13,1,-50.059177,-146.5,8.0715885
2001,13,2,-50.059177,-145.5,8.071503
2001,13,3,-50.059177,-144.5,8.071554
2001,13,4,-50.059177,-143.5,8.071417
2001,13,5,-50.059177,-142.5,8.071168
2001,13,6,-50.059177,-141.5,8.071008
2001,13,7,-50.059177,-140.5,8.070571
2001,13,8,-50.059177,-139.5,8.070178
2001,13,9,-50.059177,-138.5,8.069726
2001,13,10,-50.059177,-137.5,8.069373
2001,13,11,-50.059177,-136.5,8.0692215
2001,13,12,-50.059177,-135.5,8.068958
2001,13,13,-50.059177,-134.5,8.068805
2001,13,14,-50.059177,-133.5,8.06879
2001,13,15,-50.059177,-132.5,8.068658
2001,13,16,-50.059177,-131.5,8.068554
2001,13,17,-50.059177,-130.5,8.068141
2001,13,18,-50.059177,-129.5,8.068168
2001,13,19,-50.059177,-128.5,8.067771
2001,14,0,-49.41288,-147.5,8.072333
2001,14,1,-49.41288,-146.5,8.072185
2001,14,2,-49.41288,-145.5,8.071856
2001,14,3,-49.41288,-144.5,8.071728
2001,14,4,-49.41288,-143.5,8.071346
2001,14,5,-49.41288,-142.5,8.070898
2001,14,6,-49.41288,-141.5,8.070683
2001,14,7,-49.41288,-140.5,8.070221
2001,14,8,-49.41288,-139.5,8.069827
2001,14,9,-49.41288,-138.5,8.069382
2001,14,10,-49.41288,-137.5,8.069029
2001,14,11,-49.41288,-136.5,8.06897
2001,14,12,-49.41288,-135.5,8.068738
2001,14,13,-49.41288,-134.5,8.06872
2001,14,14,-49.41288,-133.5,8.068664
2001,14,15,-49.41288,-132.5,8.068582
2001,14,16,-49.41288,-131.5,8.06858
2001,14,17,-49.41288,-130.5,8.0681505
2001,14,18,-49.41288,-129.5,8.068024
2001,14,19,-49.41288,-128.5,8.067615
2001,15,0,-48.757957,-147.5,8.0729265
2001,15,1,-48.757957,-146.5,8.072588
2001,15,2,-48.757957,-145.5,8.072029
2001,15,3,-48.757957,-144.5,8.071714
2001,15,4,-48.757957,-143.5,8.071045
2001,15,5,-48.757957,-142.5,8.070487
2001,15,6,-48.757957,-141.5,8.070262
2001,15,7,-48.757957,-140.5,8.069885
2001,15,8,-48.757957,-139.5,8.069621
2001,15,9,-48.757957,-138.5,8.0692
2001,15,10,-48.757957,-137.5,8.068986
2001,15,11,-48.757957,-136.5,8.069015
2001,15,12,-48.757957,-135.5,8.068847
2001,15,13,-48.757957,-134.5,8.068859
2001,15,14,-48.757957,-133.5,8.068883
2001,15,15,-48.757957,-132.5,8.068816
2001,15,16,-48.757957,-131.5,8.068802
2001,15,17,-48.757957,-130.5,8.068388
2001,15,18,-48.757957,-129.5,8.068171
2001,15,19,-48.757957,-128.5,8.067758
2001,16,0,-48.094387,-147.5,8.073354
2001,16,1,-48.094387,-146.5,8.07276
2001,16,2,-48.094387,-145.5,8.072051
2001,16,3,-48.094387,-144.5,8.071642
2001,16,4,-48.094387,-143.5,8.0708065
2001,16,5,-48.094387,-142.5,8.070128
2001,16,6,-48.094387,-141.5,8.069951
2001,16,7,-48.094387,-140.5,8.0695915
2001,16,8,-48.094387,-139.5,8.069392
2001,16,9,-48.094387,-138.5,8.069055
2001,16,10,-48.094387,-137.5,8.068877
2001,16,11,-48.094387,-136.5,8.068965
2001,16,12,-48.094387,-135.5,8.068665
2001,16,13,-48.094387,-134.5,8.068593
2001,16,14,-48.094387,-133.5,8.068728
2001,16,15,-48.094387,-132.5,8.068732
2001,16,16,-48.094387,-131.5,8.068711
2001,16,17,-48.094387,-130.5,8.06833
2001,16,18,-48.094387,-129.5,8.068051
2001,16,19,-48.094387,-128.5,8.067731
2001,17,0,-47.422142,-147.5,8.073212
2001,17,1,-47.422142,-146.5,8.072623
2001,17,2,-47.422142,-145.5,8.071744
2001,17,3,-47.422142,-144.5,8.071336
2001,17,4,-47.422142,-143.5,8.070609
2001,17,5,-47.422142,-142.5,8.070014
2001,17,6,-47.422142,-141.5,8.0698
2001,17,7,-47.422142,-140.5,8.0693655
2001,17,8,-47.422142,-139.5,8.06909
2001,17,9,-47.422142,-138.5,8.068845
2001,17,10,-47.422142,-137.5,8.068898
2001,17,11,-47.422142,-136.5,8.069139
2001,17,12,-47.422142,-135.5,8.068891
2001,17,13,-47.422142,-134.5,8.0686455
2001,17,14,-47.422142,-133.5,8.068674
2001,17,15,-47.422142,-132.5,8.068654
2001,17,16,-47.422142,-131.5,8.068666
2001,17,17,-47.422142,-130.5,8.068287
2001,17,18,-47.422142,-129.5,8.067995
2001,17,19,-47.422142,-128.5,8.067737
2001,18,0,-46.7412,-147.5,8.072644
2001,18,1,-46.7412,-146.5,8.0720825
2001,18,2,-46.7412,-145.5,8.071362
2001,18,3,-46.7412,-144.5,8.071083
2001,18,4,-46.7412,-143.5,8.070489
2001,18,5,-46.7412,-142.5,8.070025
2001,18,6,-46.7412,-141.5,8.069737
2001,18,7,-46.7412,-140.5,8.069041
2001,18,8,-46.7412,-139.5,8.068587
2001,18,9,-46.7412,-138.5,8.068488
2001,18,10,-46.7412,-137.5,8.068615
2001,18,11,-46.7412,-136.5,8.069123
2001,18,12,-46.7412,-135.5,8.06882
2001,18,13,-46.7412,-134.5,8.068367
2001,18,14,-46.7412,-133.5,8.068261
2001,18,15,-46.7412,-132.5,8.068322
2001,18,16,-46.7412,-131.5,8.068431
2001,18,17,-46.7412,-130.5,8.067964
2001,18,18,-46.7412,-129.5,8.067603
2001,18,19,-46.7412,-128.5,8.067313
2001,19,0,-46.051548,-147.5,8.072583
2001,19,1,-46.051548,-146.5,8.072089
2001,19,2,-46.051548,-145.5,8.071481
2001,19,3,-46.051548,-144.5,8.07117
2001,19,4,-46.051548,-143.5,8.070625
2001,19,5,-46.051548,-142.5,8.070339
2001,19,6,-46.051548,-141.5,8.06993
2001,19,7,-46.051548,-140.5,8.068868
2001,19,8,-46.051548,-139.5,8.068255
2001,19,9,-46.051548,-138.5,8.067951
2001,19,10,-46.051548,-137.5,8.067971
2001,19,11,-46.051548,-136.5,8.0684
2001,19,12,-46.051548,-135.5,8.068151
2001,19,13,-46.051548,-134.5,8.06778
2001,19,14,-46.051548,-133.5,8.067668
2001,19,15,-46.051548,-132.5,8.067881
2001,19,16,-46.051548,-131.5,8.068189
2001,19,17,-46.051548,-130.5,8.067917
2001,19,18,-46.051548,-129.5,8.06761
2001,19,19,-46.051548,-128.5,8.067315
2002,0,0,-57.695797,-147.5,8.047526
2002,0,1,-57.695797,-146.5,8.049043
2002,0,2,-57.695797,-145.5,8.048993
2002,0,3,-57.695797,-144.5,8.046611
2002,0,4,-57.695797,-143.5,8.046372
2002,0,5,-57.695797,-142.5,8.047143
2002,0,6,-57.695797,-141.5,8.048064
2002,0,7,-57.695797,-140.5,8.049364
2002,0,8,-57.695797,-139.5,8.050553
2002,0,9,-57.695797,-138.5,8.051461
2002,0,10,-57.695797,-137.5,8.052228
2002,0,11,-57.695797,-136.5,8.05326
2002,0,12,-57.695797,-135.5,8.053946
2002,0,13,-57.695797,-134.5,8.054423
2002,0,14,-57.695797,-133.5,8.055135
2002,0,15,-57.695797,-132.5,8.055615
2002,0,16,-57.695797,-131.5,8.055993
2002,0,17,-57.695797,-130.5,8.056491
2002,0,18,-57.695797,-129.5,8.056964
2002,0,19,-57.695797,-128.5,8.057429
2002,1,0,-57.15743,-147.5,8.044079
2002,1,1,-57.15743,-146.5,8.046521
2002,1,2,-57.15743,-145.5,8.047062
2002,1,3,-57.15743,-144.5,8.046025
2002,1,4,-57.15743,-143.5,8.046581
2002,1,5,-57.15743,-142.5,8.047811
2002,1,6,-57.15743,-141.5,8.048959
2002,1,7,-57.15743,-140.5,8.05025
2002,1,8,-57.15743,-139.5,8.051146
2002,1,9,-57.15743,-138.5,8.051761
2002,1,10,-57.15743,-137.5,8.052342
2002,1,11,-57.15743,-136.5,8.053305
2002,1,12,-57.15743,-135.5,8.05405
2002,1,13,-57.15743,-134.5,8.054585
2002,1,14,-57.15743,-133.5,8.05538
2002,1,15,-57.15743,-132.5,8.055936
2002,1,16,-57.15743,-131.5,8.056436
2002,1,17,-57.15743,-130.5,8.057063
2002,1,18,-57.15743,-129.5,8.0576
2002,1,19,-57.15743,-128.5,8.058107
2002,2,0,-56.61111,-147.5,8.042924
2002,2,1,-56.61111,-146.5,8.044835
2002,2,2,-56.61111,-145.5,8.045695
2002,2,3,-56.61111,-144.5,8.046125
2002,2,4,-56.61111,-143.5,8.047665
2002,2,5,-56.61111,-142.5,8.049268
2002,2,6,-56.61111,-141.5,8.05046
2002,2,7,-56.61111,-140.5,8.051738
2002,2,8,-56.61111,-139.5,8.051953
2002,2,9,-56.61111,-138.5,8.052384
2002,2,10,-56.61111,-137.5,8.052863
2002,2,11,-56.61111,-136.5,8.053706
2002,2,12,-56.61111,-135.5,8.0544615
2002,2,13,-56.61111,-134.5,8.054993
2002,2,14,-56.61111,-133.5,8.055794
2002,2,15,-56.61111,-132.5,8.056483
2002,2,16,-56.61111,-131.5,8.057121
2002,2,17,-56.61111,-130.5,8.057841
2002,2,18,-56.61111,-129.5,8.058422
2002,2,19,-56.61111,-128.5,8.058972
2002,3,0,-56.05677,-147.5,8.045547
2002,3,1,-56.05677,-146.5,8.0468445
2002,3,2,-56.05677,-145.5,8.047762
2002,3,3,-56.05677,-144.5,8.048705
2002,3,4,-56.05677,-143.5,8.050298
2002,3,5,-56.05677,-142.5,8.05159
2002,3,6,-56.05677,-141.5,8.052685
2002,3,7,-56.05677,-140.5,8.053275
2002,3,8,-56.05677,-139.5,8.053367
2002,3,9,-56.05677,-138.5,8.053472
2002,3,10,-56.05677,-137.5,8.053621
2002,3,11,-56.05677,-136.5,8.054305
2002,3,12,-56.05677,-135.5,8.054979
2002,3,13,-56.05677,-134.5,8.055433
2002,3,14,-56.05677,-133.5,8.056336
2002,3,15,-56.05677,-132.5,8.057202
2002,3,16,-56.05677,-131.5,8.057991
2002,3,17,-56.05677,-130.5,8.058774
2002,3,18,-56.05677,-129.5,8.059438
2002,3,19,-56.05677,-128.5,8.059959
2002,4,0,-55.494347,-147.5,8.049288
2002,4,1,-55.494347,-146.5,8.049796
2002,4,2,-55.494347,-145.5,8.050733
2002,4,3,-55.494347,-144.5,8.051468
2002,4,4,-55.494347,-143.5,8.05264
2002,4,5,-55.494347,-142.5,8.053618
2002,4,6,-55.494347,-141.5,8.054679
2002,4,7,-55.494347,-140.5,8.054481
2002,4,8,-55.494347,-139.5,8.054673
2002,4,9,-55.494347,-138.5,8.054662
2002,4,10,-55.494347,-137.5,8.05458
2002,4,11,-55.494347,-136.5,8.05508
2002,4,12,-55.494347,-135.5,8.055709
2002,4,13,-55.494347,-134.5,8.056164
2002,4,14,-55.494347,-133.5,8.057133
2002,4,15,-55.494347,-132.5,8.058085
2002,4,16,-55.494347,-131.5,8.058925
2002,4,17,-55.494347,-130.5,8.059713
2002,4,18,-55.494347,-129.5,8.060349
2002,4,19,-55.494347,-128.5,8.060847
2002,5,0,-54.923775,-147.5,8.053262
2002,5,1,-54.923775,-146.5,8.053504
2002,5,2,-54.923775,-145.5,8.054269
2002,5,3,-54.923775,-144.5,8.054786
2002,5,4,-54.923775,-143.5,8.05562
2002,5,5,-54.923775,-142.5,8.056281
2002,5,6,-54.923775,-141.5,8.057059
2002,5,7,-54.923775,-140.5,8.056571
2002,5,8,-54.923775,-139.5,8.056542
2002,5,9,-54.923775,-138.5,8.056333
2002,5,10,-54.923775,-137.5,8.056131
2002,5,11,-54.923775,-136.5,8.056307
2002,5,12,-54.923775,-135.5,8.056834
2002,5,13,-54.923775,-134.5,8.057208
2002,5,14,-54.923775,-133.5,8.058126
2002,5,15,-54.923775,-132.5,8.059068
2002,5,16,-54.923775,-131.5,8.059922
2002,5,17,-54.923775,-130.5,8.060671
2002,5,18,-54.923775,-129.5,8.061246
2002,5,19,-54.923775,-128.5,8.061576
2002,6,0,-54.344994,-147.5,8.055589
2002,6,1,-54.344994,-146.5,8.055851
2002,6,2,-54.344994,-145.5,8.056458
2002,6,3,-54.344994,-144.5,8.05677
2002,6,4,-54.344994,-143.5,8.057391
2002,6,5,-54.344994,-142.5,8.058
2002,6,6,-54.344994,-141.5,8.05849
2002,6,7,-54.344994,-140.5,8.05824
2002,6,8,-54.344994,-139.5,8.058208
2002,6,9,-54.344994,-138.5,8.057963
2002,6,10,-54.344994,-137.5,8.057762
2002,6,11,-54.344994,-136.5,8.057727
2002,6,12,-54.344994,-135.5,8.058179
2002,6,13,-54.344994,-134.5,8.058516
2002,6,14,-54.344994,-133.5,8.059375
2002,6,15,-54.344994,-132.5,8.060214
2002,6,16,-54.344994,-131.5,8.061006
2002,6,17,-54.344994,-130.5,8.061673
2002,6,18,-54.344994,-129.5,8.062197
2002,6,19,-54.344994,-128.5,8.062398
2002,7,0,-53.75795,-147.5,8.0577755
2002,7,1,-53.75795,-146.5,8.0580845
2002,7,2,-53.75795,-145.5,8.05857
2002,7,3,-53.75795,-144.5,8.058953
2002,7,4,-53.75795,-143.5,8.059567
2002,7,5,-53.75795,-142.5,8.06005
2002,7,6,-53.75795,-141.5,8.060341
2002,7,7,-53.75795,-140.5,8.0602045
2002,7,8,-53.75795,-139.5,8.060108
2002,7,9,-53.75795,-138.5,8.059904
2002,7,10,-53.75795,-137.5,8.059709
2002,7,11,-53.75795,-136.5,8.059571
2002,7,12,-53.75795,-135.5,8.05992
2002,7,13,-53.75795,-134.5,8.060236
2002,7,14,-53.75795,-133.5,8.060863
2002,7,15,-53.75795,-132.5,8.061491
2002,7,16,-53.75795,-131.5,8.062097
2002,7,17,-53.75795,-130.5,8.062577
2002,7,18,-53.75795,-129.5,8.062995
2002,7,19,-53.75795,-128.5,8.063107
2002,8,0,-53.162582,-147.5,8.059506
2002,8,1,-53.162582,-146.5,8.059923
2002,8,2,-53.162582,-145.5,8.060447
2002,8,3,-53.162582,-144.5,8.060916
2002,8,4,-53.162582,-143.5,8.061524
2002,8,5,-53.162582,-142.5,8.061896
2002,8,6,-53.162582,-141.5,8.062087
2002,8,7,-53.162582,-140.5,8.061985
2002,8,8,-53.162582,-139.5,8.061953
2002,8,9,-53.162582,-138.5,8.0617895
2002,8,10,-53.162582,-137.5,8.061601
2002,8,11,-53.162582,-136.5,8.061513
2002,8,12,-53.162582,-135.5,8.061616
2002,8,13,-53.162582,-134.5,8.061818
2002,8,14,-53.162582,-133.5,8.062232
2002,8,15,-53.162582,-132.5,8.06262
2002,8,16,-53.162582,-131.5,8.063077
2002,8,17,-53.162582,-130.5,8.063448
2002,8,18,-53.162582,-129.5,8.063762
2002,8,19,-53.162582,-128.5,8.063855
2002,9,0,-52.558838,-147.5,8.061578
2002,9,1,-52.558838,-146.5,8.062088
2002,9,2,-52.558838,-145.5,8.062673
2002,9,3,-52.558838,-144.5,8.063151
2002,9,4,-52.558838,-143.5,8.063697
2002,9,5,-52.558838,-142.5,8.063844
2002,9,6,-52.558838,-141.5,8.063936
2002,9,7,-52.558838,-140.5,8.063811
2002,9,8,-52.558838,-139.5,8.063708
2002,9,9,-52.558838,-138.5,8.063453
2002,9,10,-52.558838,-137.5,8.063265
2002,9,11,-52.558838,-136.5,8.0631695
2002,9,12,-52.558838,-135.5,8.063209
2002,9,13,-52.558838,-134.5,8.063275
2002,9,14,-52.558838,-133.5,8.063554
2002,9,15,-52.558838,-132.5,8.063821
2002,9,16,-52.558838,-131.5,8.064135
2002,9,17,-52.558838,-130.5,8.064366
2002,9,18,-52.558838,-129.5,8.06457
2002,9,19,-52.558838,-128.5,8.064536
2002,10,0,-51.946674,-147.5,8.0638
2002,10,1,-51.946674,-146.5,8.064399
2002,10,2,-51.946674,-145.5,8.064954
2002,10,3,-51.946674,-144.5,8.065423
2002,10,4,-51.946674,-143.5,8.065751
2002,10,5,-51.946674,-142.5,8.065862
2002,10,6,-51.946674,-141.5,8.065852
2002,10,7,-51.946674,-140.5,8.065629
2002,10,8,-51.946674,-139.5,8.065492
2002,10,9,-51.946674,-138.5,8.065139
2002,10,10,-51.946674,-137.5,8.064828
2002,10,11,-51.946674,-136.5,8.064685
2002,10,12,-51.946674,-135.5,8.064606
2002,10,13,-51.946674,-134.5,8.064575
2002,10,14,-51.946674,-133.5,8.064801
2002,10,15,-51.946674,-132.5,8.0649
2002,10,16,-51.946674,-131.5,8.065116
2002,10,17,-51.946674,-130.5,8.065179
2002,10,18,-51.946674,-129.5,8.065258
2002,10,19,-51.946674,-128.5,8.065013
2002,11,0,-51.326035,-147.5,8.06587
2002,11,1,-51.326035,-146.5,8.066466
2002,11,2,-51.326035,-145.5,8.066985
2002,11,3,-51.326035,-144.5,8.067373
2002,11,4,-51.326035,-143.5,8.067593
2002,11,5,-51.326035,-142.5,8.067605
2002,11,6,-51.326035,-141.5,8.067576
2002,11,7,-51.326035,-140.5,8.067393
2002,11,8,-51.326035,-139.5,8.067199
2002,11,9,-51.326035,-138.5,8.066812
2002,11,10,-51.326035,-137.5,8.066467
2002,11,11,-51.326035,-136.5,8.066238
2002,11,12,-51.326035,-135.5,8.066015
2002,11,13,-51.326035,-134.5,8.065916
2002,11,14,-51.326035,-133.5,8.065953
2002,11,15,-51.326035,-132.5,8.06586
2002,11,16,-51.326035,-131.5,8.065903
2002,11,17,-51.326035,-130.5,8.065859
2002,11,18,-51.326035,-129.5,8.065825
2002,11,19,-51.326035,-128.5,8.065442
2002,12,0,-50.696884,-147.5,8.0678
2002,12,1,-50.696884,-146.5,8.068346
2002,12,2,-50.696884,-145.5,8.0687065
2002,12,3,-50.696884,-144.5,8.069017
2002,12,4,-50.696884,-143.5,8.06911
2002,12,5,-50.696884,-142.5,8.068978
2002,12,6,-50.696884,-141.5,8.068863
2002,12,7,-50.696884,-140.5,8.068659
2002,12,8,-50.696884,-139.5,8.068439
2002,12,9,-50.696884,-138.5,8.06813
2002,12,10,-50.696884,-137.5,8.067727
2002,12,11,-50.696884,-136.5,8.06746
2002,12,12,-50.696884,-135.5,8.0671
2002,12,13,-50.696884,-134.5,8.066874
2002,12,14,-50.696884,-133.5,8.066766
2002,12,15,-50.696884,-132.5,8.066517
2002,12,16,-50.696884,-131.5,8.0664215
2002,12,17,-50.696884,-130.5,8.066304
2002,12,18,-50.696884,-129.5,8.066186
2002,12,19,-50.696884,-128.5,8.065766
2002,13,0,-50.059177,-147.5,8.069676
2002,13,1,-50.059177,-146.5,8.070058
2002,13,2,-50.059177,-145.5,8.070237
2002,13,3,-50.059177,-144.5,8.070463
2002,13,4,-50.059177,-143.5,8.07042
2002,13,5,-50.059177,-142.5,8.070143
2002,13,6,-50.059177,-141.5,8.069942
2002,13,7,-50.059177,-140.5,8.069709
2002,13,8,-50.059177,-139.5,8.069501
2002,13,9,-50.059177,-138.5,8.069178
2002,13,10,-50.059177,-137.5,8.068805
2002,13,11,-50.059177,-136.5,8.068534
2002,13,12,-50.059177,-135.5,8.068113
2002,13,13,-50.059177,-134.5,8.067832
2002,13,14,-50.059177,-133.5,8.067646
2002,13,15,-50.059177,-132.5,8.067311
2002,13,16,-50.059177,-131.5,8.067132
2002,13,17,-50.059177,-130.5,8.06677
2002,13,18,-50.059177,-129.5,8.066509
2002,13,19,-50.059177,-128.5,8.066064
2002,14,0,-49.41288,-147.5,8.071075
2002,14,1,-49.41288,-146.5,8.071337
2002,14,2,-49.41288,-145.5,8.071279
2002,14,3,-49.41288,-144.5,8.071366
2002,14,4,-49.41288,-143.5,8.071229
2002,14,5,-49.41288,-142.5,8.070807
2002,14,6,-49.41288,-141.5,8.070557
2002,14,7,-49.41288,-140.5,8.070239
2002,14,8,-49.41288,-139.5,8.070049
2002,14,9,-49.41288,-138.5,8.069763
2002,14,10,-49.41288,-137.5,8.069423
2002,14,11,-49.41288,-136.5,8.06911
2002,14,12,-49.41288,-135.5,8.06871
2002,14,13,-49.41288,-134.5,8.068379
2002,14,14,-49.41288,-133.5,8.06815
2002,14,15,-49.41288,-132.5,8.067727
2002,14,16,-49.41288,-131.5,8.067415
2002,14,17,-49.41288,-130.5,8.066802
2002,14,18,-49.41288,-129.5,8.066357
2002,14,19,-49.41288,-128.5,8.065996
2002,15,0,-48.757957,-147.5,8.071997
2002,15,1,-48.757957,-146.5,8.072037
2002,15,2,-48.757957,-145.5,8.071837
2002,15,3,-48.757957,-144.5,8.0718
2002,15,4,-48.757957,-143.5,8.071584
2002,15,5,-48.757957,-142.5,8.071044
2002,15,6,-48.757957,-141.5,8.070827
2002,15,7,-48.757957,-140.5,8.070447
2002,15,8,-48.757957,-139.5,8.070239
2002,15,9,-48.757957,-138.5,8.069899
2002,15,10,-48.757957,-137.5,8.06956
2002,15,11,-48.757957,-136.5,8.069229
2002,15,12,-48.757957,-135.5,8.068758
2002,15,13,-48.757957,-134.5,8.068427
2002,15,14,-48.757957,-133.5,8.068158
2002,15,15,-48.757957,-132.5,8.067734
2002,15,16,-48.757957,-131.5,8.06741
2002,15,17,-48.757957,-130.5,8.066791
2002,15,18,-48.757957,-129.5,8.0663805
2002,15,19,-48.757957,-128.5,8.066014
2002,16,0,-48.094387,-147.5,8.072584
2002,16,1,-48.094387,-146.5,8.072412
2002,16,2,-48.094387,-145.5,8.072079
2002,16,3,-48.094387,-144.5,8.071863
2002,16,4,-48.094387,-143.5,8.071454
2002,16,5,-48.094387,-142.5,8.070876
2002,16,6,-48.094387,-141.5,8.070541
2002,16,7,-48.094387,-140.5,8.070105
2002,16,8,-48.094387,-139.5,8.069877
2002,16,9,-48.094387,-138.5,8.069476
2002,16,10,-48.094387,-137.5,8.069093
2002,16,11,-48.094387,-136.5,8.068772
2002,16,12,-48.094387,-135.5,8.068159
2002,16,13,-48.094387,-134.5,8.067758
2002,16,14,-48.094387,-133.5,8.067576
2002,16,15,-48.094387,-132.5,8.067185
2002,16,16,-48.094387,-131.5,8.066892
2002,16,17,-48.094387,-130.5,8.0664625
2002,16,18,-48.094387,-129.5,8.066073
2002,16,19,-48.094387,-128.5,8.065784
2002,17,0,-47.422142,-147.5,8.072629
2002,17,1,-47.422142,-146.5,8.072295
2002,17,2,-47.422142,-145.5,8.071794
2002,17,3,-47.422142,-144.5,8.071455
2002,17,4,-47.422142,-143.5,8.070901
2002,17,5,-47.422142,-142.5,8.070397
2002,17,6,-47.422142,-141.5,8.069997
2002,17,7,-47.422142,-140.5,8.069541
2002,17,8,-47.422142,-139.5,8.0692835
2002,17,9,-47.422142,-138.5,8.06892
2002,17,10,-47.422142,-137.5,8.068534
2002,17,11,-47.422142,-136.5,8.068303
2002,17,12,-47.422142,-135.5,8.067611
2002,17,13,-47.422142,-134.5,8.067117
2002,17,14,-47.422142,-133.5,8.06696
2002,17,15,-47.422142,-132.5,8.066722
2002,17,16,-47.422142,-131.5,8.066524
2002,17,17,-47.422142,-130.5,8.066328
2002,17,18,-47.422142,-129.5,8.066138
2002,17,19,-47.422142,-128.5,8.065911
2002,18,0,-46.7412,-147.5,8.072529
2002,18,1,-46.7412,-146.5,8.072164
2002,18,2,-46.7412,-145.5,8.071618
2002,18,3,-46.7412,-144.5,8.0711775
2002,18,4,-46.7412,-143.5,8.070415
2002,18,5,-46.7412,-142.5,8.069938
2002,18,6,-46.7412,-141.5,8.069563
2002,18,7,-46.7412,-140.5,8.069064
2002,18,8,-46.7412,-139.5,8.068782
2002,18,9,-46.7412,-138.5,8.068462
2002,18,10,-46.7412,-137.5,8.06809
2002,18,11,-46.7412,-136.5,8.067895
2002,18,12,-46.7412,-135.5,8.067237
2002,18,13,-46.7412,-134.5,8.066651
2002,18,14,-46.7412,-133.5,8.06639
2002,18,15,-46.7412,-132.5,8.066175
2002,18,16,-46.7412,-131.5,8.066119
2002,18,17,-46.7412,-130.5,8.06619
2002,18,18,-46.7412,-129.5,8.066186
2002,18,19,-46.7412,-128.5,8.066078
2002,19,0,-46.051548,-147.5,8.071607
2002,19,1,-46.051548,-146.5,8.071321
2002,19,2,-46.051548,-145.5,8.070724
2002,19,3,-46.051548,-144.5,8.070359
2002,19,4,-46.051548,-143.5,8.069914
2002,19,5,-46.051548,-142.5,8.069442
2002,19,6,-46.051548,-141.5,8.069057
2002,19,7,-46.051548,-140.5,8.068532
2002,19,8,-46.051548,-139.5,8.068299
2002,19,9,-46.051548,-138.5,8.068014
2002,19,10,-46.051548,-137.5,8.067689
2002,19,11,-46.051548,-136.5,8.067615
2002,19,12,-46.051548,-135.5,8.067208
2002,19,13,-46.051548,-134.5,8.066745
2002,19,14,-46.051548,-133.5,8.066525
2002,19,15,-46.051548,-132.5,8.066444
2002,19,16,-46.051548,-131.5,8.0663805
2002,19,17,-46.051548,-130.5,8.066488
2002,19,18,-46.051548,-129.5,8.066376
2002,19,19,-46.051548,-128.5,8.066273
2003,0,0,-57.695797,-147.5,8.043947
2003,0,1,-57.695797,-146.5,8.044223
2003,0,2,-57.695797,-145.5,8.043612
2003,0,3,-57.695797,-144.5,8.041839
2003,0,4,-57.695797,-143.5,8.041929
2003,0,5,-57.695797,-142.5,8.042587
2003,0,6,-57.695797,-141.5,8.043404
2003,0,7,-57.695797,-140.5,8.044587
2003,0,8,-57.695797,-139.5,8.045449
2003,0,9,-57.695797,-138.5,8.046074
2003,0,10,-57.695797,-137.5,8.046758
2003,0,11,-57.695797,-136.5,8.047622
2003,0,12,-57.695797,-135.5,8.048644
2003,0,13,-57.695797,-134.5,8.049432
2003,0,14,-57.695797,-133.5,8.050409
2003,0,15,-57.695797,-132.5,8.051242
2003,0,16,-57.695797,-131.5,8.052029
2003,0,17,-57.695797,-130.5,8.052926
2003,0,18,-57.695797,-129.5,8.053521
2003,0,19,-57.695797,-128.5,8.054138
2003,1,0,-57.15743,-147.5,8.042896
2003,1,1,-57.15743,-146.5,8.043723
2003,1,2,-57.15743,-145.5,8.043361
2003,1,3,-57.15743,-144.5,8.042338
2003,1,4,-57.15743,-143.5,8.042965
2003,1,5,-57.15743,-142.5,8.043969
2003,1,6,-57.15743,-141.5,8.044842
2003,1,7,-57.15743,-140.5,8.045989
2003,1,8,-57.15743,-139.5,8.046463
2003,1,9,-57.15743,-138.5,8.04684
2003,1,10,-57.15743,-137.5,8.047258
2003,1,11,-57.15743,-136.5,8.047969
2003,1,12,-57.15743,-135.5,8.048827
2003,1,13,-57.15743,-134.5,8.0496
2003,1,14,-57.15743,-133.5,8.050708
2003,1,15,-57.15743,-132.5,8.0516205
2003,1,16,-57.15743,-131.5,8.052428
2003,1,17,-57.15743,-130.5,8.053323
2003,1,18,-57.15743,-129.5,8.053898
2003,1,19,-57.15743,-128.5,8.0545635
2003,2,0,-56.61111,-147.5,8.042561
2003,2,1,-56.61111,-146.5,8.043354
2003,2,2,-56.61111,-145.5,8.043527
2003,2,3,-56.61111,-144.5,8.043468
2003,2,4,-56.61111,-143.5,8.044677
2003,2,5,-56.61111,-142.5,8.045821
2003,2,6,-56.61111,-141.5,8.046788
2003,2,7,-56.61111,-140.5,8.047874
2003,2,8,-56.61111,-139.5,8.047848
2003,2,9,-56.61111,-138.5,8.047923
2003,2,10,-56.61111,-137.5,8.048081
2003,2,11,-56.61111,-136.5,8.048744
2003,2,12,-56.61111,-135.5,8.049464
2003,2,13,-56.61111,-134.5,8.050189
2003,2,14,-56.61111,-133.5,8.051328
2003,2,15,-56.61111,-132.5,8.052255
2003,2,16,-56.61111,-131.5,8.05303
2003,2,17,-56.61111,-130.5,8.053968
2003,2,18,-56.61111,-129.5,8.054507
2003,2,19,-56.61111,-128.5,8.055156
2003,3,0,-56.05677,-147.5,8.044417
2003,3,1,-56.05677,-146.5,8.045154
2003,3,2,-56.05677,-145.5,8.045623
2003,3,3,-56.05677,-144.5,8.046036
2003,3,4,-56.05677,-143.5,8.047339
2003,3,5,-56.05677,-142.5,8.048263
2003,3,6,-56.05677,-141.5,8.049244
2003,3,7,-56.05677,-140.5,8.049596
2003,3,8,-56.05677,-139.5,8.049563
2003,3,9,-56.05677,-138.5,8.04934
2003,3,10,-56.05677,-137.5,8.049237
2003,3,11,-56.05677,-136.5,8.049773
2003,3,12,-56.05677,-135.5,8.050254
2003,3,13,-56.05677,-134.5,8.050907
2003,3,14,-56.05677,-133.5,8.051965
2003,3,15,-56.05677,-132.5,8.052945
2003,3,16,-56.05677,-131.5,8.0538
2003,3,17,-56.05677,-130.5,8.054759
2003,3,18,-56.05677,-129.5,8.055319
2003,3,19,-56.05677,-128.5,8.055857
2003,4,0,-55.494347,-147.5,8.04731
2003,4,1,-55.494347,-146.5,8.047635
2003,4,2,-55.494347,-145.5,8.048233
2003,4,3,-55.494347,-144.5,8.04857
2003,4,4,-55.494347,-143.5,8.04954
2003,4,5,-55.494347,-142.5,8.050284
2003,4,6,-55.494347,-141.5,8.051168
2003,4,7,-55.494347,-140.5,8.050823
2003,4,8,-55.494347,-139.5,8.050886
2003,4,9,-55.494347,-138.5,8.050629
2003,4,10,-55.494347,-137.5,8.050345
2003,4,11,-55.494347,-136.5,8.0507765
2003,4,12,-55.494347,-135.5,8.05122
2003,4,13,-55.494347,-134.5,8.051829
2003,4,14,-55.494347,-133.5,8.052897
2003,4,15,-55.494347,-132.5,8.053863
2003,4,16,-55.494347,-131.5,8.054645
2003,4,17,-55.494347,-130.5,8.055487
2003,4,18,-55.494347,-129.5,8.056
2003,4,19,-55.494347,-128.5,8.056572
2003,5,0,-54.923775,-147.5,8.050815
2003,5,1,-54.923775,-146.5,8.050995
2003,5,2,-54.923775,-145.5,8.051633
2003,5,3,-54.923775,-144.5,8.05189
2003,5,4,-54.923775,-143.5,8.052421
2003,5,5,-54.923775,-142.5,8.052878
2003,5,6,-54.923775,-141.5,8.053407
2003,5,7,-54.923775,-140.5,8.052926
2003,5,8,-54.923775,-139.5,8.052873
2003,5,9,-54.923775,-138.5,8.052403
2003,5,10,-54.923775,-137.5,8.052041
2003,5,11,-54.923775,-136.5,8.052232
2003,5,12,-54.923775,-135.5,8.052628
2003,5,13,-54.923775,-134.5,8.053078
2003,5,14,-54.923775,-133.5,8.054008
2003,5,15,-54.923775,-132.5,8.054871
2003,5,16,-54.923775,-131.5,8.05551
2003,5,17,-54.923775,-130.5,8.0561075
2003,5,18,-54.923775,-129.5,8.056613
2003,5,19,-54.923775,-128.5,8.056959
2003,6,0,-54.344994,-147.5,8.052772
2003,6,1,-54.344994,-146.5,8.0529
2003,6,2,-54.344994,-145.5,8.053415
2003,6,3,-54.344994,-144.5,8.05354
2003,6,4,-54.344994,-143.5,8.053888
2003,6,5,-54.344994,-142.5,8.054278
2003,6,6,-54.344994,-141.5,8.0545225
2003,6,7,-54.344994,-140.5,8.054306
2003,6,8,-54.344994,-139.5,8.054352
2003,6,9,-54.344994,-138.5,8.053976
2003,6,10,-54.344994,-137.5,8.053633
2003,6,11,-54.344994,-136.5,8.053703
2003,6,12,-54.344994,-135.5,8.05399
2003,6,13,-54.344994,-134.5,8.054311
2003,6,14,-54.344994,-133.5,8.055127
2003,6,15,-54.344994,-132.5,8.055852
2003,6,16,-54.344994,-131.5,8.056508
2003,6,17,-54.344994,-130.5,8.057085
2003,6,18,-54.344994,-129.5,8.0575285
2003,6,19,-54.344994,-128.5,8.057709
2003,7,0,-53.75795,-147.5,8.054473
2003,7,1,-53.75795,-146.5,8.054673
2003,7,2,-53.75795,-145.5,8.05524
2003,7,3,-53.75795,-144.5,8.055459
2003,7,4,-53.75795,-143.5,8.0557995
2003,7,5,-53.75795,-142.5,8.056134
2003,7,6,-53.75795,-141.5,8.056294
2003,7,7,-53.75795,-140.5,8.056107
2003,7,8,-53.75795,-139.5,8.056171
2003,7,9,-53.75795,-138.5,8.055861
2003,7,10,-53.75795,-137.5,8.055506
2003,7,11,-53.75795,-136.5,8.055507
2003,7,12,-53.75795,-135.5,8.055685
2003,7,13,-53.75795,-134.5,8.055888
2003,7,14,-53.75795,-133.5,8.056483
2003,7,15,-53.75795,-132.5,8.056999
2003,7,16,-53.75795,-131.5,8.057555
2003,7,17,-53.75795,-130.5,8.058045
2003,7,18,-53.75795,-129.5,8.058293
2003,7,19,-53.75795,-128.5,8.058307
2003,8,0,-53.162582,-147.5,8.055753
2003,8,1,-53.162582,-146.5,8.056088
2003,8,2,-53.162582,-145.5,8.05673
2003,8,3,-53.162582,-144.5,8.057083
2003,8,4,-53.162582,-143.5,8.057485
2003,8,5,-53.162582,-142.5,8.057872
2003,8,6,-53.162582,-141.5,8.058058
2003,8,7,-53.162582,-140.5,8.05783
2003,8,8,-53.162582,-139.5,8.057957
2003,8,9,-53.162582,-138.5,8.057735
2003,8,10,-53.162582,-137.5,8.057425
2003,8,11,-53.162582,-136.5,8.057377
2003,8,12,-53.162582,-135.5,8.057391
2003,8,13,-53.162582,-134.5,8.057487
2003,8,14,-53.162582,-133.5,8.057934
2003,8,15,-53.162582,-132.5,8.058329
2003,8,16,-53.162582,-131.5,8.058755
2003,8,17,-53.162582,-130.5,8.059081
2003,8,18,-53.162582,-129.5,8.059101
2003,8,19,-53.162582,-128.5,8.058993
2003,9,0,-52.558838,-147.5,8.057618
2003,9,1,-52.558838,-146.5,8.058025
2003,9,2,-52.558838,-145.5,8.058579
2003,9,3,-52.558838,-144.5,8.058996
2003,9,4,-52.558838,-143.5,8.059342
2003,9,5,-52.558838,-142.5,8.059587
2003,9,6,-52.558838,-141.5,8.059801
2003,9,7,-52.558838,-140.5,8.059599
2003,9,8,-52.558838,-139.5,8.059634
2003,9,9,-52.558838,-138.5,8.059517
2003,9,10,-52.558838,-137.5,8.059341
2003,9,11,-52.558838,-136.5,8.05928
2003,9,12,-52.558838,-135.5,8.05914
2003,9,13,-52.558838,-134.5,8.059207
2003,9,14,-52.558838,-133.5,8.059441
2003,9,15,-52.558838,-132.5,8.059646
2003,9,16,-52.558838,-131.5,8.059869
2003,9,17,-52.558838,-130.5,8.059878
2003,9,18,-52.558838,-129.5,8.059761
2003,9,19,-52.558838,-128.5,8.059553
2003,10,0,-51.946674,-147.5,8.05959
2003,10,1,-51.946674,-146.5,8.060034
2003,10,2,-51.946674,-145.5,8.060441
2003,10,3,-51.946674,-144.5,8.060849
2003,10,4,-51.946674,-143.5,8.061187
2003,10,5,-51.946674,-142.5,8.061401
2003,10,6,-51.946674,-141.5,8.061626
2003,10,7,-51.946674,-140.5,8.061397
2003,10,8,-51.946674,-139.5,8.0614195
2003,10,9,-51.946674,-138.5,8.061242
2003,10,10,-51.946674,-137.5,8.061044
2003,10,11,-51.946674,-136.5,8.061032
2003,10,12,-51.946674,-135.5,8.06075
2003,10,13,-51.946674,-134.5,8.060739
2003,10,14,-51.946674,-133.5,8.060813
2003,10,15,-51.946674,-132.5,8.060809
2003,10,16,-51.946674,-131.5,8.060817
2003,10,17,-51.946674,-130.5,8.060484
2003,10,18,-51.946674,-129.5,8.0603
2003,10,19,-51.946674,-128.5,8.060058
2003,11,0,-51.326035,-147.5,8.061663
2003,11,1,-51.326035,-146.5,8.062064
2003,11,2,-51.326035,-145.5,8.062422
2003,11,3,-51.326035,-144.5,8.062783
2003,11,4,-51.326035,-143.5,8.063006
2003,11,5,-51.326035,-142.5,8.063072
2003,11,6,-51.326035,-141.5,8.063283
2003,11,7,-51.326035,-140.5,8.0630865
2003,11,8,-51.326035,-139.5,8.063096
2003,11,9,-51.326035,-138.5,8.062908
2003,11,10,-51.326035,-137.5,8.0626955
2003,11,11,-51.326035,-136.5,8.062688
2003,11,12,-51.326035,-135.5,8.0622835
2003,11,13,-51.326035,-134.5,8.062122
2003,11,14,-51.326035,-133.5,8.061996
2003,11,15,-51.326035,-132.5,8.061802
2003,11,16,-51.326035,-131.5,8.0616045
2003,11,17,-51.326035,-130.5,8.06111
2003,11,18,-51.326035,-129.5,8.060906
2003,11,19,-51.326035,-128.5,8.060597
2003,12,0,-50.696884,-147.5,8.063832
2003,12,1,-50.696884,-146.5,8.064069
2003,12,2,-50.696884,-145.5,8.064253
2003,12,3,-50.696884,-144.5,8.064495
2003,12,4,-50.696884,-143.5,8.064585
2003,12,5,-50.696884,-142.5,8.064502
2003,12,6,-50.696884,-141.5,8.064598
2003,12,7,-50.696884,-140.5,8.06428
2003,12,8,-50.696884,-139.5,8.064237
2003,12,9,-50.696884,-138.5,8.064012
2003,12,10,-50.696884,-137.5,8.063707
2003,12,11,-50.696884,-136.5,8.063665
2003,12,12,-50.696884,-135.5,8.063249
2003,12,13,-50.696884,-134.5,8.062959
2003,12,14,-50.696884,-133.5,8.062671
2003,12,15,-50.696884,-132.5,8.062321
2003,12,16,-50.696884,-131.5,8.062067
2003,12,17,-50.696884,-130.5,8.0616045
2003,12,18,-50.696884,-129.5,8.061352
2003,12,19,-50.696884,-128.5,8.061004
2003,13,0,-50.059177,-147.5,8.065711
2003,13,1,-50.059177,-146.5,8.0658
2003,13,2,-50.059177,-145.5,8.065797
2003,13,3,-50.059177,-144.5,8.065904
2003,13,4,-50.059177,-143.5,8.065905
2003,13,5,-50.059177,-142.5,8.065731
2003,13,6,-50.059177,-141.5,8.065679
2003,13,7,-50.059177,-140.5,8.065305
2003,13,8,-50.059177,-139.5,8.065142
2003,13,9,-50.059177,-138.5,8.064763
2003,13,10,-50.059177,-137.5,8.064332
2003,13,11,-50.059177,-136.5,8.064202
2003,13,12,-50.059177,-135.5,8.063757
2003,13,13,-50.059177,-134.5,8.063441
2003,13,14,-50.059177,-133.5,8.063075
2003,13,15,-50.059177,-132.5,8.0626745
2003,13,16,-50.059177,-131.5,8.062488
2003,13,17,-50.059177,-130.5,8.062138
2003,13,18,-50.059177,-129.5,8.061956
2003,13,19,-50.059177,-128.5,8.061559
2003,14,0,-49.41288,-147.5,8.06714
2003,14,1,-49.41288,-146.5,8.067124
2003,14,2,-49.41288,-145.5,8.066884
2003,14,3,-49.41288,-144.5,8.066947
2003,14,4,-49.41288,-143.5,8.066773
2003,14,5,-49.41288,-142.5,8.066465
2003,14,6,-49.41288,-141.5,8.066291
2003,14,7,-49.41288,-140.5,8.065806
2003,14,8,-49.41288,-139.5,8.06558
2003,14,9,-49.41288,-138.5,8.065114
2003,14,10,-49.41288,-137.5,8.064575
2003,14,11,-49.41288,-136.5,8.064363
2003,14,12,-49.41288,-135.5,8.063806
2003,14,13,-49.41288,-134.5,8.063573
2003,14,14,-49.41288,-133.5,8.063104
2003,14,15,-49.41288,-132.5,8.062627
2003,14,16,-49.41288,-131.5,8.062484
2003,14,17,-49.41288,-130.5,8.062399
2003,14,18,-49.41288,-129.5,8.062315
2003,14,19,-49.41288,-128.5,8.061992
2003,15,0,-48.757957,-147.5,8.06832
2003,15,1,-48.757957,-146.5,8.068248
2003,15,2,-48.757957,-145.5,8.067861
2003,15,3,-48.757957,-144.5,8.067847
2003,15,4,-48.757957,-143.5,8.067498
2003,15,5,-48.757957,-142.5,8.067058
2003,15,6,-48.757957,-141.5,8.066787
2003,15,7,-48.757957,-140.5,8.06614
2003,15,8,-48.757957,-139.5,8.065842
2003,15,9,-48.757957,-138.5,8.065387
2003,15,10,-48.757957,-137.5,8.064856
2003,15,11,-48.757957,-136.5,8.064601
2003,15,12,-48.757957,-135.5,8.064093
2003,15,13,-48.757957,-134.5,8.063812
2003,15,14,-48.757957,-133.5,8.063378
2003,15,15,-48.757957,-132.5,8.062956
2003,15,16,-48.757957,-131.5,8.06278
2003,15,17,-48.757957,-130.5,8.062671
2003,15,18,-48.757957,-129.5,8.062685
2003,15,19,-48.757957,-128.5,8.062384
2003,16,0,-48.094387,-147.5,8.068893
2003,16,1,-48.094387,-146.5,8.0687895
2003,16,2,-48.094387,-145.5,8.068385
2003,16,3,-48.094387,-144.5,8.068202
2003,16,4,-48.094387,-143.5,8.067734
2003,16,5,-48.094387,-142.5,8.06721
2003,16,6,-48.094387,-141.5,8.066882
2003,16,7,-48.094387,-140.5,8.06607
2003,16,8,-48.094387,-139.5,8.06557
2003,16,9,-48.094387,-138.5,8.065225
2003,16,10,-48.094387,-137.5,8.064792
2003,16,11,-48.094387,-136.5,8.064622
2003,16,12,-48.094387,-135.5,8.064237
2003,16,13,-48.094387,-134.5,8.063939
2003,16,14,-48.094387,-133.5,8.063615
2003,16,15,-48.094387,-132.5,8.063302
2003,16,16,-48.094387,-131.5,8.0631485
2003,16,17,-48.094387,-130.5,8.063006
2003,16,18,-48.094387,-129.5,8.062964
2003,16,19,-48.094387,-128.5,8.062632
2003,17,0,-47.422142,-147.5,8.069131
2003,17,1,-47.422142,-146.5,8.068939
2003,17,2,-47.422142,-145.5,8.06837
2003,17,3,-47.422142,-144.5,8.068023
2003,17,4,-47.422142,-143.5,8.067598
2003,17,5,-47.422142,-142.5,8.067044
2003,17,6,-47.422142,-141.5,8.06667
2003,17,7,-47.422142,-140.5,8.06586
2003,17,8,-47.422142,-139.5,8.065301
2003,17,9,-47.422142,-138.5,8.064984
2003,17,10,-47.422142,-137.5,8.0646305
2003,17,11,-47.422142,-136.5,8.064494
2003,17,12,-47.422142,-135.5,8.064181
2003,17,13,-47.422142,-134.5,8.063962
2003,17,14,-47.422142,-133.5,8.063764
2003,17,15,-47.422142,-132.5,8.063525
2003,17,16,-47.422142,-131.5,8.063403
2003,17,17,-47.422142,-130.5,8.063235
2003,17,18,-47.422142,-129.5,8.063195
2003,17,19,-47.422142,-128.5,8.06291
2003,18,0,-46.7412,-147.5,8.069049
2003,18,1,-46.7412,-146.5,8.068805
2003,18,2,-46.7412,-145.5,8.068156
2003,18,3,-46.7412,-144.5,8.067752
2003,18,4,-46.7412,-143.5,8.067342
2003,18,5,-46.7412,-142.5,8.066724
2003,18,6,-46.7412,-141.5,8.066304
2003,18,7,-46.7412,-140.5,8.065597
2003,18,8,-46.7412,-139.5,8.065028
2003,18,9,-46.7412,-138.5,8.064881
2003,18,10,-46.7412,-137.5,8.064626
2003,18,11,-46.7412,-136.5,8.064486
2003,18,12,-46.7412,-135.5,8.0642
2003,18,13,-46.7412,-134.5,8.06392
2003,18,14,-46.7412,-133.5,8.063782
2003,18,15,-46.7412,-132.5,8.063565
2003,18,16,-46.7412,-131.5,8.063495
2003,18,17,-46.7412,-130.5,8.063338
2003,18,18,-46.7412,-129.5,8.06327
2003,18,19,-46.7412,-128.5,8.063025
2003,19,0,-46.051548,-147.5,8.068226
2003,19,1,-46.051548,-146.5,8.068093
2003,19,2,-46.051548,-145.5,8.067433
2003,19,3,-46.051548,-144.5,8.067051
2003,19,4,-46.051548,-143.5,8.06663
2003,19,5,-46.051548,-142.5,8.066016
2003,19,6,-46.051548,-141.5,8.065574
2003,19,7,-46.051548,-140.5,8.065
2003,19,8,-46.051548,-139.5,8.064556
2003,19,9,-46.051548,-138.5,8.06447
2003,19,10,-46.051548,-137.5,8.064189
2003,19,11,-46.051548,-136.5,8.064102
2003,19,12,-46.051548,-135.5,8.064092
2003,19,13,-46.051548,-134.5,8.063907
2003,19,14,-46.051548,-133.5,8.063943
2003,19,15,-46.051548,-132.5,8.06395
2003,19,16,-46.051548,-131.5,8.063952
2003,19,17,-46.051548,-130.5,8.063908
2003,19,18,-46.051548,-129.5,8.063854
2003,19,19,-46.051548,-128.5,8.063769
2004,0,0,-57.695797,-147.5,8.045989
2004,0,1,-57.695797,-146.5,8.04635
2004,0,2,-57.695797,-145.5,8.047544
2004,0,3,-57.695797,-144.5,8.047679
2004,0,4,-57.695797,-143.5,8.048736
2004,0,5,-57.695797,-142.5,8.049595
2004,0,6,-57.695797,-141.5,8.050044
2004,0,7,-57.695797,-140.5,8.051162
2004,0,8,-57.695797,-139.5,8.0519905
2004,0,9,-57.695797,-138.5,8.052929
2004,0,10,-57.695797,-137.5,8.054028
2004,0,11,-57.695797,-136.5,8.055314
2004,0,12,-57.695797,-135.5,8.056321
2004,0,13,-57.695797,-134.5,8.056376
2004,0,14,-57.695797,-133.5,8.056983
2004,0,15,-57.695797,-132.5,8.057557
2004,0,16,-57.695797,-131.5,8.057876
2004,0,17,-57.695797,-130.5,8.058387
2004,0,18,-57.695797,-129.5,8.0589485
2004,0,19,-57.695797,-128.5,8.059266
2004,1,0,-57.15743,-147.5,8.046377
2004,1,1,-57.15743,-146.5,8.04728
2004,1,2,-57.15743,-145.5,8.048301
2004,1,3,-57.15743,-144.5,8.048524
2004,1,4,-57.15743,-143.5,8.049378
2004,1,5,-57.15743,-142.5,8.05
2004,1,6,-57.15743,-141.5,8.050301
2004,1,7,-57.15743,-140.5,8.051342
2004,1,8,-57.15743,-139.5,8.052098
2004,1,9,-57.15743,-138.5,8.052883
2004,1,10,-57.15743,-137.5,8.053832
2004,1,11,-57.15743,-136.5,8.055028
2004,1,12,-57.15743,-135.5,8.056022
2004,1,13,-57.15743,-134.5,8.056017
2004,1,14,-57.15743,-133.5,8.05677
2004,1,15,-57.15743,-132.5,8.0574875
2004,1,16,-57.15743,-131.5,8.057812
2004,1,17,-57.15743,-130.5,8.058476
2004,1,18,-57.15743,-129.5,8.059222
2004,1,19,-57.15743,-128.5,8.059649
2004,2,0,-56.61111,-147.5,8.046032
2004,2,1,-56.61111,-146.5,8.047293
2004,2,2,-56.61111,-145.5,8.048486
2004,2,3,-56.61111,-144.5,8.048803
2004,2,4,-56.61111,-143.5,8.049495
2004,2,5,-56.61111,-142.5,8.050042
2004,2,6,-56.61111,-141.5,8.050389
2004,2,7,-56.61111,-140.5,8.051273
2004,2,8,-56.61111,-139.5,8.052018
2004,2,9,-56.61111,-138.5,8.052757
2004,2,10,-56.61111,-137.5,8.05373
2004,2,11,-56.61111,-136.5,8.05478
2004,2,12,-56.61111,-135.5,8.055689
2004,2,13,-56.61111,-134.5,8.05573
2004,2,14,-56.61111,-133.5,8.056442
2004,2,15,-56.61111,-132.5,8.057092
2004,2,16,-56.61111,-131.5,8.057591
2004,2,17,-56.61111,-130.5,8.058475
2004,2,18,-56.61111,-129.5,8.059285
2004,2,19,-56.61111,-128.5,8.059768
2004,3,0,-56.05677,-147.5,8.047321
2004,3,1,-56.05677,-146.5,8.048448
2004,3,2,-56.05677,-145.5,8.049471
2004,3,3,-56.05677,-144.5,8.049569
2004,3,4,-56.05677,-143.5,8.050131
2004,3,5,-56.05677,-142.5,8.050534
2004,3,6,-56.05677,-141.5,8.051109
2004,3,7,-56.05677,-140.5,8.051646
2004,3,8,-56.05677,-139.5,8.052197
2004,3,9,-56.05677,-138.5,8.052913
2004,3,10,-56.05677,-137.5,8.0537405
2004,3,11,-56.05677,-136.5,8.054477
2004,3,12,-56.05677,-135.5,8.055241
2004,3,13,-56.05677,-134.5,8.055401
2004,3,14,-56.05677,-133.5,8.056027
2004,3,15,-56.05677,-132.5,8.056756
2004,3,16,-56.05677,-131.5,8.057426
2004,3,17,-56.05677,-130.5,8.058471
2004,3,18,-56.05677,-129.5,8.059323
2004,3,19,-56.05677,-128.5,8.059821
2004,4,0,-55.494347,-147.5,8.048715
2004,4,1,-55.494347,-146.5,8.0493355
2004,4,2,-55.494347,-145.5,8.0500345
2004,4,3,-55.494347,-144.5,8.050102
2004,4,4,-55.494347,-143.5,8.050584
2004,4,5,-55.494347,-142.5,8.051128
2004,4,6,-55.494347,-141.5,8.0518465
2004,4,7,-55.494347,-140.5,8.051942
2004,4,8,-55.494347,-139.5,8.052426
2004,4,9,-55.494347,-138.5,8.052932
2004,4,10,-55.494347,-137.5,8.053493
2004,4,11,-55.494347,-136.5,8.05417
2004,4,12,-55.494347,-135.5,8.054962
2004,4,13,-55.494347,-134.5,8.055205
2004,4,14,-55.494347,-133.5,8.055791
2004,4,15,-55.494347,-132.5,8.056652
2004,4,16,-55.494347,-131.5,8.057457
2004,4,17,-55.494347,-130.5,8.058597
2004,4,18,-55.494347,-129.5,8.059441
2004,4,19,-55.494347,-128.5,8.059943
2004,5,0,-54.923775,-147.5,8.051027
2004,5,1,-54.923775,-146.5,8.05148
2004,5,2,-54.923775,-145.5,8.0521145
2004,5,3,-54.923775,-144.5,8.052283
2004,5,4,-54.923775,-143.5,8.0527115
2004,5,5,-54.923775,-142.5,8.053188
2004,5,6,-54.923775,-141.5,8.053673
2004,5,7,-54.923775,-140.5,8.053521
2004,5,8,-54.923775,-139.5,8.053752
2004,5,9,-54.923775,-138.5,8.053721
2004,5,10,-54.923775,-137.5,8.053905
2004,5,11,-54.923775,-136.5,8.054348
2004,5,12,-54.923775,-135.5,8.055045
2004,5,13,-54.923775,-134.5,8.055215
2004,5,14,-54.923775,-133.5,8.055856
2004,5,15,-54.923775,-132.5,8.056764
2004,5,16,-54.923775,-131.5,8.057609
2004,5,17,-54.923775,-130.5,8.05874
2004,5,18,-54.923775,-129.5,8.059591
2004,5,19,-54.923775,-128.5,8.059838
2004,6,0,-54.344994,-147.5,8.05243
2004,6,1,-54.344994,-146.5,8.052748
2004,6,2,-54.344994,-145.5,8.0533085
2004,6,3,-54.344994,-144.5,8.053425
2004,6,4,-54.344994,-143.5,8.05389
2004,6,5,-54.344994,-142.5,8.0544195
2004,6,6,-54.344994,-141.5,8.054774
2004,6,7,-54.344994,-140.5,8.054662
2004,6,8,-54.344994,-139.5,8.054888
2004,6,9,-54.344994,-138.5,8.054746
2004,6,10,-54.344994,-137.5,8.054695
2004,6,11,-54.344994,-136.5,8.054873
2004,6,12,-54.344994,-135.5,8.05546
2004,6,13,-54.344994,-134.5,8.055675
2004,6,14,-54.344994,-133.5,8.056406
2004,6,15,-54.344994,-132.5,8.057265
2004,6,16,-54.344994,-131.5,8.058133
2004,6,17,-54.344994,-130.5,8.059255
2004,6,18,-54.344994,-129.5,8.060029
2004,6,19,-54.344994,-128.5,8.060063
2004,7,0,-53.75795,-147.5,8.05437
2004,7,1,-53.75795,-146.5,8.054681
2004,7,2,-53.75795,-145.5,8.055161
2004,7,3,-53.75795,-144.5,8.0553255
2004,7,4,-53.75795,-143.5,8.055794
2004,7,5,-53.75795,-142.5,8.056063
2004,7,6,-53.75795,-141.5,8.056323
2004,7,7,-53.75795,-140.5,8.056125
2004,7,8,-53.75795,-139.5,8.056199
2004,7,9,-53.75795,-138.5,8.056079
2004,7,10,-53.75795,-137.5,8.055961
2004,7,11,-53.75795,-136.5,8.056011
2004,7,12,-53.75795,-135.5,8.056426
2004,7,13,-53.75795,-134.5,8.05665
2004,7,14,-53.75795,-133.5,8.05715
2004,7,15,-53.75795,-132.5,8.057889
2004,7,16,-53.75795,-131.5,8.058589
2004,7,17,-53.75795,-130.5,8.059465
2004,7,18,-53.75795,-129.5,8.06016
2004,7,19,-53.75795,-128.5,8.060023
2004,8,0,-53.162582,-147.5,8.056115
2004,8,1,-53.162582,-146.5,8.056455
2004,8,2,-53.162582,-145.5,8.056915
2004,8,3,-53.162582,-144.5,8.057102
2004,8,4,-53.162582,-143.5,8.057521
2004,8,5,-53.162582,-142.5,8.05774
2004,8,6,-53.162582,-141.5,8.057885
2004,8,7,-53.162582,-140.5,8.057672
2004,8,8,-53.162582,-139.5,8.057694
2004,8,9,-53.162582,-138.5,8.057595
2004,8,10,-53.162582,-137.5,8.057462
2004,8,11,-53.162582,-136.5,8.057408
2004,8,12,-53.162582,-135.5,8.057609
2004,8,13,-53.162582,-134.5,8.057642
2004,8,14,-53.162582,-133.5,8.058109
2004,8,15,-53.162582,-132.5,8.058749
2004,8,16,-53.162582,-131.5,8.059229
2004,8,17,-53.162582,-130.5,8.059899
2004,8,18,-53.162582,-129.5,8.060391
2004,8,19,-53.162582,-128.5,8.060229
2004,9,0,-52.558838,-147.5,8.058216
2004,9,1,-52.558838,-146.5,8.058547
2004,9,2,-52.558838,-145.5,8.058917
2004,9,3,-52.558838,-144.5,8.059136
2004,9,4,-52.558838,-143.5,8.059489
2004,9,5,-52.558838,-142.5,8.059639
2004,9,6,-52.558838,-141.5,8.059674
2004,9,7,-52.558838,-140.5,8.059463
2004,9,8,-52.558838,-139.5,8.059396
2004,9,9,-52.558838,-138.5,8.059209
2004,9,10,-52.558838,-137.5,8.059065
2004,9,11,-52.558838,-136.5,8.058972
2004,9,12,-52.558838,-135.5,8.059017
2004,9,13,-52.558838,-134.5,8.0589905
2004,9,14,-52.558838,-133.5,8.059234
2004,9,15,-52.558838,-132.5,8.059599
2004,9,16,-52.558838,-131.5,8.059821
2004,9,17,-52.558838,-130.5,8.060282
2004,9,18,-52.558838,-129.5,8.060599
2004,9,19,-52.558838,-128.5,8.060344
2004,10,0,-51.946674,-147.5,8.060319
2004,10,1,-51.946674,-146.5,8.06063
2004,10,2,-51.946674,-145.5,8.060868
2004,10,3,-51.946674,-144.5,8.061081
2004,10,4,-51.946674,-143.5,8.061299
2004,10,5,-51.946674,-142.5,8.061398
2004,10,6,-51.946674,-141.5,8.061362
2004,10,7,-51.946674,-140.5,8.061095
2004,10,8,-51.946674,-139.5,8.060966
2004,10,9,-51.946674,-138.5,8.060729
2004,10,10,-51.946674,-137.5,8.06047
2004,10,11,-51.946674,-136.5,8.060349
2004,10,12,-51.946674,-135.5,8.060299
2004,10,13,-51.946674,-134.5,8.06019
2004,10,14,-51.946674,-133.5,8.060247
2004,10,15,-51.946674,-132.5,8.060356
2004,10,16,-51.946674,-131.5,8.060333
2004,10,17,-51.946674,-130.5,8.060612
2004,10,18,-51.946674,-129.5,8.060841
2004,10,19,-51.946674,-128.5,8.060454
2004,11,0,-51.326035,-147.5,8.062422
2004,11,1,-51.326035,-146.5,8.062652
2004,11,2,-51.326035,-145.5,8.062732
2004,11,3,-51.326035,-144.5,8.062805
2004,11,4,-51.326035,-143.5,8.062883
2004,11,5,-51.326035,-142.5,8.062804
2004,11,6,-51.326035,-141.5,8.062825
2004,11,7,-51.326035,-140.5,8.062596
2004,11,8,-51.326035,-139.5,8.062446
2004,11,9,-51.326035,-138.5,8.062108
2004,11,10,-51.326035,-137.5,8.06181
2004,11,11,-51.326035,-136.5,8.061597
2004,11,12,-51.326035,-135.5,8.061328
2004,11,13,-51.326035,-134.5,8.061034
2004,11,14,-51.326035,-133.5,8.061
2004,11,15,-51.326035,-132.5,8.060927
2004,11,16,-51.326035,-131.5,8.060755
2004,11,17,-51.326035,-130.5,8.060881
2004,11,18,-51.326035,-129.5,8.061066
2004,11,19,-51.326035,-128.5,8.060611
2004,12,0,-50.696884,-147.5,8.064361
2004,12,1,-50.696884,-146.5,8.064469
2004,12,2,-50.696884,-145.5,8.06443
2004,12,3,-50.696884,-144.5,8.064442
2004,12,4,-50.696884,-143.5,8.064269
2004,12,5,-50.696884,-142.5,8.064046
2004,12,6,-50.696884,-141.5,8.063952
2004,12,7,-50.696884,-140.5,8.063636
2004,12,8,-50.696884,-139.5,8.063423
2004,12,9,-50.696884,-138.5,8.0631075
2004,12,10,-50.696884,-137.5,8.062784
2004,12,11,-50.696884,-136.5,8.062471
2004,12,12,-50.696884,-135.5,8.061961
2004,12,13,-50.696884,-134.5,8.06166
2004,12,14,-50.696884,-133.5,8.061573
2004,12,15,-50.696884,-132.5,8.061414
2004,12,16,-50.696884,-131.5,8.061223
2004,12,17,-50.696884,-130.5,8.061271
2004,12,18,-50.696884,-129.5,8.061327
2004,12,19,-50.696884,-128.5,8.060771
2004,13,0,-50.059177,-147.5,8.066145
2004,13,1,-50.059177,-146.5,8.066188
2004,13,2,-50.059177,-145.5,8.06597
2004,13,3,-50.059177,-144.5,8.065792
2004,13,4,-50.059177,-143.5,8.065458
2004,13,5,-50.059177,-142.5,8.0651045
2004,13,6,-50.059177,-141.5,8.064862
2004,13,7,-50.059177,-140.5,8.064494
2004,13,8,-50.059177,-139.5,8.064209
2004,13,9,-50.059177,-138.5,8.063839
2004,13,10,-50.059177,-137.5,8.0634
2004,13,11,-50.059177,-136.5,8.063076
2004,13,12,-50.059177,-135.5,8.062503
2004,13,13,-50.059177,-134.5,8.0621605
2004,13,14,-50.059177,-133.5,8.061982
2004,13,15,-50.059177,-132.5,8.061902
2004,13,16,-50.059177,-131.5,8.061704
2004,13,17,-50.059177,-130.5,8.061597
2004,13,18,-50.059177,-129.5,8.061603
2004,13,19,-50.059177,-128.5,8.061051
2004,14,0,-49.41288,-147.5,8.067429
2004,14,1,-49.41288,-146.5,8.067396
2004,14,2,-49.41288,-145.5,8.06701
2004,14,3,-49.41288,-144.5,8.066673
2004,14,4,-49.41288,-143.5,8.066346
2004,14,5,-49.41288,-142.5,8.065912
2004,14,6,-49.41288,-141.5,8.065522
2004,14,7,-49.41288,-140.5,8.0650425
2004,14,8,-49.41288,-139.5,8.0646715
2004,14,9,-49.41288,-138.5,8.064134
2004,14,10,-49.41288,-137.5,8.063667
2004,14,11,-49.41288,-136.5,8.063337
2004,14,12,-49.41288,-135.5,8.062579
2004,14,13,-49.41288,-134.5,8.062195
2004,14,14,-49.41288,-133.5,8.062188
2004,14,15,-49.41288,-132.5,8.062115
2004,14,16,-49.41288,-131.5,8.061954
2004,14,17,-49.41288,-130.5,8.061789
2004,14,18,-49.41288,-129.5,8.061717
2004,14,19,-49.41288,-128.5,8.061219
2004,15,0,-48.757957,-147.5,8.068171
2004,15,1,-48.757957,-146.5,8.068029
2004,15,2,-48.757957,-145.5,8.067491
2004,15,3,-48.757957,-144.5,8.067111
2004,15,4,-48.757957,-143.5,8.066735
2004,15,5,-48.757957,-142.5,8.066273
2004,15,6,-48.757957,-141.5,8.06573
2004,15,7,-48.757957,-140.5,8.065016
2004,15,8,-48.757957,-139.5,8.0645
2004,15,9,-48.757957,-138.5,8.063958
2004,15,10,-48.757957,-137.5,8.063365
2004,15,11,-48.757957,-136.5,8.063068
2004,15,12,-48.757957,-135.5,8.062674
2004,15,13,-48.757957,-134.5,8.062461
2004,15,14,-48.757957,-133.5,8.062551
2004,15,15,-48.757957,-132.5,8.062464
2004,15,16,-48.757957,-131.5,8.062281
2004,15,17,-48.757957,-130.5,8.0620165
2004,15,18,-48.757957,-129.5,8.061893
2004,15,19,-48.757957,-128.5,8.061385
2004,16,0,-48.094387,-147.5,8.068516
2004,16,1,-48.094387,-146.5,8.068346
2004,16,2,-48.094387,-145.5,8.067779
2004,16,3,-48.094387,-144.5,8.067394
2004,16,4,-48.094387,-143.5,8.066979
2004,16,5,-48.094387,-142.5,8.0663805
2004,16,6,-48.094387,-141.5,8.06569
2004,16,7,-48.094387,-140.5,8.064743
2004,16,8,-48.094387,-139.5,8.064161
2004,16,9,-48.094387,-138.5,8.0634575
2004,16,10,-48.094387,-137.5,8.062787
2004,16,11,-48.094387,-136.5,8.062642
2004,16,12,-48.094387,-135.5,8.062537
2004,16,13,-48.094387,-134.5,8.062446
2004,16,14,-48.094387,-133.5,8.0626135
2004,16,15,-48.094387,-132.5,8.062501
2004,16,16,-48.094387,-131.5,8.062329
2004,16,17,-48.094387,-130.5,8.061951
2004,16,18,-48.094387,-129.5,8.061682
2004,16,19,-48.094387,-128.5,8.061225
2004,17,0,-47.422142,-147.5,8.068456
2004,17,1,-47.422142,-146.5,8.068264
2004,17,2,-47.422142,-145.5,8.067795
2004,17,3,-47.422142,-144.5,8.067377
2004,17,4,-47.422142,-143.5,8.066897
2004,17,5,-47.422142,-142.5,8.066308
2004,17,6,-47.422142,-141.5,8.065522
2004,17,7,-47.422142,-140.5,8.064353
2004,17,8,-47.422142,-139.5,8.063727
2004,17,9,-47.422142,-138.5,8.063106
2004,17,10,-47.422142,-137.5,8.062537
2004,17,11,-47.422142,-136.5,8.062489
2004,17,12,-47.422142,-135.5,8.06259
2004,17,13,-47.422142,-134.5,8.062584
2004,17,14,-47.422142,-133.5,8.062624
2004,17,15,-47.422142,-132.5,8.062406
2004,17,16,-47.422142,-131.5,8.062157
2004,17,17,-47.422142,-130.5,8.061938
2004,17,18,-47.422142,-129.5,8.061734
2004,17,19,-47.422142,-128.5,8.061453
2004,18,0,-46.7412,-147.5,8.068113
2004,18,1,-46.7412,-146.5,8.067813
2004,18,2,-46.7412,-145.5,8.067298
2004,18,3,-46.7412,-144.5,8.066782
2004,18,4,-46.7412,-143.5,8.066239
2004,18,5,-46.7412,-142.5,8.065652
2004,18,6,-46.7412,-141.5,8.064931
2004,18,7,-46.7412,-140.5,8.0638075
2004,18,8,-46.7412,-139.5,8.063149
2004,18,9,-46.7412,-138.5,8.062826
2004,18,10,-46.7412,-137.5,8.062442
2004,18,11,-46.7412,-136.5,8.062496
2004,18,12,-46.7412,-135.5,8.06269
2004,18,13,-46.7412,-134.5,8.06264
2004,18,14,-46.7412,-133.5,8.062554
2004,18,15,-46.7412,-132.5,8.062234
2004,18,16,-46.7412,-131.5,8.061948
2004,18,17,-46.7412,-130.5,8.061702
2004,18,18,-46.7412,-129.5,8.0616045
2004,18,19,-46.7412,-128.5,8.061606
2004,19,0,-46.051548,-147.5,8.067048
2004,19,1,-46.051548,-146.5,8.066629
2004,19,2,-46.051548,-145.5,8.06626
2004,19,3,-46.051548,-144.5,8.065727
2004,19,4,-46.051548,-143.5,8.065303
2004,19,5,-46.051548,-142.5,8.065023
2004,19,6,-46.051548,-141.5,8.064383
2004,19,7,-46.051548,-140.5,8.063445
2004,19,8,-46.051548,-139.5,8.062877
2004,19,9,-46.051548,-138.5,8.062839
2004,19,10,-46.051548,-137.5,8.062636
2004,19,11,-46.051548,-136.5,8.062728
2004,19,12,-46.051548,-135.5,8.062938
2004,19,13,-46.051548,-134.5,8.062952
2004,19,14,-46.051548,-133.5,8.062795
2004,19,15,-46.051548,-132.5,8.06256
2004,19,16,-46.051548,-131.5,8.062183
2004,19,17,-46.051548,-130.5,8.061826
2004,19,18,-46.051548,-129.5,8.061763
2004,19,19,-46.051548,-128.5,8.061841
2005,0,0,-57.695797,-147.5,8.044688
2005,0,1,-57.695797,-146.5,8.04503
2005,0,2,-57.695797,-145.5,8.045722
2005,0,3,-57.695797,-144.5,8.045838
2005,0,4,-57.695797,-143.5,8.047088
2005,0,5,-57.695797,-142.5,8.048127
2005,0,6,-57.695797,-141.5,8.048787
2005,0,7,-57.695797,-140.5,8.049668
2005,0,8,-57.695797,-139.5,8.050416
2005,0,9,-57.695797,-138.5,8.0510235
2005,0,10,-57.695797,-137.5,8.051582
2005,0,11,-57.695797,-136.5,8.052146
2005,0,12,-57.695797,-135.5,8.052794
2005,0,13,-57.695797,-134.5,8.053073
2005,0,14,-57.695797,-133.5,8.053575
2005,0,15,-57.695797,-132.5,8.053973
2005,0,16,-57.695797,-131.5,8.054168
2005,0,17,-57.695797,-130.5,8.054635
2005,0,18,-57.695797,-129.5,8.054845
2005,0,19,-57.695797,-128.5,8.055092
2005,1,0,-57.15743,-147.5,8.044444
2005,1,1,-57.15743,-146.5,8.045861
2005,1,2,-57.15743,-145.5,8.046379
2005,1,3,-57.15743,-144.5,8.04666
2005,1,4,-57.15743,-143.5,8.047875
2005,1,5,-57.15743,-142.5,8.048898
2005,1,6,-57.15743,-141.5,8.049584
2005,1,7,-57.15743,-140.5,8.050315
2005,1,8,-57.15743,-139.5,8.050943
2005,1,9,-57.15743,-138.5,8.051409
2005,1,10,-57.15743,-137.5,8.0519085
2005,1,11,-57.15743,-136.5,8.052468
2005,1,12,-57.15743,-135.5,8.053113
2005,1,13,-57.15743,-134.5,8.0533695
2005,1,14,-57.15743,-133.5,8.053852
2005,1,15,-57.15743,-132.5,8.054238
2005,1,16,-57.15743,-131.5,8.054426
2005,1,17,-57.15743,-130.5,8.05498
2005,1,18,-57.15743,-129.5,8.055226
2005,1,19,-57.15743,-128.5,8.055482
2005,2,0,-56.61111,-147.5,8.044333
2005,2,1,-56.61111,-146.5,8.046086
2005,2,2,-56.61111,-145.5,8.046874
2005,2,3,-56.61111,-144.5,8.047512
2005,2,4,-56.61111,-143.5,8.048747
2005,2,5,-56.61111,-142.5,8.049654
2005,2,6,-56.61111,-141.5,8.050224
2005,2,7,-56.61111,-140.5,8.050983
2005,2,8,-56.61111,-139.5,8.051356
2005,2,9,-56.61111,-138.5,8.051753
2005,2,10,-56.61111,-137.5,8.052201
2005,2,11,-56.61111,-136.5,8.052865
2005,2,12,-56.61111,-135.5,8.053496
2005,2,13,-56.61111,-134.5,8.05374
2005,2,14,-56.61111,-133.5,8.054199
2005,2,15,-56.61111,-132.5,8.054551
2005,2,16,-56.61111,-131.5,8.054721
2005,2,17,-56.61111,-130.5,8.055276
2005,2,18,-56.61111,-129.5,8.055597
2005,2,19,-56.61111,-128.5,8.055947
2005,3,0,-56.05677,-147.5,8.046515
2005,3,1,-56.05677,-146.5,8.0478115
2005,3,2,-56.05677,-145.5,8.0487585
2005,3,3,-56.05677,-144.5,8.049352
2005,3,4,-56.05677,-143.5,8.0502825
2005,3,5,-56.05677,-142.5,8.050782
2005,3,6,-56.05677,-141.5,8.051293
2005,3,7,-56.05677,-140.5,8.051764
2005,3,8,-56.05677,-139.5,8.052017
2005,3,9,-56.05677,-138.5,8.052323
2005,3,10,-56.05677,-137.5,8.052598
2005,3,11,-56.05677,-136.5,8.053235
2005,3,12,-56.05677,-135.5,8.053821
2005,3,13,-56.05677,-134.5,8.053985
2005,3,14,-56.05677,-133.5,8.054428
2005,3,15,-56.05677,-132.5,8.054799
2005,3,16,-56.05677,-131.5,8.05503
2005,3,17,-56.05677,-130.5,8.055489
2005,3,18,-56.05677,-129.5,8.055902
2005,3,19,-56.05677,-128.5,8.056298
2005,4,0,-55.494347,-147.5,8.048834
2005,4,1,-55.494347,-146.5,8.049446
2005,4,2,-55.494347,-145.5,8.050343
2005,4,3,-55.494347,-144.5,8.050628
2005,4,4,-55.494347,-143.5,8.051211
2005,4,5,-55.494347,-142.5,8.051534
2005,4,6,-55.494347,-141.5,8.0522
2005,4,7,-55.494347,-140.5,8.052071
2005,4,8,-55.494347,-139.5,8.052432
2005,4,9,-55.494347,-138.5,8.052732
2005,4,10,-55.494347,-137.5,8.0528555
2005,4,11,-55.494347,-136.5,8.053526
2005,4,12,-55.494347,-135.5,8.054074
2005,4,13,-55.494347,-134.5,8.05426
2005,4,14,-55.494347,-133.5,8.054702
2005,4,15,-55.494347,-132.5,8.055116
2005,4,16,-55.494347,-131.5,8.055395
2005,4,17,-55.494347,-130.5,8.055882
2005,4,18,-55.494347,-129.5,8.056254
2005,4,19,-55.494347,-128.5,8.056741
2005,5,0,-54.923775,-147.5,8.05136
2005,5,1,-54.923775,-146.5,8.05176
2005,5,2,-54.923775,-145.5,8.052456
2005,5,3,-54.923775,-144.5,8.052581
2005,5,4,-54.923775,-143.5,8.052928
2005,5,5,-54.923775,-142.5,8.05315
2005,5,6,-54.923775,-141.5,8.053697
2005,5,7,-54.923775,-140.5,8.053312
2005,5,8,-54.923775,-139.5,8.05356
2005,5,9,-54.923775,-138.5,8.0536585
2005,5,10,-54.923775,-137.5,8.053591
2005,5,11,-54.923775,-136.5,8.054014
2005,5,12,-54.923775,-135.5,8.054492
2005,5,13,-54.923775,-134.5,8.054694
2005,5,14,-54.923775,-133.5,8.055046
2005,5,15,-54.923775,-132.5,8.055437
2005,5,16,-54.923775,-131.5,8.055808
2005,5,17,-54.923775,-130.5,8.056434
2005,5,18,-54.923775,-129.5,8.056825
2005,5,19,-54.923775,-128.5,8.057178
2005,6,0,-54.344994,-147.5,8.052456
2005,6,1,-54.344994,-146.5,8.052708
2005,6,2,-54.344994,-145.5,8.053227
2005,6,3,-54.344994,-144.5,8.053287
2005,6,4,-54.344994,-143.5,8.053657
2005,6,5,-54.344994,-142.5,8.054032
2005,6,6,-54.344994,-141.5,8.054416
2005,6,7,-54.344994,-140.5,8.054275
2005,6,8,-54.344994,-139.5,8.054492
2005,6,9,-54.344994,-138.5,8.054507
2005,6,10,-54.344994,-137.5,8.054399
2005,6,11,-54.344994,-136.5,8.054584
2005,6,12,-54.344994,-135.5,8.054963
2005,6,13,-54.344994,-134.5,8.055089
2005,6,14,-54.344994,-133.5,8.055541
2005,6,15,-54.344994,-132.5,8.056006
2005,6,16,-54.344994,-131.5,8.056503
2005,6,17,-54.344994,-130.5,8.057136
2005,6,18,-54.344994,-129.5,8.057536
2005,6,19,-54.344994,-128.5,8.0578
2005,7,0,-53.75795,-147.5,8.053842
2005,7,1,-53.75795,-146.5,8.0541115
2005,7,2,-53.75795,-145.5,8.054636
2005,7,3,-53.75795,-144.5,8.054879
2005,7,4,-53.75795,-143.5,8.055288
2005,7,5,-53.75795,-142.5,8.055655
2005,7,6,-53.75795,-141.5,8.055937
2005,7,7,-53.75795,-140.5,8.055739
2005,7,8,-53.75795,-139.5,8.055718
2005,7,9,-53.75795,-138.5,8.055639
2005,7,10,-53.75795,-137.5,8.055463
2005,7,11,-53.75795,-136.5,8.055491
2005,7,12,-53.75795,-135.5,8.055871
2005,7,13,-53.75795,-134.5,8.056054
2005,7,14,-53.75795,-133.5,8.056447
2005,7,15,-53.75795,-132.5,8.056894
2005,7,16,-53.75795,-131.5,8.057378
2005,7,17,-53.75795,-130.5,8.057826
2005,7,18,-53.75795,-129.5,8.058169
2005,7,19,-53.75795,-128.5,8.05814
2005,8,0,-53.162582,-147.5,8.054992
2005,8,1,-53.162582,-146.5,8.055295
2005,8,2,-53.162582,-145.5,8.0559025
2005,8,3,-53.162582,-144.5,8.056243
2005,8,4,-53.162582,-143.5,8.05671
2005,8,5,-53.162582,-142.5,8.057012
2005,8,6,-53.162582,-141.5,8.057375
2005,8,7,-53.162582,-140.5,8.057139
2005,8,8,-53.162582,-139.5,8.057079
2005,8,9,-53.162582,-138.5,8.056972
2005,8,10,-53.162582,-137.5,8.056756
2005,8,11,-53.162582,-136.5,8.056676
2005,8,12,-53.162582,-135.5,8.056966
2005,8,13,-53.162582,-134.5,8.05715
2005,8,14,-53.162582,-133.5,8.057582
2005,8,15,-53.162582,-132.5,8.057981
2005,8,16,-53.162582,-131.5,8.058339
2005,8,17,-53.162582,-130.5,8.058557
2005,8,18,-53.162582,-129.5,8.058803
2005,8,19,-53.162582,-128.5,8.058635
2005,9,0,-52.558838,-147.5,8.056599
2005,9,1,-52.558838,-146.5,8.056935
2005,9,2,-52.558838,-145.5,8.057487
2005,9,3,-52.558838,-144.5,8.057889
2005,9,4,-52.558838,-143.5,8.058391
2005,9,5,-52.558838,-142.5,8.058587
2005,9,6,-52.558838,-141.5,8.058882
2005,9,7,-52.558838,-140.5,8.058804
2005,9,8,-52.558838,-139.5,8.058766
2005,9,9,-52.558838,-138.5,8.058544
2005,9,10,-52.558838,-137.5,8.058318
2005,9,11,-52.558838,-136.5,8.058236
2005,9,12,-52.558838,-135.5,8.058395
2005,9,13,-52.558838,-134.5,8.058495
2005,9,14,-52.558838,-133.5,8.058771
2005,9,15,-52.558838,-132.5,8.058978
2005,9,16,-52.558838,-131.5,8.059166
2005,9,17,-52.558838,-130.5,8.059197
2005,9,18,-52.558838,-129.5,8.059243
2005,9,19,-52.558838,-128.5,8.059036
2005,10,0,-51.946674,-147.5,8.058418
2005,10,1,-51.946674,-146.5,8.058773
2005,10,2,-51.946674,-145.5,8.05918
2005,10,3,-51.946674,-144.5,8.059548
2005,10,4,-51.946674,-143.5,8.059996
2005,10,5,-51.946674,-142.5,8.060235
2005,10,6,-51.946674,-141.5,8.060458
2005,10,7,-51.946674,-140.5,8.060351
2005,10,8,-51.946674,-139.5,8.060341
2005,10,9,-51.946674,-138.5,8.060104
2005,10,10,-51.946674,-137.5,8.059791
2005,10,11,-51.946674,-136.5,8.059676
2005,10,12,-51.946674,-135.5,8.059703
2005,10,13,-51.946674,-134.5,8.059718
2005,10,14,-51.946674,-133.5,8.05989
2005,10,15,-51.946674,-132.5,8.059906
2005,10,16,-51.946674,-131.5,8.059872
2005,10,17,-51.946674,-130.5,8.059787
2005,10,18,-51.946674,-129.5,8.059729
2005,10,19,-51.946674,-128.5,8.059351
2005,11,0,-51.326035,-147.5,8.060288
2005,11,1,-51.326035,-146.5,8.060612
2005,11,2,-51.326035,-145.5,8.0609455
2005,11,3,-51.326035,-144.5,8.061233
2005,11,4,-51.326035,-143.5,8.061511
2005,11,5,-51.326035,-142.5,8.061729
2005,11,6,-51.326035,-141.5,8.0619
2005,11,7,-51.326035,-140.5,8.061702
2005,11,8,-51.326035,-139.5,8.061643
2005,11,9,-51.326035,-138.5,8.061375
2005,11,10,-51.326035,-137.5,8.0610895
2005,11,11,-51.326035,-136.5,8.060937
2005,11,12,-51.326035,-135.5,8.060813
2005,11,13,-51.326035,-134.5,8.060727
2005,11,14,-51.326035,-133.5,8.060781
2005,11,15,-51.326035,-132.5,8.0606985
2005,11,16,-51.326035,-131.5,8.060576
2005,11,17,-51.326035,-130.5,8.060399
2005,11,18,-51.326035,-129.5,8.060303
2005,11,19,-51.326035,-128.5,8.059852
2005,12,0,-50.696884,-147.5,8.062156
2005,12,1,-50.696884,-146.5,8.062411
2005,12,2,-50.696884,-145.5,8.062602
2005,12,3,-50.696884,-144.5,8.062781
2005,12,4,-50.696884,-143.5,8.06297
2005,12,5,-50.696884,-142.5,8.063043
2005,12,6,-50.696884,-141.5,8.063141
2005,12,7,-50.696884,-140.5,8.062761
2005,12,8,-50.696884,-139.5,8.06257
2005,12,9,-50.696884,-138.5,8.062255
2005,12,10,-50.696884,-137.5,8.0619
2005,12,11,-50.696884,-136.5,8.06165
2005,12,12,-50.696884,-135.5,8.061409
2005,12,13,-50.696884,-134.5,8.061315
2005,12,14,-50.696884,-133.5,8.061324
2005,12,15,-50.696884,-132.5,8.061224
2005,12,16,-50.696884,-131.5,8.061055
2005,12,17,-50.696884,-130.5,8.060808
2005,12,18,-50.696884,-129.5,8.0606575
2005,12,19,-50.696884,-128.5,8.060187
2005,13,0,-50.059177,-147.5,8.064134
2005,13,1,-50.059177,-146.5,8.064389
2005,13,2,-50.059177,-145.5,8.064416
2005,13,3,-50.059177,-144.5,8.064441
2005,13,4,-50.059177,-143.5,8.064443
2005,13,5,-50.059177,-142.5,8.064386
2005,13,6,-50.059177,-141.5,8.064281
2005,13,7,-50.059177,-140.5,8.06371
2005,13,8,-50.059177,-139.5,8.063386
2005,13,9,-50.059177,-138.5,8.063003
2005,13,10,-50.059177,-137.5,8.062604
2005,13,11,-50.059177,-136.5,8.062269
2005,13,12,-50.059177,-135.5,8.06202
2005,13,13,-50.059177,-134.5,8.0618925
2005,13,14,-50.059177,-133.5,8.06198
2005,13,15,-50.059177,-132.5,8.061833
2005,13,16,-50.059177,-131.5,8.061599
2005,13,17,-50.059177,-130.5,8.061335
2005,13,18,-50.059177,-129.5,8.061151
2005,13,19,-50.059177,-128.5,8.060657
2005,14,0,-49.41288,-147.5,8.066003
2005,14,1,-49.41288,-146.5,8.066196
2005,14,2,-49.41288,-145.5,8.065936
2005,14,3,-49.41288,-144.5,8.065772
2005,14,4,-49.41288,-143.5,8.065553
2005,14,5,-49.41288,-142.5,8.065307
2005,14,6,-49.41288,-141.5,8.06506
2005,14,7,-49.41288,-140.5,8.064344
2005,14,8,-49.41288,-139.5,8.063885
2005,14,9,-49.41288,-138.5,8.063493
2005,14,10,-49.41288,-137.5,8.063041
2005,14,11,-49.41288,-136.5,8.062728
2005,14,12,-49.41288,-135.5,8.062523
2005,14,13,-49.41288,-134.5,8.062383
2005,14,14,-49.41288,-133.5,8.062449
2005,14,15,-49.41288,-132.5,8.06225
2005,14,16,-49.41288,-131.5,8.061959
2005,14,17,-49.41288,-130.5,8.061574
2005,14,18,-49.41288,-129.5,8.061461
2005,14,19,-49.41288,-128.5,8.0609865
2005,15,0,-48.757957,-147.5,8.067582
2005,15,1,-48.757957,-146.5,8.067636
2005,15,2,-48.757957,-145.5,8.066991
2005,15,3,-48.757957,-144.5,8.066528
2005,15,4,-48.757957,-143.5,8.066165
2005,15,5,-48.757957,-142.5,8.065829
2005,15,6,-48.757957,-141.5,8.065513
2005,15,7,-48.757957,-140.5,8.06477
2005,15,8,-48.757957,-139.5,8.064282
2005,15,9,-48.757957,-138.5,8.063903
2005,15,10,-48.757957,-137.5,8.063556
2005,15,11,-48.757957,-136.5,8.063279
2005,15,12,-48.757957,-135.5,8.063104
2005,15,13,-48.757957,-134.5,8.062941
2005,15,14,-48.757957,-133.5,8.062934
2005,15,15,-48.757957,-132.5,8.062739
2005,15,16,-48.757957,-131.5,8.062431
2005,15,17,-48.757957,-130.5,8.062037
2005,15,18,-48.757957,-129.5,8.061874
2005,15,19,-48.757957,-128.5,8.061444
2005,16,0,-48.094387,-147.5,8.0683975
2005,16,1,-48.094387,-146.5,8.068221
2005,16,2,-48.094387,-145.5,8.067361
2005,16,3,-48.094387,-144.5,8.066737
2005,16,4,-48.094387,-143.5,8.066302
2005,16,5,-48.094387,-142.5,8.065863
2005,16,6,-48.094387,-141.5,8.065513
2005,16,7,-48.094387,-140.5,8.064868
2005,16,8,-48.094387,-139.5,8.0644045
2005,16,9,-48.094387,-138.5,8.0641575
2005,16,10,-48.094387,-137.5,8.063822
2005,16,11,-48.094387,-136.5,8.06358
2005,16,12,-48.094387,-135.5,8.063336
2005,16,13,-48.094387,-134.5,8.063158
2005,16,14,-48.094387,-133.5,8.0631695
2005,16,15,-48.094387,-132.5,8.063006
2005,16,16,-48.094387,-131.5,8.062754
2005,16,17,-48.094387,-130.5,8.062307
2005,16,18,-48.094387,-129.5,8.0620985
2005,16,19,-48.094387,-128.5,8.061763
2005,17,0,-47.422142,-147.5,8.068498
2005,17,1,-47.422142,-146.5,8.068193
2005,17,2,-47.422142,-145.5,8.067281
2005,17,3,-47.422142,-144.5,8.06664
2005,17,4,-47.422142,-143.5,8.066225
2005,17,5,-47.422142,-142.5,8.065831
2005,17,6,-47.422142,-141.5,8.065565
2005,17,7,-47.422142,-140.5,8.0650835
2005,17,8,-47.422142,-139.5,8.064702
2005,17,9,-47.422142,-138.5,8.064517
2005,17,10,-47.422142,-137.5,8.064199
2005,17,11,-47.422142,-136.5,8.063965
2005,17,12,-47.422142,-135.5,8.063815
2005,17,13,-47.422142,-134.5,8.063613
2005,17,14,-47.422142,-133.5,8.063551
2005,17,15,-47.422142,-132.5,8.06346
2005,17,16,-47.422142,-131.5,8.063315
2005,17,17,-47.422142,-130.5,8.063028
2005,17,18,-47.422142,-129.5,8.062819
2005,17,19,-47.422142,-128.5,8.062549
2005,18,0,-46.7412,-147.5,8.068165
2005,18,1,-46.7412,-146.5,8.067798
2005,18,2,-46.7412,-145.5,8.066937
2005,18,3,-46.7412,-144.5,8.066366
2005,18,4,-46.7412,-143.5,8.066003
2005,18,5,-46.7412,-142.5,8.065707
2005,18,6,-46.7412,-141.5,8.06556
2005,18,7,-46.7412,-140.5,8.065243
2005,18,8,-46.7412,-139.5,8.064962
2005,18,9,-46.7412,-138.5,8.064915
2005,18,10,-46.7412,-137.5,8.064622
2005,18,11,-46.7412,-136.5,8.064378
2005,18,12,-46.7412,-135.5,8.064254
2005,18,13,-46.7412,-134.5,8.064015
2005,18,14,-46.7412,-133.5,8.063836
2005,18,15,-46.7412,-132.5,8.063726
2005,18,16,-46.7412,-131.5,8.063703
2005,18,17,-46.7412,-130.5,8.063513
2005,18,18,-46.7412,-129.5,8.063367
2005,18,19,-46.7412,-128.5,8.063184
2005,19,0,-46.051548,-147.5,8.067474
2005,19,1,-46.051548,-146.5,8.067257
2005,19,2,-46.051548,-145.5,8.06668
2005,19,3,-46.051548,-144.5,8.066189
2005,19,4,-46.051548,-143.5,8.065878
2005,19,5,-46.051548,-142.5,8.065696
2005,19,6,-46.051548,-141.5,8.06561
2005,19,7,-46.051548,-140.5,8.065551
2005,19,8,-46.051548,-139.5,8.065338
2005,19,9,-46.051548,-138.5,8.065297
2005,19,10,-46.051548,-137.5,8.065063
2005,19,11,-46.051548,-136.5,8.064879
2005,19,12,-46.051548,-135.5,8.064902
2005,19,13,-46.051548,-134.5,8.064711
2005,19,14,-46.051548,-133.5,8.064611
2005,19,15,-46.051548,-132.5,8.064563
2005,19,16,-46.051548,-131.5,8.064555
2005,19,17,-46.051548,-130.5,8.064357
2005,19,18,-46.051548,-129.5,8.064172
2005,19,19,-46.051548,-128.5,8.063974
2006,0,0,-57.695797,-147.5,8.047064
2006,0,1,-57.695797,-146.5,8.047976
2006,0,2,-57.695797,-145.5,8.049209
2006,0,3,-57.695797,-144.5,8.048522
2006,0,4,-57.695797,-143.5,8.048985
2006,0,5,-57.695797,-142.5,8.04955
2006,0,6,-57.695797,-141.5,8.049932
2006,0,7,-57.695797,-140.5,8.05107
2006,0,8,-57.695797,-139.5,8.052035
2006,0,9,-57.695797,-138.5,8.052856
2006,0,10,-57.695797,-137.5,8.053828
2006,0,11,-57.695797,-136.5,8.054697
2006,0,12,-57.695797,-135.5,8.055162
2006,0,13,-57.695797,-134.5,8.055147
2006,0,14,-57.695797,-133.5,8.055088
2006,0,15,-57.695797,-132.5,8.054898
2006,0,16,-57.695797,-131.5,8.054511
2006,0,17,-57.695797,-130.5,8.054425
2006,0,18,-57.695797,-129.5,8.054321
2006,0,19,-57.695797,-128.5,8.054448
2006,1,0,-57.15743,-147.5,8.045805
2006,1,1,-57.15743,-146.5,8.047721
2006,1,2,-57.15743,-145.5,8.048572
2006,1,3,-57.15743,-144.5,8.048278
2006,1,4,-57.15743,-143.5,8.048873
2006,1,5,-57.15743,-142.5,8.049426
2006,1,6,-57.15743,-141.5,8.049855
2006,1,7,-57.15743,-140.5,8.0507965
2006,1,8,-57.15743,-139.5,8.051738
2006,1,9,-57.15743,-138.5,8.052412
2006,1,10,-57.15743,-137.5,8.053219
2006,1,11,-57.15743,-136.5,8.054093
2006,1,12,-57.15743,-135.5,8.05461
2006,1,13,-57.15743,-134.5,8.054519
2006,1,14,-57.15743,-133.5,8.054515
2006,1,15,-57.15743,-132.5,8.054374
2006,1,16,-57.15743,-131.5,8.054078
2006,1,17,-57.15743,-130.5,8.054206
2006,1,18,-57.15743,-129.5,8.054208
2006,1,19,-57.15743,-128.5,8.054388
2006,2,0,-56.61111,-147.5,8.044675
2006,2,1,-56.61111,-146.5,8.046734
2006,2,2,-56.61111,-145.5,8.047715
2006,2,3,-56.61111,-144.5,8.047963
2006,2,4,-56.61111,-143.5,8.048776
2006,2,5,-56.61111,-142.5,8.049422
2006,2,6,-56.61111,-141.5,8.049979
2006,2,7,-56.61111,-140.5,8.050723
2006,2,8,-56.61111,-139.5,8.051474
2006,2,9,-56.61111,-138.5,8.052064
2006,2,10,-56.61111,-137.5,8.052773
2006,2,11,-56.61111,-136.5,8.053619
2006,2,12,-56.61111,-135.5,8.05408
2006,2,13,-56.61111,-134.5,8.053929
2006,2,14,-56.61111,-133.5,8.054074
2006,2,15,-56.61111,-132.5,8.054025
2006,2,16,-56.61111,-131.5,8.053858
2006,2,17,-56.61111,-130.5,8.054052
2006,2,18,-56.61111,-129.5,8.0541
2006,2,19,-56.61111,-128.5,8.054315
2006,3,0,-56.05677,-147.5,8.046062
2006,3,1,-56.05677,-146.5,8.047477
2006,3,2,-56.05677,-145.5,8.048386
2006,3,3,-56.05677,-144.5,8.048766
2006,3,4,-56.05677,-143.5,8.049448
2006,3,5,-56.05677,-142.5,8.049965
2006,3,6,-56.05677,-141.5,8.050567
2006,3,7,-56.05677,-140.5,8.051108
2006,3,8,-56.05677,-139.5,8.051593
2006,3,9,-56.05677,-138.5,8.051972
2006,3,10,-56.05677,-137.5,8.05244
2006,3,11,-56.05677,-136.5,8.053125
2006,3,12,-56.05677,-135.5,8.053528
2006,3,13,-56.05677,-134.5,8.053435
2006,3,14,-56.05677,-133.5,8.053689
2006,3,15,-56.05677,-132.5,8.053855
2006,3,16,-56.05677,-131.5,8.05384
2006,3,17,-56.05677,-130.5,8.05407
2006,3,18,-56.05677,-129.5,8.05427
2006,3,19,-56.05677,-128.5,8.0545025
2006,4,0,-55.494347,-147.5,8.04779
2006,4,1,-55.494347,-146.5,8.048329
2006,4,2,-55.494347,-145.5,8.049169
2006,4,3,-55.494347,-144.5,8.049383
2006,4,4,-55.494347,-143.5,8.050113
2006,4,5,-55.494347,-142.5,8.050715
2006,4,6,-55.494347,-141.5,8.051351
2006,4,7,-55.494347,-140.5,8.05151
2006,4,8,-55.494347,-139.5,8.051917
2006,4,9,-55.494347,-138.5,8.052128
2006,4,10,-55.494347,-137.5,8.052373
2006,4,11,-55.494347,-136.5,8.052909
2006,4,12,-55.494347,-135.5,8.053406
2006,4,13,-55.494347,-134.5,8.05341
2006,4,14,-55.494347,-133.5,8.0538
2006,4,15,-55.494347,-132.5,8.054018
2006,4,16,-55.494347,-131.5,8.054045
2006,4,17,-55.494347,-130.5,8.054349
2006,4,18,-55.494347,-129.5,8.054645
2006,4,19,-55.494347,-128.5,8.054749
2006,5,0,-54.923775,-147.5,8.049924
2006,5,1,-54.923775,-146.5,8.05034
2006,5,2,-54.923775,-145.5,8.0510645
2006,5,3,-54.923775,-144.5,8.051391
2006,5,4,-54.923775,-143.5,8.052061
2006,5,5,-54.923775,-142.5,8.052525
2006,5,6,-54.923775,-141.5,8.052993
2006,5,7,-54.923775,-140.5,8.052593
2006,5,8,-54.923775,-139.5,8.052829
2006,5,9,-54.923775,-138.5,8.052818
2006,5,10,-54.923775,-137.5,8.0527725
2006,5,11,-54.923775,-136.5,8.052986
2006,5,12,-54.923775,-135.5,8.053505
2006,5,13,-54.923775,-134.5,8.053609
2006,5,14,-54.923775,-133.5,8.054034
2006,5,15,-54.923775,-132.5,8.054318
2006,5,16,-54.923775,-131.5,8.054347
2006,5,17,-54.923775,-130.5,8.05471
2006,5,18,-54.923775,-129.5,8.0550165
2006,5,19,-54.923775,-128.5,8.05495
2006,6,0,-54.344994,-147.5,8.051302
2006,6,1,-54.344994,-146.5,8.0516815
2006,6,2,-54.344994,-145.5,8.052313
2006,6,3,-54.344994,-144.5,8.052556
2006,6,4,-54.344994,-143.5,8.053131
2006,6,5,-54.344994,-142.5,8.053479
2006,6,6,-54.344994,-141.5,8.053777
2006,6,7,-54.344994,-140.5,8.053411
2006,6,8,-54.344994,-139.5,8.05359
2006,6,9,-54.344994,-138.5,8.053514
2006,6,10,-54.344994,-137.5,8.053411
2006,6,11,-54.344994,-136.5,8.05343
2006,6,12,-54.344994,-135.5,8.053863
2006,6,13,-54.344994,-134.5,8.053919
2006,6,14,-54.344994,-133.5,8.054362
2006,6,15,-54.344994,-132.5,8.054641
2006,6,16,-54.344994,-131.5,8.054794
2006,6,17,-54.344994,-130.5,8.055215
2006,6,18,-54.344994,-129.5,8.055516
2006,6,19,-54.344994,-128.5,8.055301
2006,7,0,-53.75795,-147.5,8.052829
2006,7,1,-53.75795,-146.5,8.053214
2006,7,2,-53.75795,-145.5,8.053796
2006,7,3,-53.75795,-144.5,8.054071
2006,7,4,-53.75795,-143.5,8.054557
2006,7,5,-53.75795,-142.5,8.054833
2006,7,6,-53.75795,-141.5,8.055008
2006,7,7,-53.75795,-140.5,8.054629
2006,7,8,-53.75795,-139.5,8.054542
2006,7,9,-53.75795,-138.5,8.054492
2006,7,10,-53.75795,-137.5,8.054405
2006,7,11,-53.75795,-136.5,8.054326
2006,7,12,-53.75795,-135.5,8.054626
2006,7,13,-53.75795,-134.5,8.054672
2006,7,14,-53.75795,-133.5,8.054927
2006,7,15,-53.75795,-132.5,8.055169
2006,7,16,-53.75795,-131.5,8.055345
2006,7,17,-53.75795,-130.5,8.055718
2006,7,18,-53.75795,-129.5,8.055961
2006,7,19,-53.75795,-128.5,8.05565
2006,8,0,-53.162582,-147.5,8.05403
2006,8,1,-53.162582,-146.5,8.054414
2006,8,2,-53.162582,-145.5,8.05494
2006,8,3,-53.162582,-144.5,8.05523
2006,8,4,-53.162582,-143.5,8.055705
2006,8,5,-53.162582,-142.5,8.055955
2006,8,6,-53.162582,-141.5,8.056041
2006,8,7,-53.162582,-140.5,8.055744
2006,8,8,-53.162582,-139.5,8.055575
2006,8,9,-53.162582,-138.5,8.05547
2006,8,10,-53.162582,-137.5,8.055424
2006,8,11,-53.162582,-136.5,8.055343
2006,8,12,-53.162582,-135.5,8.055388
2006,8,13,-53.162582,-134.5,8.055408
2006,8,14,-53.162582,-133.5,8.055665
2006,8,15,-53.162582,-132.5,8.055913
2006,8,16,-53.162582,-131.5,8.056081
2006,8,17,-53.162582,-130.5,8.056308
2006,8,18,-53.162582,-129.5,8.056289
2006,8,19,-53.162582,-128.5,8.056008
2006,9,0,-52.558838,-147.5,8.055743
2006,9,1,-52.558838,-146.5,8.056115
2006,9,2,-52.558838,-145.5,8.05656
2006,9,3,-52.558838,-144.5,8.056834
2006,9,4,-52.558838,-143.5,8.057216
2006,9,5,-52.558838,-142.5,8.057244
2006,9,6,-52.558838,-141.5,8.05727
2006,9,7,-52.558838,-140.5,8.057064
2006,9,8,-52.558838,-139.5,8.056884
2006,9,9,-52.558838,-138.5,8.056745
2006,9,10,-52.558838,-137.5,8.056671
2006,9,11,-52.558838,-136.5,8.056552
2006,9,12,-52.558838,-135.5,8.056594
2006,9,13,-52.558838,-134.5,8.056632
2006,9,14,-52.558838,-133.5,8.056826
2006,9,15,-52.558838,-132.5,8.056985
2006,9,16,-52.558838,-131.5,8.057031
2006,9,17,-52.558838,-130.5,8.056975
2006,9,18,-52.558838,-129.5,8.056663
2006,9,19,-52.558838,-128.5,8.056272
2006,10,0,-51.946674,-147.5,8.057551
2006,10,1,-51.946674,-146.5,8.05782
2006,10,2,-51.946674,-145.5,8.058133
2006,10,3,-51.946674,-144.5,8.0584545
2006,10,4,-51.946674,-143.5,8.058716
2006,10,5,-51.946674,-142.5,8.058709
2006,10,6,-51.946674,-141.5,8.058673
2006,10,7,-51.946674,-140.5,8.058394
2006,10,8,-51.946674,-139.5,8.058161
2006,10,9,-51.946674,-138.5,8.058049
2006,10,10,-51.946674,-137.5,8.057943
2006,10,11,-51.946674,-136.5,8.057891
2006,10,12,-51.946674,-135.5,8.057879
2006,10,13,-51.946674,-134.5,8.057855
2006,10,14,-51.946674,-133.5,8.057895
2006,10,15,-51.946674,-132.5,8.05779
2006,10,16,-51.946674,-131.5,8.0577345
2006,10,17,-51.946674,-130.5,8.057411
2006,10,18,-51.946674,-129.5,8.056958
2006,10,19,-51.946674,-128.5,8.056415
2006,11,0,-51.326035,-147.5,8.059451
2006,11,1,-51.326035,-146.5,8.059522
2006,11,2,-51.326035,-145.5,8.059672
2006,11,3,-51.326035,-144.5,8.059869
2006,11,4,-51.326035,-143.5,8.060035
2006,11,5,-51.326035,-142.5,8.059976
2006,11,6,-51.326035,-141.5,8.059982
2006,11,7,-51.326035,-140.5,8.059799
2006,11,8,-51.326035,-139.5,8.059543
2006,11,9,-51.326035,-138.5,8.059344
2006,11,10,-51.326035,-137.5,8.059187
2006,11,11,-51.326035,-136.5,8.059102
2006,11,12,-51.326035,-135.5,8.059048
2006,11,13,-51.326035,-134.5,8.058892
2006,11,14,-51.326035,-133.5,8.058808
2006,11,15,-51.326035,-132.5,8.058593
2006,11,16,-51.326035,-131.5,8.0583725
2006,11,17,-51.326035,-130.5,8.057942
2006,11,18,-51.326035,-129.5,8.057577
2006,11,19,-51.326035,-128.5,8.05682
2006,12,0,-50.696884,-147.5,8.061172
2006,12,1,-50.696884,-146.5,8.061142
2006,12,2,-50.696884,-145.5,8.061093
2006,12,3,-50.696884,-144.5,8.061116
2006,12,4,-50.696884,-143.5,8.061185
2006,12,5,-50.696884,-142.5,8.060945
2006,12,6,-50.696884,-141.5,8.060918
2006,12,7,-50.696884,-140.5,8.060735
2006,12,8,-50.696884,-139.5,8.060449
2006,12,9,-50.696884,-138.5,8.060172
2006,12,10,-50.696884,-137.5,8.059852
2006,12,11,-50.696884,-136.5,8.0596895
2006,12,12,-50.696884,-135.5,8.059553
2006,12,13,-50.696884,-134.5,8.05939
2006,12,14,-50.696884,-133.5,8.059227
2006,12,15,-50.696884,-132.5,8.058993
2006,12,16,-50.696884,-131.5,8.05865
2006,12,17,-50.696884,-130.5,8.058249
2006,12,18,-50.696884,-129.5,8.057891
2006,12,19,-50.696884,-128.5,8.057208
2006,13,0,-50.059177,-147.5,8.062518
2006,13,1,-50.059177,-146.5,8.062406
2006,13,2,-50.059177,-145.5,8.062322
2006,13,3,-50.059177,-144.5,8.062375
2006,13,4,-50.059177,-143.5,8.062348
2006,13,5,-50.059177,-142.5,8.061971
2006,13,6,-50.059177,-141.5,8.061837
2006,13,7,-50.059177,-140.5,8.061497
2006,13,8,-50.059177,-139.5,8.06113
2006,13,9,-50.059177,-138.5,8.060809
2006,13,10,-50.059177,-137.5,8.06032
2006,13,11,-50.059177,-136.5,8.060054
2006,13,12,-50.059177,-135.5,8.059919
2006,13,13,-50.059177,-134.5,8.059777
2006,13,14,-50.059177,-133.5,8.059654
2006,13,15,-50.059177,-132.5,8.059379
2006,13,16,-50.059177,-131.5,8.05899
2006,13,17,-50.059177,-130.5,8.058637
2006,13,18,-50.059177,-129.5,8.058346
2006,13,19,-50.059177,-128.5,8.057712
2006,14,0,-49.41288,-147.5,8.063486
2006,14,1,-49.41288,-146.5,8.063241
2006,14,2,-49.41288,-145.5,8.063148
2006,14,3,-49.41288,-144.5,8.063191
2006,14,4,-49.41288,-143.5,8.063074
2006,14,5,-49.41288,-142.5,8.0625105
2006,14,6,-49.41288,-141.5,8.062268
2006,14,7,-49.41288,-140.5,8.06176
2006,14,8,-49.41288,-139.5,8.06133
2006,14,9,-49.41288,-138.5,8.060981
2006,14,10,-49.41288,-137.5,8.060439
2006,14,11,-49.41288,-136.5,8.060164
2006,14,12,-49.41288,-135.5,8.060051
2006,14,13,-49.41288,-134.5,8.059878
2006,14,14,-49.41288,-133.5,8.05981
2006,14,15,-49.41288,-132.5,8.059545
2006,14,16,-49.41288,-131.5,8.059168
2006,14,17,-49.41288,-130.5,8.058814
2006,14,18,-49.41288,-129.5,8.058658
2006,14,19,-49.41288,-128.5,8.058162
2006,15,0,-48.757957,-147.5,8.064199
2006,15,1,-48.757957,-146.5,8.064017
2006,15,2,-48.757957,-145.5,8.063854
2006,15,3,-48.757957,-144.5,8.063798
2006,15,4,-48.757957,-143.5,8.063468
2006,15,5,-48.757957,-142.5,8.06287
2006,15,6,-48.757957,-141.5,8.062493
2006,15,7,-48.757957,-140.5,8.062124
2006,15,8,-48.757957,-139.5,8.061719
2006,15,9,-48.757957,-138.5,8.061382
2006,15,10,-48.757957,-137.5,8.060926
2006,15,11,-48.757957,-136.5,8.060746
2006,15,12,-48.757957,-135.5,8.060475
2006,15,13,-48.757957,-134.5,8.060212
2006,15,14,-48.757957,-133.5,8.060116
2006,15,15,-48.757957,-132.5,8.059971
2006,15,16,-48.757957,-131.5,8.059687
2006,15,17,-48.757957,-130.5,8.059356
2006,15,18,-48.757957,-129.5,8.059289
2006,15,19,-48.757957,-128.5,8.058827
2006,16,0,-48.094387,-147.5,8.064548
2006,16,1,-48.094387,-146.5,8.064342
2006,16,2,-48.094387,-145.5,8.064144
2006,16,3,-48.094387,-144.5,8.064004
2006,16,4,-48.094387,-143.5,8.063502
2006,16,5,-48.094387,-142.5,8.062847
2006,16,6,-48.094387,-141.5,8.062571
2006,16,7,-48.094387,-140.5,8.062346
2006,16,8,-48.094387,-139.5,8.062019
2006,16,9,-48.094387,-138.5,8.061806
2006,16,10,-48.094387,-137.5,8.061503
2006,16,11,-48.094387,-136.5,8.061375
2006,16,12,-48.094387,-135.5,8.061053
2006,16,13,-48.094387,-134.5,8.060678
2006,16,14,-48.094387,-133.5,8.060512
2006,16,15,-48.094387,-132.5,8.060403
2006,16,16,-48.094387,-131.5,8.060212
2006,16,17,-48.094387,-130.5,8.059979
2006,16,18,-48.094387,-129.5,8.059941
2006,16,19,-48.094387,-128.5,8.059464
2006,17,0,-47.422142,-147.5,8.064639
2006,17,1,-47.422142,-146.5,8.064337
2006,17,2,-47.422142,-145.5,8.064093
2006,17,3,-47.422142,-144.5,8.063882
2006,17,4,-47.422142,-143.5,8.063594
2006,17,5,-47.422142,-142.5,8.063092
2006,17,6,-47.422142,-141.5,8.062928
2006,17,7,-47.422142,-140.5,8.062739
2006,17,8,-47.422142,-139.5,8.062456
2006,17,9,-47.422142,-138.5,8.062394
2006,17,10,-47.422142,-137.5,8.062249
2006,17,11,-47.422142,-136.5,8.062165
2006,17,12,-47.422142,-135.5,8.06186
2006,17,13,-47.422142,-134.5,8.061505
2006,17,14,-47.422142,-133.5,8.0613165
2006,17,15,-47.422142,-132.5,8.061154
2006,17,16,-47.422142,-131.5,8.060922
2006,17,17,-47.422142,-130.5,8.060582
2006,17,18,-47.422142,-129.5,8.06057
2006,17,19,-47.422142,-128.5,8.060174
2006,18,0,-46.7412,-147.5,8.064313
2006,18,1,-46.7412,-146.5,8.064016
2006,18,2,-46.7412,-145.5,8.0637045
2006,18,3,-46.7412,-144.5,8.063577
2006,18,4,-46.7412,-143.5,8.063472
2006,18,5,-46.7412,-142.5,8.063167
2006,18,6,-46.7412,-141.5,8.063039
2006,18,7,-46.7412,-140.5,8.062837
2006,18,8,-46.7412,-139.5,8.062666
2006,18,9,-46.7412,-138.5,8.06282
2006,18,10,-46.7412,-137.5,8.062904
2006,18,11,-46.7412,-136.5,8.062869
2006,18,12,-46.7412,-135.5,8.062696
2006,18,13,-46.7412,-134.5,8.062373
2006,18,14,-46.7412,-133.5,8.062104
2006,18,15,-46.7412,-132.5,8.061899
2006,18,16,-46.7412,-131.5,8.061737
2006,18,17,-46.7412,-130.5,8.061321
2006,18,18,-46.7412,-129.5,8.061301
2006,18,19,-46.7412,-128.5,8.06108
2006,19,0,-46.051548,-147.5,8.064088
2006,19,1,-46.051548,-146.5,8.063905
2006,19,2,-46.051548,-145.5,8.0639515
2006,19,3,-46.051548,-144.5,8.063819
2006,19,4,-46.051548,-143.5,8.06367
2006,19,5,-46.051548,-142.5,8.06338
2006,19,6,-46.051548,-141.5,8.063311
2006,19,7,-46.051548,-140.5,8.063289
2006,19,8,-46.051548,-139.5,8.063226
2006,19,9,-46.051548,-138.5,8.063288
2006,19,10,-46.051548,-137.5,8.063335
2006,19,11,-46.051548,-136.5,8.06333
2006,19,12,-46.051548,-135.5,8.0633
2006,19,13,-46.051548,-134.5,8.063091
2006,19,14,-46.051548,-133.5,8.062863
2006,19,15,-46.051548,-132.5,8.062619
2006,19,16,-46.051548,-131.5,8.062387
2006,19,17,-46.051548,-130.5,8.062112
2006,19,18,-46.051548,-129.5,8.061944
2006,19,19,-46.051548,-128.5,8.061818
2007,0,0,-57.695797,-147.5,8.031589
2007,0,1,-57.695797,-146.5,8.032027
2007,0,2,-57.695797,-145.5,8.032291
2007,0,3,-57.695797,-144.5,8.032862
2007,0,4,-57.695797,-143.5,8.035428
2007,0,5,-57.695797,-142.5,8.03785
2007,0,6,-57.695797,-141.5,8.039483
2007,0,7,-57.695797,-140.5,8.04103
2007,0,8,-57.695797,-139.5,8.042164
2007,0,9,-57.695797,-138.5,8.042956
2007,0,10,-57.695797,-137.5,8.043752
2007,0,11,-57.695797,-136.5,8.044637
2007,0,12,-57.695797,-135.5,8.045623
2007,0,13,-57.695797,-134.5,8.0461645
2007,0,14,-57.695797,-133.5,8.047242
2007,0,15,-57.695797,-132.5,8.048213
2007,0,16,-57.695797,-131.5,8.048942
2007,0,17,-57.695797,-130.5,8.049821
2007,0,18,-57.695797,-129.5,8.050624
2007,0,19,-57.695797,-128.5,8.051388
2007,1,0,-57.15743,-147.5,8.031927
2007,1,1,-57.15743,-146.5,8.032739
2007,1,2,-57.15743,-145.5,8.033206
2007,1,3,-57.15743,-144.5,8.034591
2007,1,4,-57.15743,-143.5,8.037243
2007,1,5,-57.15743,-142.5,8.039422
2007,1,6,-57.15743,-141.5,8.040837
2007,1,7,-57.15743,-140.5,8.04223
2007,1,8,-57.15743,-139.5,8.043045
2007,1,9,-57.15743,-138.5,8.043529
2007,1,10,-57.15743,-137.5,8.044162
2007,1,11,-57.15743,-136.5,8.044945
2007,1,12,-57.15743,-135.5,8.045938
2007,1,13,-57.15743,-134.5,8.04647
2007,1,14,-57.15743,-133.5,8.047608
2007,1,15,-57.15743,-132.5,8.048753
2007,1,16,-57.15743,-131.5,8.049642
2007,1,17,-57.15743,-130.5,8.050726
2007,1,18,-57.15743,-129.5,8.051702
2007,1,19,-57.15743,-128.5,8.052566
2007,2,0,-56.61111,-147.5,8.034214
2007,2,1,-56.61111,-146.5,8.0350275
2007,2,2,-56.61111,-145.5,8.03584
2007,2,3,-56.61111,-144.5,8.03741
2007,2,4,-56.61111,-143.5,8.039665
2007,2,5,-56.61111,-142.5,8.041361
2007,2,6,-56.61111,-141.5,8.042415
2007,2,7,-56.61111,-140.5,8.043586
2007,2,8,-56.61111,-139.5,8.044001
2007,2,9,-56.61111,-138.5,8.044321
2007,2,10,-56.61111,-137.5,8.044816
2007,2,11,-56.61111,-136.5,8.045547
2007,2,12,-56.61111,-135.5,8.046446
2007,2,13,-56.61111,-134.5,8.04704
2007,2,14,-56.61111,-133.5,8.048186
2007,2,15,-56.61111,-132.5,8.049444
2007,2,16,-56.61111,-131.5,8.050469
2007,2,17,-56.61111,-130.5,8.051701
2007,2,18,-56.61111,-129.5,8.05273
2007,2,19,-56.61111,-128.5,8.053628
2007,3,0,-56.05677,-147.5,8.038361
2007,3,1,-56.05677,-146.5,8.039096
2007,3,2,-56.05677,-145.5,8.039879
2007,3,3,-56.05677,-144.5,8.040977
2007,3,4,-56.05677,-143.5,8.042362
2007,3,5,-56.05677,-142.5,8.043303
2007,3,6,-56.05677,-141.5,8.044105
2007,3,7,-56.05677,-140.5,8.044603
2007,3,8,-56.05677,-139.5,8.044814
2007,3,9,-56.05677,-138.5,8.044995
2007,3,10,-56.05677,-137.5,8.045311
2007,3,11,-56.05677,-136.5,8.045928
2007,3,12,-56.05677,-135.5,8.046824
2007,3,13,-56.05677,-134.5,8.047475
2007,3,14,-56.05677,-133.5,8.048708
2007,3,15,-56.05677,-132.5,8.05012
2007,3,16,-56.05677,-131.5,8.051283
2007,3,17,-56.05677,-130.5,8.052649
2007,3,18,-56.05677,-129.5,8.05372
2007,3,19,-56.05677,-128.5,8.0546
2007,4,0,-55.494347,-147.5,8.041693
2007,4,1,-55.494347,-146.5,8.042064
2007,4,2,-55.494347,-145.5,8.042794
2007,4,3,-55.494347,-144.5,8.043368
2007,4,4,-55.494347,-143.5,8.044204
2007,4,5,-55.494347,-142.5,8.044863
2007,4,6,-55.494347,-141.5,8.045589
2007,4,7,-55.494347,-140.5,8.045587
2007,4,8,-55.494347,-139.5,8.045719
2007,4,9,-55.494347,-138.5,8.045773
2007,4,10,-55.494347,-137.5,8.0458555
2007,4,11,-55.494347,-136.5,8.046361
2007,4,12,-55.494347,-135.5,8.04735
2007,4,13,-55.494347,-134.5,8.048089
2007,4,14,-55.494347,-133.5,8.049435
2007,4,15,-55.494347,-132.5,8.050897
2007,4,16,-55.494347,-131.5,8.052094
2007,4,17,-55.494347,-130.5,8.053475
2007,4,18,-55.494347,-129.5,8.054496
2007,4,19,-55.494347,-128.5,8.05533
2007,5,0,-54.923775,-147.5,8.044728
2007,5,1,-54.923775,-146.5,8.045037
2007,5,2,-54.923775,-145.5,8.045693
2007,5,3,-54.923775,-144.5,8.046094
2007,5,4,-54.923775,-143.5,8.046701
2007,5,5,-54.923775,-142.5,8.047224
2007,5,6,-54.923775,-141.5,8.047753
2007,5,7,-54.923775,-140.5,8.047368
2007,5,8,-54.923775,-139.5,8.047294
2007,5,9,-54.923775,-138.5,8.047049
2007,5,10,-54.923775,-137.5,8.046933
2007,5,11,-54.923775,-136.5,8.047291
2007,5,12,-54.923775,-135.5,8.048238
2007,5,13,-54.923775,-134.5,8.049088
2007,5,14,-54.923775,-133.5,8.050481
2007,5,15,-54.923775,-132.5,8.051959
2007,5,16,-54.923775,-131.5,8.053124
2007,5,17,-54.923775,-130.5,8.054397
2007,5,18,-54.923775,-129.5,8.05539
2007,5,19,-54.923775,-128.5,8.055787
2007,6,0,-54.344994,-147.5,8.046718
2007,6,1,-54.344994,-146.5,8.0469885
2007,6,2,-54.344994,-145.5,8.04752
2007,6,3,-54.344994,-144.5,8.047732
2007,6,4,-54.344994,-143.5,8.048232
2007,6,5,-54.344994,-142.5,8.048771
2007,6,6,-54.344994,-141.5,8.049073
2007,6,7,-54.344994,-140.5,8.048753
2007,6,8,-54.344994,-139.5,8.048677
2007,6,9,-54.344994,-138.5,8.048421
2007,6,10,-54.344994,-137.5,8.04816
2007,6,11,-54.344994,-136.5,8.048427
2007,6,12,-54.344994,-135.5,8.049291
2007,6,13,-54.344994,-134.5,8.050138
2007,6,14,-54.344994,-133.5,8.05153
2007,6,15,-54.344994,-132.5,8.052963
2007,6,16,-54.344994,-131.5,8.054107
2007,6,17,-54.344994,-130.5,8.055259
2007,6,18,-54.344994,-129.5,8.056151
2007,6,19,-54.344994,-128.5,8.05639
2007,7,0,-53.75795,-147.5,8.048837
2007,7,1,-53.75795,-146.5,8.049121
2007,7,2,-53.75795,-145.5,8.0495825
2007,7,3,-53.75795,-144.5,8.0498705
2007,7,4,-53.75795,-143.5,8.050374
2007,7,5,-53.75795,-142.5,8.050775
2007,7,6,-53.75795,-141.5,8.050933
2007,7,7,-53.75795,-140.5,8.050651
2007,7,8,-53.75795,-139.5,8.05056
2007,7,9,-53.75795,-138.5,8.050306
2007,7,10,-53.75795,-137.5,8.049988
2007,7,11,-53.75795,-136.5,8.050164
2007,7,12,-53.75795,-135.5,8.050846
2007,7,13,-53.75795,-134.5,8.051653
2007,7,14,-53.75795,-133.5,8.052862
2007,7,15,-53.75795,-132.5,8.054101
2007,7,16,-53.75795,-131.5,8.05513
2007,7,17,-53.75795,-130.5,8.055971
2007,7,18,-53.75795,-129.5,8.056619
2007,7,19,-53.75795,-128.5,8.056644
2007,8,0,-53.162582,-147.5,8.050788
2007,8,1,-53.162582,-146.5,8.051053
2007,8,2,-53.162582,-145.5,8.051501
2007,8,3,-53.162582,-144.5,8.051859
2007,8,4,-53.162582,-143.5,8.052318
2007,8,5,-53.162582,-142.5,8.0526085
2007,8,6,-53.162582,-141.5,8.052805
2007,8,7,-53.162582,-140.5,8.052489
2007,8,8,-53.162582,-139.5,8.052387
2007,8,9,-53.162582,-138.5,8.052174
2007,8,10,-53.162582,-137.5,8.051848
2007,8,11,-53.162582,-136.5,8.051994
2007,8,12,-53.162582,-135.5,8.052502
2007,8,13,-53.162582,-134.5,8.053049
2007,8,14,-53.162582,-133.5,8.054169
2007,8,15,-53.162582,-132.5,8.055213
2007,8,16,-53.162582,-131.5,8.056053
2007,8,17,-53.162582,-130.5,8.056612
2007,8,18,-53.162582,-129.5,8.057136
2007,8,19,-53.162582,-128.5,8.057008
2007,9,0,-52.558838,-147.5,8.05313
2007,9,1,-52.558838,-146.5,8.053445
2007,9,2,-52.558838,-145.5,8.0539255
2007,9,3,-52.558838,-144.5,8.05431
2007,9,4,-52.558838,-143.5,8.05467
2007,9,5,-52.558838,-142.5,8.054883
2007,9,6,-52.558838,-141.5,8.055076
2007,9,7,-52.558838,-140.5,8.054914
2007,9,8,-52.558838,-139.5,8.054798
2007,9,9,-52.558838,-138.5,8.054502
2007,9,10,-52.558838,-137.5,8.054204
2007,9,11,-52.558838,-136.5,8.0543165
2007,9,12,-52.558838,-135.5,8.054561
2007,9,13,-52.558838,-134.5,8.054898
2007,9,14,-52.558838,-133.5,8.055528
2007,9,15,-52.558838,-132.5,8.056116
2007,9,16,-52.558838,-131.5,8.05659
2007,9,17,-52.558838,-130.5,8.056943
2007,9,18,-52.558838,-129.5,8.057335
2007,9,19,-52.558838,-128.5,8.057076
2007,10,0,-51.946674,-147.5,8.055448
2007,10,1,-51.946674,-146.5,8.055789
2007,10,2,-51.946674,-145.5,8.056281
2007,10,3,-51.946674,-144.5,8.056689
2007,10,4,-51.946674,-143.5,8.056985
2007,10,5,-51.946674,-142.5,8.057065
2007,10,6,-51.946674,-141.5,8.057197
2007,10,7,-51.946674,-140.5,8.057106
2007,10,8,-51.946674,-139.5,8.057087
2007,10,9,-51.946674,-138.5,8.056818
2007,10,10,-51.946674,-137.5,8.056541
2007,10,11,-51.946674,-136.5,8.056504
2007,10,12,-51.946674,-135.5,8.056582
2007,10,13,-51.946674,-134.5,8.05656
2007,10,14,-51.946674,-133.5,8.056709
2007,10,15,-51.946674,-132.5,8.056849
2007,10,16,-51.946674,-131.5,8.057065
2007,10,17,-51.946674,-130.5,8.05713
2007,10,18,-51.946674,-129.5,8.05725
2007,10,19,-51.946674,-128.5,8.056969
2007,11,0,-51.326035,-147.5,8.057946
2007,11,1,-51.326035,-146.5,8.058279
2007,11,2,-51.326035,-145.5,8.058618
2007,11,3,-51.326035,-144.5,8.058957
2007,11,4,-51.326035,-143.5,8.059094
2007,11,5,-51.326035,-142.5,8.058971
2007,11,6,-51.326035,-141.5,8.059019
2007,11,7,-51.326035,-140.5,8.058907
2007,11,8,-51.326035,-139.5,8.058919
2007,11,9,-51.326035,-138.5,8.0586405
2007,11,10,-51.326035,-137.5,8.058348
2007,11,11,-51.326035,-136.5,8.058152
2007,11,12,-51.326035,-135.5,8.057958
2007,11,13,-51.326035,-134.5,8.057796
2007,11,14,-51.326035,-133.5,8.057561
2007,11,15,-51.326035,-132.5,8.0573225
2007,11,16,-51.326035,-131.5,8.057245
2007,11,17,-51.326035,-130.5,8.057067
2007,11,18,-51.326035,-129.5,8.05714
2007,11,19,-51.326035,-128.5,8.056836
2007,12,0,-50.696884,-147.5,8.060187
2007,12,1,-50.696884,-146.5,8.060515
2007,12,2,-50.696884,-145.5,8.060665
2007,12,3,-50.696884,-144.5,8.060841
2007,12,4,-50.696884,-143.5,8.06078
2007,12,5,-50.696884,-142.5,8.060498
2007,12,6,-50.696884,-141.5,8.060461
2007,12,7,-50.696884,-140.5,8.060242
2007,12,8,-50.696884,-139.5,8.060223
2007,12,9,-50.696884,-138.5,8.059889
2007,12,10,-50.696884,-137.5,8.059514
2007,12,11,-50.696884,-136.5,8.059249
2007,12,12,-50.696884,-135.5,8.058799
2007,12,13,-50.696884,-134.5,8.058459
2007,12,14,-50.696884,-133.5,8.057945
2007,12,15,-50.696884,-132.5,8.057351
2007,12,16,-50.696884,-131.5,8.0569935
2007,12,17,-50.696884,-130.5,8.056471
2007,12,18,-50.696884,-129.5,8.056405
2007,12,19,-50.696884,-128.5,8.056192
2007,13,0,-50.059177,-147.5,8.062095
2007,13,1,-50.059177,-146.5,8.062194
2007,13,2,-50.059177,-145.5,8.062144
2007,13,3,-50.059177,-144.5,8.062214
2007,13,4,-50.059177,-143.5,8.062153
2007,13,5,-50.059177,-142.5,8.061774
2007,13,6,-50.059177,-141.5,8.061576
2007,13,7,-50.059177,-140.5,8.061151
2007,13,8,-50.059177,-139.5,8.061011
2007,13,9,-50.059177,-138.5,8.060551
2007,13,10,-50.059177,-137.5,8.060022
2007,13,11,-50.059177,-136.5,8.059658
2007,13,12,-50.059177,-135.5,8.059167
2007,13,13,-50.059177,-134.5,8.058757
2007,13,14,-50.059177,-133.5,8.058169
2007,13,15,-50.059177,-132.5,8.05741
2007,13,16,-50.059177,-131.5,8.056883
2007,13,17,-50.059177,-130.5,8.056325
2007,13,18,-50.059177,-129.5,8.05607
2007,13,19,-50.059177,-128.5,8.055844
2007,14,0,-49.41288,-147.5,8.063291
2007,14,1,-49.41288,-146.5,8.063273
2007,14,2,-49.41288,-145.5,8.0631
2007,14,3,-49.41288,-144.5,8.0631
2007,14,4,-49.41288,-143.5,8.062787
2007,14,5,-49.41288,-142.5,8.062332
2007,14,6,-49.41288,-141.5,8.0620365
2007,14,7,-49.41288,-140.5,8.061526
2007,14,8,-49.41288,-139.5,8.061363
2007,14,9,-49.41288,-138.5,8.060866
2007,14,10,-49.41288,-137.5,8.06022
2007,14,11,-49.41288,-136.5,8.0598135
2007,14,12,-49.41288,-135.5,8.059182
2007,14,13,-49.41288,-134.5,8.058675
2007,14,14,-49.41288,-133.5,8.058059
2007,14,15,-49.41288,-132.5,8.057311
2007,14,16,-49.41288,-131.5,8.056815
2007,14,17,-49.41288,-130.5,8.056281
2007,14,18,-49.41288,-129.5,8.055821
2007,14,19,-49.41288,-128.5,8.055478
2007,15,0,-48.757957,-147.5,8.064398
2007,15,1,-48.757957,-146.5,8.064183
2007,15,2,-48.757957,-145.5,8.0638075
2007,15,3,-48.757957,-144.5,8.063719
2007,15,4,-48.757957,-143.5,8.063281
2007,15,5,-48.757957,-142.5,8.06266
2007,15,6,-48.757957,-141.5,8.062297
2007,15,7,-48.757957,-140.5,8.0616865
2007,15,8,-48.757957,-139.5,8.061472
2007,15,9,-48.757957,-138.5,8.061099
2007,15,10,-48.757957,-137.5,8.060515
2007,15,11,-48.757957,-136.5,8.059994
2007,15,12,-48.757957,-135.5,8.059181
2007,15,13,-48.757957,-134.5,8.058563
2007,15,14,-48.757957,-133.5,8.057937
2007,15,15,-48.757957,-132.5,8.057185
2007,15,16,-48.757957,-131.5,8.056649
2007,15,17,-48.757957,-130.5,8.05621
2007,15,18,-48.757957,-129.5,8.055867
2007,15,19,-48.757957,-128.5,8.055467
2007,16,0,-48.094387,-147.5,8.064865
2007,16,1,-48.094387,-146.5,8.064605
2007,16,2,-48.094387,-145.5,8.064147
2007,16,3,-48.094387,-144.5,8.064048
2007,16,4,-48.094387,-143.5,8.063488
2007,16,5,-48.094387,-142.5,8.062936
2007,16,6,-48.094387,-141.5,8.062656
2007,16,7,-48.094387,-140.5,8.061963
2007,16,8,-48.094387,-139.5,8.06152
2007,16,9,-48.094387,-138.5,8.061097
2007,16,10,-48.094387,-137.5,8.060442
2007,16,11,-48.094387,-136.5,8.059852
2007,16,12,-48.094387,-135.5,8.058895
2007,16,13,-48.094387,-134.5,8.058087
2007,16,14,-48.094387,-133.5,8.057522
2007,16,15,-48.094387,-132.5,8.056774
2007,16,16,-48.094387,-131.5,8.056308
2007,16,17,-48.094387,-130.5,8.055945
2007,16,18,-48.094387,-129.5,8.055643
2007,16,19,-48.094387,-128.5,8.055406
2007,17,0,-47.422142,-147.5,8.06449
2007,17,1,-47.422142,-146.5,8.064225
2007,17,2,-47.422142,-145.5,8.063842
2007,17,3,-47.422142,-144.5,8.063876
2007,17,4,-47.422142,-143.5,8.063294
2007,17,5,-47.422142,-142.5,8.062831
2007,17,6,-47.422142,-141.5,8.062555
2007,17,7,-47.422142,-140.5,8.061744
2007,17,8,-47.422142,-139.5,8.061179
2007,17,9,-47.422142,-138.5,8.060649
2007,17,10,-47.422142,-137.5,8.059963
2007,17,11,-47.422142,-136.5,8.059291
2007,17,12,-47.422142,-135.5,8.058364
2007,17,13,-47.422142,-134.5,8.057622
2007,17,14,-47.422142,-133.5,8.057223
2007,17,15,-47.422142,-132.5,8.056669
2007,17,16,-47.422142,-131.5,8.05627
2007,17,17,-47.422142,-130.5,8.055839
2007,17,18,-47.422142,-129.5,8.055429
2007,17,19,-47.422142,-128.5,8.055205
2007,18,0,-46.7412,-147.5,8.063497
2007,18,1,-46.7412,-146.5,8.063309
2007,18,2,-46.7412,-145.5,8.062903
2007,18,3,-46.7412,-144.5,8.062938
2007,18,4,-46.7412,-143.5,8.062369
2007,18,5,-46.7412,-142.5,8.061904
2007,18,6,-46.7412,-141.5,8.061593
2007,18,7,-46.7412,-140.5,8.060661
2007,18,8,-46.7412,-139.5,8.059897
2007,18,9,-46.7412,-138.5,8.059345
2007,18,10,-46.7412,-137.5,8.058719
2007,18,11,-46.7412,-136.5,8.058201
2007,18,12,-46.7412,-135.5,8.057561
2007,18,13,-46.7412,-134.5,8.056892
2007,18,14,-46.7412,-133.5,8.056647
2007,18,15,-46.7412,-132.5,8.0563135
2007,18,16,-46.7412,-131.5,8.05601
2007,18,17,-46.7412,-130.5,8.055573
2007,18,18,-46.7412,-129.5,8.055194
2007,18,19,-46.7412,-128.5,8.05508
2007,19,0,-46.051548,-147.5,8.062561
2007,19,1,-46.051548,-146.5,8.062376
2007,19,2,-46.051548,-145.5,8.061974
2007,19,3,-46.051548,-144.5,8.062039
2007,19,4,-46.051548,-143.5,8.061353
2007,19,5,-46.051548,-142.5,8.060691
2007,19,6,-46.051548,-141.5,8.060273
2007,19,7,-46.051548,-140.5,8.059432
2007,19,8,-46.051548,-139.5,8.058678
2007,19,9,-46.051548,-138.5,8.057986
2007,19,10,-46.051548,-137.5,8.057384
2007,19,11,-46.051548,-136.5,8.057017
2007,19,12,-46.051548,-135.5,8.0567045
2007,19,13,-46.051548,-134.5,8.056254
2007,19,14,-46.051548,-133.5,8.056057
2007,19,15,-46.051548,-132.5,8.055791
2007,19,16,-46.051548,-131.5,8.055598
2007,19,17,-46.051548,-130.5,8.055409
2007,19,18,-46.051548,-129.5,8.055093
2007,19,19,-46.051548,-128.5,8.055133
2008,0,0,-57.695797,-147.5,8.029092
2008,0,1,-57.695797,-146.5,8.028829
2008,0,2,-57.695797,-145.5,8.030845
2008,0,3,-57.695797,-144.5,8.033694
2008,0,4,-57.695797,-143.5,8.037097
2008,0,5,-57.695797,-142.5,8.039317
2008,0,6,-57.695797,-141.5,8.040534
2008,0,7,-57.695797,-140.5,8.041631
2008,0,8,-57.695797,-139.5,8.042587
2008,0,9,-57.695797,-138.5,8.043382
2008,0,10,-57.695797,-137.5,8.04415
2008,0,11,-57.695797,-136.5,8.0450115
2008,0,12,-57.695797,-135.5,8.045666
2008,0,13,-57.695797,-134.5,8.046094
2008,0,14,-57.695797,-133.5,8.0466585
2008,0,15,-57.695797,-132.5,8.047106
2008,0,16,-57.695797,-131.5,8.047379
2008,0,17,-57.695797,-130.5,8.047794
2008,0,18,-57.695797,-129.5,8.048042
2008,0,19,-57.695797,-128.5,8.048356
2008,1,0,-57.15743,-147.5,8.032249
2008,1,1,-57.15743,-146.5,8.03249
2008,1,2,-57.15743,-145.5,8.033879
2008,1,3,-57.15743,-144.5,8.036112
2008,1,4,-57.15743,-143.5,8.038833
2008,1,5,-57.15743,-142.5,8.040488
2008,1,6,-57.15743,-141.5,8.04135
2008,1,7,-57.15743,-140.5,8.04218
2008,1,8,-57.15743,-139.5,8.043015
2008,1,9,-57.15743,-138.5,8.043654
2008,1,10,-57.15743,-137.5,8.044267
2008,1,11,-57.15743,-136.5,8.045014
2008,1,12,-57.15743,-135.5,8.0457535
2008,1,13,-57.15743,-134.5,8.04618
2008,1,14,-57.15743,-133.5,8.046679
2008,1,15,-57.15743,-132.5,8.047138
2008,1,16,-57.15743,-131.5,8.047429
2008,1,17,-57.15743,-130.5,8.047893
2008,1,18,-57.15743,-129.5,8.048225
2008,1,19,-57.15743,-128.5,8.048729
2008,2,0,-56.61111,-147.5,8.035483
2008,2,1,-56.61111,-146.5,8.036271
2008,2,2,-56.61111,-145.5,8.0374365
2008,2,3,-56.61111,-144.5,8.03888
2008,2,4,-56.61111,-143.5,8.040507
2008,2,5,-56.61111,-142.5,8.041436
2008,2,6,-56.61111,-141.5,8.041889
2008,2,7,-56.61111,-140.5,8.042625
2008,2,8,-56.61111,-139.5,8.043208
2008,2,9,-56.61111,-138.5,8.043859
2008,2,10,-56.61111,-137.5,8.044493
2008,2,11,-56.61111,-136.5,8.045226
2008,2,12,-56.61111,-135.5,8.045907
2008,2,13,-56.61111,-134.5,8.046231
2008,2,14,-56.61111,-133.5,8.046708
2008,2,15,-56.61111,-132.5,8.047182
2008,2,16,-56.61111,-131.5,8.0474825
2008,2,17,-56.61111,-130.5,8.048072
2008,2,18,-56.61111,-129.5,8.048459
2008,2,19,-56.61111,-128.5,8.049115
2008,3,0,-56.05677,-147.5,8.038997
2008,3,1,-56.05677,-146.5,8.039763
2008,3,2,-56.05677,-145.5,8.0406275
2008,3,3,-56.05677,-144.5,8.041156
2008,3,4,-56.05677,-143.5,8.041825
2008,3,5,-56.05677,-142.5,8.042101
2008,3,6,-56.05677,-141.5,8.042454
2008,3,7,-56.05677,-140.5,8.042977
2008,3,8,-56.05677,-139.5,8.043214
2008,3,9,-56.05677,-138.5,8.04383
2008,3,10,-56.05677,-137.5,8.044414
2008,3,11,-56.05677,-136.5,8.045134
2008,3,12,-56.05677,-135.5,8.045818
2008,3,13,-56.05677,-134.5,8.046111
2008,3,14,-56.05677,-133.5,8.04672
2008,3,15,-56.05677,-132.5,8.047311
2008,3,16,-56.05677,-131.5,8.047793
2008,3,17,-56.05677,-130.5,8.048556
2008,3,18,-56.05677,-129.5,8.049099
2008,3,19,-56.05677,-128.5,8.049899
2008,4,0,-55.494347,-147.5,8.041015
2008,4,1,-55.494347,-146.5,8.041377
2008,4,2,-55.494347,-145.5,8.04196
2008,4,3,-55.494347,-144.5,8.04197
2008,4,4,-55.494347,-143.5,8.04231
2008,4,5,-55.494347,-142.5,8.042621
2008,4,6,-55.494347,-141.5,8.04321
2008,4,7,-55.494347,-140.5,8.043225
2008,4,8,-55.494347,-139.5,8.043517
2008,4,9,-55.494347,-138.5,8.0439825
2008,4,10,-55.494347,-137.5,8.044392
2008,4,11,-55.494347,-136.5,8.045155
2008,4,12,-55.494347,-135.5,8.045814
2008,4,13,-55.494347,-134.5,8.046174
2008,4,14,-55.494347,-133.5,8.046861
2008,4,15,-55.494347,-132.5,8.047582
2008,4,16,-55.494347,-131.5,8.048221
2008,4,17,-55.494347,-130.5,8.049096
2008,4,18,-55.494347,-129.5,8.04972
2008,4,19,-55.494347,-128.5,8.05055
2008,5,0,-54.923775,-147.5,8.042888
2008,5,1,-54.923775,-146.5,8.043178
2008,5,2,-54.923775,-145.5,8.043626
2008,5,3,-54.923775,-144.5,8.043685
2008,5,4,-54.923775,-143.5,8.044064
2008,5,5,-54.923775,-142.5,8.044379
2008,5,6,-54.923775,-141.5,8.045058
2008,5,7,-54.923775,-140.5,8.04469
2008,5,8,-54.923775,-139.5,8.044872
2008,5,9,-54.923775,-138.5,8.045026
2008,5,10,-54.923775,-137.5,8.045148
2008,5,11,-54.923775,-136.5,8.045741
2008,5,12,-54.923775,-135.5,8.046352
2008,5,13,-54.923775,-134.5,8.04669
2008,5,14,-54.923775,-133.5,8.0473995
2008,5,15,-54.923775,-132.5,8.048196
2008,5,16,-54.923775,-131.5,8.048893
2008,5,17,-54.923775,-130.5,8.049779
2008,5,18,-54.923775,-129.5,8.050501
2008,5,19,-54.923775,-128.5,8.051138
2008,6,0,-54.344994,-147.5,8.043873
2008,6,1,-54.344994,-146.5,8.044174
2008,6,2,-54.344994,-145.5,8.044608
2008,6,3,-54.344994,-144.5,8.044727
2008,6,4,-54.344994,-143.5,8.045162
2008,6,5,-54.344994,-142.5,8.045572
2008,6,6,-54.344994,-141.5,8.046156
2008,6,7,-54.344994,-140.5,8.045949
2008,6,8,-54.344994,-139.5,8.046113
2008,6,9,-54.344994,-138.5,8.046193
2008,6,10,-54.344994,-137.5,8.046163
2008,6,11,-54.344994,-136.5,8.046538
2008,6,12,-54.344994,-135.5,8.04708
2008,6,13,-54.344994,-134.5,8.047408
2008,6,14,-54.344994,-133.5,8.048203
2008,6,15,-54.344994,-132.5,8.048972
2008,6,16,-54.344994,-131.5,8.0496855
2008,6,17,-54.344994,-130.5,8.050585
2008,6,18,-54.344994,-129.5,8.05132
2008,6,19,-54.344994,-128.5,8.051755
2008,7,0,-53.75795,-147.5,8.045549
2008,7,1,-53.75795,-146.5,8.045919
2008,7,2,-53.75795,-145.5,8.046455
2008,7,3,-53.75795,-144.5,8.046752
2008,7,4,-53.75795,-143.5,8.047231
2008,7,5,-53.75795,-142.5,8.047622
2008,7,6,-53.75795,-141.5,8.047963
2008,7,7,-53.75795,-140.5,8.047845
2008,7,8,-53.75795,-139.5,8.047911
2008,7,9,-53.75795,-138.5,8.047888
2008,7,10,-53.75795,-137.5,8.047754
2008,7,11,-53.75795,-136.5,8.047852
2008,7,12,-53.75795,-135.5,8.048329
2008,7,13,-53.75795,-134.5,8.048585
2008,7,14,-53.75795,-133.5,8.0492525
2008,7,15,-53.75795,-132.5,8.049919
2008,7,16,-53.75795,-131.5,8.050544
2008,7,17,-53.75795,-130.5,8.051282
2008,7,18,-53.75795,-129.5,8.051868
2008,7,19,-53.75795,-128.5,8.052129
2008,8,0,-53.162582,-147.5,8.047456
2008,8,1,-53.162582,-146.5,8.047858
2008,8,2,-53.162582,-145.5,8.048413
2008,8,3,-53.162582,-144.5,8.048736
2008,8,4,-53.162582,-143.5,8.04922
2008,8,5,-53.162582,-142.5,8.049537
2008,8,6,-53.162582,-141.5,8.0498085
2008,8,7,-53.162582,-140.5,8.049688
2008,8,8,-53.162582,-139.5,8.049725
2008,8,9,-53.162582,-138.5,8.049641
2008,8,10,-53.162582,-137.5,8.049457
2008,8,11,-53.162582,-136.5,8.049449
2008,8,12,-53.162582,-135.5,8.049684
2008,8,13,-53.162582,-134.5,8.049726
2008,8,14,-53.162582,-133.5,8.050313
2008,8,15,-53.162582,-132.5,8.050868
2008,8,16,-53.162582,-131.5,8.051404
2008,8,17,-53.162582,-130.5,8.052069
2008,8,18,-53.162582,-129.5,8.05246
2008,8,19,-53.162582,-128.5,8.052646
2008,9,0,-52.558838,-147.5,8.0498705
2008,9,1,-52.558838,-146.5,8.050305
2008,9,2,-52.558838,-145.5,8.050789
2008,9,3,-52.558838,-144.5,8.051091
2008,9,4,-52.558838,-143.5,8.051457
2008,9,5,-52.558838,-142.5,8.051595
2008,9,6,-52.558838,-141.5,8.051759
2008,9,7,-52.558838,-140.5,8.051643
2008,9,8,-52.558838,-139.5,8.051555
2008,9,9,-52.558838,-138.5,8.051454
2008,9,10,-52.558838,-137.5,8.05124
2008,9,11,-52.558838,-136.5,8.0511875
2008,9,12,-52.558838,-135.5,8.051259
2008,9,13,-52.558838,-134.5,8.051206
2008,9,14,-52.558838,-133.5,8.051544
2008,9,15,-52.558838,-132.5,8.0519
2008,9,16,-52.558838,-131.5,8.052315
2008,9,17,-52.558838,-130.5,8.052772
2008,9,18,-52.558838,-129.5,8.052983
2008,9,19,-52.558838,-128.5,8.053052
2008,10,0,-51.946674,-147.5,8.052442
2008,10,1,-51.946674,-146.5,8.052876
2008,10,2,-51.946674,-145.5,8.053238
2008,10,3,-51.946674,-144.5,8.053487
2008,10,4,-51.946674,-143.5,8.053683
2008,10,5,-51.946674,-142.5,8.053672
2008,10,6,-51.946674,-141.5,8.053715
2008,10,7,-51.946674,-140.5,8.053432
2008,10,8,-51.946674,-139.5,8.053326
2008,10,9,-51.946674,-138.5,8.053233
2008,10,10,-51.946674,-137.5,8.052993
2008,10,11,-51.946674,-136.5,8.052852
2008,10,12,-51.946674,-135.5,8.052804
2008,10,13,-51.946674,-134.5,8.052657
2008,10,14,-51.946674,-133.5,8.052831
2008,10,15,-51.946674,-132.5,8.052905
2008,10,16,-51.946674,-131.5,8.053149
2008,10,17,-51.946674,-130.5,8.053445
2008,10,18,-51.946674,-129.5,8.053533
2008,10,19,-51.946674,-128.5,8.0535
2008,11,0,-51.326035,-147.5,8.055102
2008,11,1,-51.326035,-146.5,8.0554695
2008,11,2,-51.326035,-145.5,8.055698
2008,11,3,-51.326035,-144.5,8.055764
2008,11,4,-51.326035,-143.5,8.055755
2008,11,5,-51.326035,-142.5,8.055628
2008,11,6,-51.326035,-141.5,8.055665
2008,11,7,-51.326035,-140.5,8.055318
2008,11,8,-51.326035,-139.5,8.055089
2008,11,9,-51.326035,-138.5,8.054934
2008,11,10,-51.326035,-137.5,8.054681
2008,11,11,-51.326035,-136.5,8.054406
2008,11,12,-51.326035,-135.5,8.054118
2008,11,13,-51.326035,-134.5,8.053814
2008,11,14,-51.326035,-133.5,8.053761
2008,11,15,-51.326035,-132.5,8.053748
2008,11,16,-51.326035,-131.5,8.0538
2008,11,17,-51.326035,-130.5,8.053987
2008,11,18,-51.326035,-129.5,8.054122
2008,11,19,-51.326035,-128.5,8.0539465
2008,12,0,-50.696884,-147.5,8.057431
2008,12,1,-50.696884,-146.5,8.057645
2008,12,2,-50.696884,-145.5,8.05765
2008,12,3,-50.696884,-144.5,8.057578
2008,12,4,-50.696884,-143.5,8.057456
2008,12,5,-50.696884,-142.5,8.0572405
2008,12,6,-50.696884,-141.5,8.057181
2008,12,7,-50.696884,-140.5,8.056672
2008,12,8,-50.696884,-139.5,8.056272
2008,12,9,-50.696884,-138.5,8.056115
2008,12,10,-50.696884,-137.5,8.0558405
2008,12,11,-50.696884,-136.5,8.055549
2008,12,12,-50.696884,-135.5,8.055068
2008,12,13,-50.696884,-134.5,8.054644
2008,12,14,-50.696884,-133.5,8.0544815
2008,12,15,-50.696884,-132.5,8.054302
2008,12,16,-50.696884,-131.5,8.054206
2008,12,17,-50.696884,-130.5,8.054315
2008,12,18,-50.696884,-129.5,8.054496
2008,12,19,-50.696884,-128.5,8.054378
2008,13,0,-50.059177,-147.5,8.059174
2008,13,1,-50.059177,-146.5,8.059218
2008,13,2,-50.059177,-145.5,8.059014
2008,13,3,-50.059177,-144.5,8.058852
2008,13,4,-50.059177,-143.5,8.058661
2008,13,5,-50.059177,-142.5,8.058339
2008,13,6,-50.059177,-141.5,8.058248
2008,13,7,-50.059177,-140.5,8.057673
2008,13,8,-50.059177,-139.5,8.057245
2008,13,9,-50.059177,-138.5,8.0570135
2008,13,10,-50.059177,-137.5,8.056591
2008,13,11,-50.059177,-136.5,8.056188
2008,13,12,-50.059177,-135.5,8.055586
2008,13,13,-50.059177,-134.5,8.05519
2008,13,14,-50.059177,-133.5,8.055033
2008,13,15,-50.059177,-132.5,8.054887
2008,13,16,-50.059177,-131.5,8.05478
2008,13,17,-50.059177,-130.5,8.054769
2008,13,18,-50.059177,-129.5,8.054847
2008,13,19,-50.059177,-128.5,8.054726
2008,14,0,-49.41288,-147.5,8.060256
2008,14,1,-49.41288,-146.5,8.060191
2008,14,2,-49.41288,-145.5,8.059804
2008,14,3,-49.41288,-144.5,8.059476
2008,14,4,-49.41288,-143.5,8.059279
2008,14,5,-49.41288,-142.5,8.058901
2008,14,6,-49.41288,-141.5,8.058675
2008,14,7,-49.41288,-140.5,8.058146
2008,14,8,-49.41288,-139.5,8.057722
2008,14,9,-49.41288,-138.5,8.057386
2008,14,10,-49.41288,-137.5,8.056931
2008,14,11,-49.41288,-136.5,8.056559
2008,14,12,-49.41288,-135.5,8.055913
2008,14,13,-49.41288,-134.5,8.055509
2008,14,14,-49.41288,-133.5,8.055419
2008,14,15,-49.41288,-132.5,8.055319
2008,14,16,-49.41288,-131.5,8.05527
2008,14,17,-49.41288,-130.5,8.05515
2008,14,18,-49.41288,-129.5,8.055203
2008,14,19,-49.41288,-128.5,8.055047
2008,15,0,-48.757957,-147.5,8.060925
2008,15,1,-48.757957,-146.5,8.060772
2008,15,2,-48.757957,-145.5,8.060275
2008,15,3,-48.757957,-144.5,8.0599575
2008,15,4,-48.757957,-143.5,8.059661
2008,15,5,-48.757957,-142.5,8.059185
2008,15,6,-48.757957,-141.5,8.058881
2008,15,7,-48.757957,-140.5,8.058406
2008,15,8,-48.757957,-139.5,8.058012
2008,15,9,-48.757957,-138.5,8.057719
2008,15,10,-48.757957,-137.5,8.05726
2008,15,11,-48.757957,-136.5,8.056957
2008,15,12,-48.757957,-135.5,8.056336
2008,15,13,-48.757957,-134.5,8.055921
2008,15,14,-48.757957,-133.5,8.0557995
2008,15,15,-48.757957,-132.5,8.055755
2008,15,16,-48.757957,-131.5,8.055823
2008,15,17,-48.757957,-130.5,8.055695
2008,15,18,-48.757957,-129.5,8.055688
2008,15,19,-48.757957,-128.5,8.055484
2008,16,0,-48.094387,-147.5,8.060896
2008,16,1,-48.094387,-146.5,8.06076
2008,16,2,-48.094387,-145.5,8.060232
2008,16,3,-48.094387,-144.5,8.059873
2008,16,4,-48.094387,-143.5,8.059519
2008,16,5,-48.094387,-142.5,8.058976
2008,16,6,-48.094387,-141.5,8.058724
2008,16,7,-48.094387,-140.5,8.058406
2008,16,8,-48.094387,-139.5,8.05809
2008,16,9,-48.094387,-138.5,8.057809
2008,16,10,-48.094387,-137.5,8.0573
2008,16,11,-48.094387,-136.5,8.057044
2008,16,12,-48.094387,-135.5,8.056448
2008,16,13,-48.094387,-134.5,8.056109
2008,16,14,-48.094387,-133.5,8.056029
2008,16,15,-48.094387,-132.5,8.056015
2008,16,16,-48.094387,-131.5,8.056077
2008,16,17,-48.094387,-130.5,8.055936
2008,16,18,-48.094387,-129.5,8.055845
2008,16,19,-48.094387,-128.5,8.055719
2008,17,0,-47.422142,-147.5,8.060289
2008,17,1,-47.422142,-146.5,8.060068
2008,17,2,-47.422142,-145.5,8.059612
2008,17,3,-47.422142,-144.5,8.05938
2008,17,4,-47.422142,-143.5,8.059115
2008,17,5,-47.422142,-142.5,8.058691
2008,17,6,-47.422142,-141.5,8.058454
2008,17,7,-47.422142,-140.5,8.058242
2008,17,8,-47.422142,-139.5,8.058026
2008,17,9,-47.422142,-138.5,8.057742
2008,17,10,-47.422142,-137.5,8.057334
2008,17,11,-47.422142,-136.5,8.057068
2008,17,12,-47.422142,-135.5,8.056571
2008,17,13,-47.422142,-134.5,8.056333
2008,17,14,-47.422142,-133.5,8.056375
2008,17,15,-47.422142,-132.5,8.05639
2008,17,16,-47.422142,-131.5,8.056426
2008,17,17,-47.422142,-130.5,8.0562315
2008,17,18,-47.422142,-129.5,8.056006
2008,17,19,-47.422142,-128.5,8.055748
2008,18,0,-46.7412,-147.5,8.059339
2008,18,1,-46.7412,-146.5,8.059208
2008,18,2,-46.7412,-145.5,8.058773
2008,18,3,-46.7412,-144.5,8.058529
2008,18,4,-46.7412,-143.5,8.058373
2008,18,5,-46.7412,-142.5,8.058034
2008,18,6,-46.7412,-141.5,8.057791
2008,18,7,-46.7412,-140.5,8.057646
2008,18,8,-46.7412,-139.5,8.057568
2008,18,9,-46.7412,-138.5,8.057389
2008,18,10,-46.7412,-137.5,8.057046
2008,18,11,-46.7412,-136.5,8.056781
2008,18,12,-46.7412,-135.5,8.056369
2008,18,13,-46.7412,-134.5,8.056136
2008,18,14,-46.7412,-133.5,8.056286
2008,18,15,-46.7412,-132.5,8.056338
2008,18,16,-46.7412,-131.5,8.0564375
2008,18,17,-46.7412,-130.5,8.056202
2008,18,18,-46.7412,-129.5,8.055966
2008,18,19,-46.7412,-128.5,8.055596
2008,19,0,-46.051548,-147.5,8.057979
2008,19,1,-46.051548,-146.5,8.057922
2008,19,2,-46.051548,-145.5,8.057605
2008,19,3,-46.051548,-144.5,8.057464
2008,19,4,-46.051548,-143.5,8.057458
2008,19,5,-46.051548,-142.5,8.057304
2008,19,6,-46.051548,-141.5,8.0571785
2008,19,7,-46.051548,-140.5,8.057141
2008,19,8,-46.051548,-139.5,8.057142
2008,19,9,-46.051548,-138.5,8.056954
2008,19,10,-46.051548,-137.5,8.056589
2008,19,11,-46.051548,-136.5,8.056531
2008,19,12,-46.051548,-135.5,8.056293
2008,19,13,-46.051548,-134.5,8.056238
2008,19,14,-46.051548,-133.5,8.056282
2008,19,15,-46.051548,-132.5,8.056176
2008,19,16,-46.051548,-131.5,8.05619
2008,19,17,-46.051548,-130.5,8.055839
2008,19,18,-46.051548,-129.5,8.055489
2008,19,19,-46.051548,-128.5,8.055307
2009,0,0,-57.695797,-147.5,8.035714
2009,0,1,-57.695797,-146.5,8.036033
2009,0,2,-57.695797,-145.5,8.037528
2009,0,3,-57.695797,-144.5,8.038402
2009,0,4,-57.695797,-143.5,8.040027
2009,0,5,-57.695797,-142.5,8.041457
2009,0,6,-57.695797,-141.5,8.042376
2009,0,7,-57.695797,-140.5,8.043504
2009,0,8,-57.695797,-139.5,8.044541
2009,0,9,-57.695797,-138.5,8.045157
2009,0,10,-57.695797,-137.5,8.045723
2009,0,11,-57.695797,-136.5,8.046354
2009,0,12,-57.695797,-135.5,8.046856
2009,0,13,-57.695797,-134.5,8.047146
2009,0,14,-57.695797,-133.5,8.047447
2009,0,15,-57.695797,-132.5,8.047588
2009,0,16,-57.695797,-131.5,8.047552
2009,0,17,-57.695797,-130.5,8.047584
2009,0,18,-57.695797,-129.5,8.047633
2009,0,19,-57.695797,-128.5,8.047828
2009,1,0,-57.15743,-147.5,8.036622
2009,1,1,-57.15743,-146.5,8.03773
2009,1,2,-57.15743,-145.5,8.038663
2009,1,3,-57.15743,-144.5,8.039382
2009,1,4,-57.15743,-143.5,8.040894
2009,1,5,-57.15743,-142.5,8.042195
2009,1,6,-57.15743,-141.5,8.043031
2009,1,7,-57.15743,-140.5,8.04418
2009,1,8,-57.15743,-139.5,8.044873
2009,1,9,-57.15743,-138.5,8.045449
2009,1,10,-57.15743,-137.5,8.046017
2009,1,11,-57.15743,-136.5,8.046629
2009,1,12,-57.15743,-135.5,8.047106
2009,1,13,-57.15743,-134.5,8.047263
2009,1,14,-57.15743,-133.5,8.047639
2009,1,15,-57.15743,-132.5,8.047802
2009,1,16,-57.15743,-131.5,8.047755
2009,1,17,-57.15743,-130.5,8.047868
2009,1,18,-57.15743,-129.5,8.048051
2009,1,19,-57.15743,-128.5,8.048377
2009,2,0,-56.61111,-147.5,8.037528
2009,2,1,-56.61111,-146.5,8.038861
2009,2,2,-56.61111,-145.5,8.039801
2009,2,3,-56.61111,-144.5,8.040582
2009,2,4,-56.61111,-143.5,8.041957
2009,2,5,-56.61111,-142.5,8.042977
2009,2,6,-56.61111,-141.5,8.043643
2009,2,7,-56.61111,-140.5,8.044614
2009,2,8,-56.61111,-139.5,8.045136
2009,2,9,-56.61111,-138.5,8.045673
2009,2,10,-56.61111,-137.5,8.046219
2009,2,11,-56.61111,-136.5,8.04689
2009,2,12,-56.61111,-135.5,8.047383
2009,2,13,-56.61111,-134.5,8.047463
2009,2,14,-56.61111,-133.5,8.047783
2009,2,15,-56.61111,-132.5,8.048058
2009,2,16,-56.61111,-131.5,8.047989
2009,2,17,-56.61111,-130.5,8.048268
2009,2,18,-56.61111,-129.5,8.048558
2009,2,19,-56.61111,-128.5,8.048897
2009,3,0,-56.05677,-147.5,8.039657
2009,3,1,-56.05677,-146.5,8.04078
2009,3,2,-56.05677,-145.5,8.041764
2009,3,3,-56.05677,-144.5,8.042443
2009,3,4,-56.05677,-143.5,8.043477
2009,3,5,-56.05677,-142.5,8.044089
2009,3,6,-56.05677,-141.5,8.044718
2009,3,7,-56.05677,-140.5,8.045246
2009,3,8,-56.05677,-139.5,8.04564
2009,3,9,-56.05677,-138.5,8.046042
2009,3,10,-56.05677,-137.5,8.046429
2009,3,11,-56.05677,-136.5,8.047112
2009,3,12,-56.05677,-135.5,8.047511
2009,3,13,-56.05677,-134.5,8.04761
2009,3,14,-56.05677,-133.5,8.048066
2009,3,15,-56.05677,-132.5,8.048356
2009,3,16,-56.05677,-131.5,8.048426
2009,3,17,-56.05677,-130.5,8.048915
2009,3,18,-56.05677,-129.5,8.049392
2009,3,19,-56.05677,-128.5,8.049602
2009,4,0,-55.494347,-147.5,8.041977
2009,4,1,-55.494347,-146.5,8.042446
2009,4,2,-55.494347,-145.5,8.043354
2009,4,3,-55.494347,-144.5,8.043751
2009,4,4,-55.494347,-143.5,8.044507
2009,4,5,-55.494347,-142.5,8.045009
2009,4,6,-55.494347,-141.5,8.045763
2009,4,7,-55.494347,-140.5,8.04571
2009,4,8,-55.494347,-139.5,8.046132
2009,4,9,-55.494347,-138.5,8.046415
2009,4,10,-55.494347,-137.5,8.0465765
2009,4,11,-55.494347,-136.5,8.0472
2009,4,12,-55.494347,-135.5,8.047624
2009,4,13,-55.494347,-134.5,8.047786
2009,4,14,-55.494347,-133.5,8.0483675
2009,4,15,-55.494347,-132.5,8.048709
2009,4,16,-55.494347,-131.5,8.048842
2009,4,17,-55.494347,-130.5,8.049428
2009,4,18,-55.494347,-129.5,8.049798
2009,4,19,-55.494347,-128.5,8.050038
2009,5,0,-54.923775,-147.5,8.044792
2009,5,1,-54.923775,-146.5,8.04514
2009,5,2,-54.923775,-145.5,8.045828
2009,5,3,-54.923775,-144.5,8.0461235
2009,5,4,-54.923775,-143.5,8.046706
2009,5,5,-54.923775,-142.5,8.04716
2009,5,6,-54.923775,-141.5,8.047666
2009,5,7,-54.923775,-140.5,8.04735
2009,5,8,-54.923775,-139.5,8.047479
2009,5,9,-54.923775,-138.5,8.047475
2009,5,10,-54.923775,-137.5,8.04746
2009,5,11,-54.923775,-136.5,8.047828
2009,5,12,-54.923775,-135.5,8.048248
2009,5,13,-54.923775,-134.5,8.048427
2009,5,14,-54.923775,-133.5,8.048981
2009,5,15,-54.923775,-132.5,8.049397
2009,5,16,-54.923775,-131.5,8.049594
2009,5,17,-54.923775,-130.5,8.049937
2009,5,18,-54.923775,-129.5,8.05019
2009,5,19,-54.923775,-128.5,8.050147
2009,6,0,-54.344994,-147.5,8.046803
2009,6,1,-54.344994,-146.5,8.046987
2009,6,2,-54.344994,-145.5,8.047533
2009,6,3,-54.344994,-144.5,8.047729
2009,6,4,-54.344994,-143.5,8.048268
2009,6,5,-54.344994,-142.5,8.04873
2009,6,6,-54.344994,-141.5,8.048966
2009,6,7,-54.344994,-140.5,8.048739
2009,6,8,-54.344994,-139.5,8.048711
2009,6,9,-54.344994,-138.5,8.048558
2009,6,10,-54.344994,-137.5,8.048443
2009,6,11,-54.344994,-136.5,8.048533
2009,6,12,-54.344994,-135.5,8.048961
2009,6,13,-54.344994,-134.5,8.049178
2009,6,14,-54.344994,-133.5,8.049636
2009,6,15,-54.344994,-132.5,8.049947
2009,6,16,-54.344994,-131.5,8.050144
2009,6,17,-54.344994,-130.5,8.050415
2009,6,18,-54.344994,-129.5,8.050574
2009,6,19,-54.344994,-128.5,8.050549
2009,7,0,-53.75795,-147.5,8.049329
2009,7,1,-53.75795,-146.5,8.049549
2009,7,2,-53.75795,-145.5,8.049977
2009,7,3,-53.75795,-144.5,8.050265
2009,7,4,-53.75795,-143.5,8.050753
2009,7,5,-53.75795,-142.5,8.05092
2009,7,6,-53.75795,-141.5,8.051005
2009,7,7,-53.75795,-140.5,8.050642
2009,7,8,-53.75795,-139.5,8.050361
2009,7,9,-53.75795,-138.5,8.050097
2009,7,10,-53.75795,-137.5,8.049832
2009,7,11,-53.75795,-136.5,8.04979
2009,7,12,-53.75795,-135.5,8.050133
2009,7,13,-53.75795,-134.5,8.050226
2009,7,14,-53.75795,-133.5,8.050441
2009,7,15,-53.75795,-132.5,8.050579
2009,7,16,-53.75795,-131.5,8.050651
2009,7,17,-53.75795,-130.5,8.050771
2009,7,18,-53.75795,-129.5,8.050786
2009,7,19,-53.75795,-128.5,8.050685
2009,8,0,-53.162582,-147.5,8.051599
2009,8,1,-53.162582,-146.5,8.051837
2009,8,2,-53.162582,-145.5,8.052185
2009,8,3,-53.162582,-144.5,8.052442
2009,8,4,-53.162582,-143.5,8.052704
2009,8,5,-53.162582,-142.5,8.052806
2009,8,6,-53.162582,-141.5,8.052786
2009,8,7,-53.162582,-140.5,8.052415
2009,8,8,-53.162582,-139.5,8.052145
2009,8,9,-53.162582,-138.5,8.051736
2009,8,10,-53.162582,-137.5,8.051307
2009,8,11,-53.162582,-136.5,8.051171
2009,8,12,-53.162582,-135.5,8.051259
2009,8,13,-53.162582,-134.5,8.051111
2009,8,14,-53.162582,-133.5,8.051219
2009,8,15,-53.162582,-132.5,8.051197
2009,8,16,-53.162582,-131.5,8.051182
2009,8,17,-53.162582,-130.5,8.05103
2009,8,18,-53.162582,-129.5,8.050954
2009,8,19,-53.162582,-128.5,8.050777
2009,9,0,-52.558838,-147.5,8.054068
2009,9,1,-52.558838,-146.5,8.054317
2009,9,2,-52.558838,-145.5,8.054559
2009,9,3,-52.558838,-144.5,8.054667
2009,9,4,-52.558838,-143.5,8.05483
2009,9,5,-52.558838,-142.5,8.05474
2009,9,6,-52.558838,-141.5,8.054652
2009,9,7,-52.558838,-140.5,8.054311
2009,9,8,-52.558838,-139.5,8.053901
2009,9,9,-52.558838,-138.5,8.053397
2009,9,10,-52.558838,-137.5,8.052989
2009,9,11,-52.558838,-136.5,8.05276
2009,9,12,-52.558838,-135.5,8.052478
2009,9,13,-52.558838,-134.5,8.05218
2009,9,14,-52.558838,-133.5,8.052045
2009,9,15,-52.558838,-132.5,8.051865
2009,9,16,-52.558838,-131.5,8.051635
2009,9,17,-52.558838,-130.5,8.051467
2009,9,18,-52.558838,-129.5,8.051267
2009,9,19,-52.558838,-128.5,8.050966
2009,10,0,-51.946674,-147.5,8.056372
2009,10,1,-51.946674,-146.5,8.056571
2009,10,2,-51.946674,-145.5,8.056686
2009,10,3,-51.946674,-144.5,8.056544
2009,10,4,-51.946674,-143.5,8.056626
2009,10,5,-51.946674,-142.5,8.0564375
2009,10,6,-51.946674,-141.5,8.056317
2009,10,7,-51.946674,-140.5,8.055818
2009,10,8,-51.946674,-139.5,8.055402
2009,10,9,-51.946674,-138.5,8.054887
2009,10,10,-51.946674,-137.5,8.054375
2009,10,11,-51.946674,-136.5,8.054081
2009,10,12,-51.946674,-135.5,8.053519
2009,10,13,-51.946674,-134.5,8.0530615
2009,10,14,-51.946674,-133.5,8.052816
2009,10,15,-51.946674,-132.5,8.052455
2009,10,16,-51.946674,-131.5,8.052095
2009,10,17,-51.946674,-130.5,8.051814
2009,10,18,-51.946674,-129.5,8.051618
2009,10,19,-51.946674,-128.5,8.051263
2009,11,0,-51.326035,-147.5,8.058391
2009,11,1,-51.326035,-146.5,8.058476
2009,11,2,-51.326035,-145.5,8.058399
2009,11,3,-51.326035,-144.5,8.058061
2009,11,4,-51.326035,-143.5,8.0581045
2009,11,5,-51.326035,-142.5,8.057801
2009,11,6,-51.326035,-141.5,8.057718
2009,11,7,-51.326035,-140.5,8.057169
2009,11,8,-51.326035,-139.5,8.056688
2009,11,9,-51.326035,-138.5,8.056029
2009,11,10,-51.326035,-137.5,8.055476
2009,11,11,-51.326035,-136.5,8.055002
2009,11,12,-51.326035,-135.5,8.054303
2009,11,13,-51.326035,-134.5,8.0538225
2009,11,14,-51.326035,-133.5,8.053473
2009,11,15,-51.326035,-132.5,8.05307
2009,11,16,-51.326035,-131.5,8.0527315
2009,11,17,-51.326035,-130.5,8.052419
2009,11,18,-51.326035,-129.5,8.052144
2009,11,19,-51.326035,-128.5,8.051765
2009,12,0,-50.696884,-147.5,8.0599375
2009,12,1,-50.696884,-146.5,8.059966
2009,12,2,-50.696884,-145.5,8.059612
2009,12,3,-50.696884,-144.5,8.059192
2009,12,4,-50.696884,-143.5,8.059265
2009,12,5,-50.696884,-142.5,8.058932
2009,12,6,-50.696884,-141.5,8.058726
2009,12,7,-50.696884,-140.5,8.058045
2009,12,8,-50.696884,-139.5,8.0574665
2009,12,9,-50.696884,-138.5,8.056817
2009,12,10,-50.696884,-137.5,8.056031
2009,12,11,-50.696884,-136.5,8.0554085
2009,12,12,-50.696884,-135.5,8.054645
2009,12,13,-50.696884,-134.5,8.054187
2009,12,14,-50.696884,-133.5,8.053885
2009,12,15,-50.696884,-132.5,8.053457
2009,12,16,-50.696884,-131.5,8.05313
2009,12,17,-50.696884,-130.5,8.052827
2009,12,18,-50.696884,-129.5,8.052588
2009,12,19,-50.696884,-128.5,8.052246
2009,13,0,-50.059177,-147.5,8.061102
2009,13,1,-50.059177,-146.5,8.061091
2009,13,2,-50.059177,-145.5,8.060664
2009,13,3,-50.059177,-144.5,8.060266
2009,13,4,-50.059177,-143.5,8.060168
2009,13,5,-50.059177,-142.5,8.0596895
2009,13,6,-50.059177,-141.5,8.05931
2009,13,7,-50.059177,-140.5,8.058492
2009,13,8,-50.059177,-139.5,8.057887
2009,13,9,-50.059177,-138.5,8.057124
2009,13,10,-50.059177,-137.5,8.056364
2009,13,11,-50.059177,-136.5,8.055703
2009,13,12,-50.059177,-135.5,8.0550165
2009,13,13,-50.059177,-134.5,8.054692
2009,13,14,-50.059177,-133.5,8.054481
2009,13,15,-50.059177,-132.5,8.054213
2009,13,16,-50.059177,-131.5,8.053928
2009,13,17,-50.059177,-130.5,8.053458
2009,13,18,-50.059177,-129.5,8.053186
2009,13,19,-50.059177,-128.5,8.0528345
2009,14,0,-49.41288,-147.5,8.0617485
2009,14,1,-49.41288,-146.5,8.061633
2009,14,2,-49.41288,-145.5,8.061132
2009,14,3,-49.41288,-144.5,8.0607
2009,14,4,-49.41288,-143.5,8.060361
2009,14,5,-49.41288,-142.5,8.059777
2009,14,6,-49.41288,-141.5,8.059248
2009,14,7,-49.41288,-140.5,8.058468
2009,14,8,-49.41288,-139.5,8.057881
2009,14,9,-49.41288,-138.5,8.0571575
2009,14,10,-49.41288,-137.5,8.05647
2009,14,11,-49.41288,-136.5,8.055912
2009,14,12,-49.41288,-135.5,8.055467
2009,14,13,-49.41288,-134.5,8.055236
2009,14,14,-49.41288,-133.5,8.055148
2009,14,15,-49.41288,-132.5,8.054873
2009,14,16,-49.41288,-131.5,8.054585
2009,14,17,-49.41288,-130.5,8.054173
2009,14,18,-49.41288,-129.5,8.0538225
2009,14,19,-49.41288,-128.5,8.053436
2009,15,0,-48.757957,-147.5,8.062301
2009,15,1,-48.757957,-146.5,8.061982
2009,15,2,-48.757957,-145.5,8.061262
2009,15,3,-48.757957,-144.5,8.060751
2009,15,4,-48.757957,-143.5,8.060258
2009,15,5,-48.757957,-142.5,8.059745
2009,15,6,-48.757957,-141.5,8.059316
2009,15,7,-48.757957,-140.5,8.058571
2009,15,8,-48.757957,-139.5,8.058107
2009,15,9,-48.757957,-138.5,8.057521
2009,15,10,-48.757957,-137.5,8.056964
2009,15,11,-48.757957,-136.5,8.056488
2009,15,12,-48.757957,-135.5,8.056164
2009,15,13,-48.757957,-134.5,8.055994
2009,15,14,-48.757957,-133.5,8.055864
2009,15,15,-48.757957,-132.5,8.055554
2009,15,16,-48.757957,-131.5,8.055187
2009,15,17,-48.757957,-130.5,8.0547285
2009,15,18,-48.757957,-129.5,8.054449
2009,15,19,-48.757957,-128.5,8.054111
2009,16,0,-48.094387,-147.5,8.062266
2009,16,1,-48.094387,-146.5,8.061764
2009,16,2,-48.094387,-145.5,8.060953
2009,16,3,-48.094387,-144.5,8.060384
2009,16,4,-48.094387,-143.5,8.059939
2009,16,5,-48.094387,-142.5,8.059461
2009,16,6,-48.094387,-141.5,8.059121
2009,16,7,-48.094387,-140.5,8.05859
2009,16,8,-48.094387,-139.5,8.058265
2009,16,9,-48.094387,-138.5,8.057805
2009,16,10,-48.094387,-137.5,8.057356
2009,16,11,-48.094387,-136.5,8.057072
2009,16,12,-48.094387,-135.5,8.056749
2009,16,13,-48.094387,-134.5,8.056594
2009,16,14,-48.094387,-133.5,8.056361
2009,16,15,-48.094387,-132.5,8.055892
2009,16,16,-48.094387,-131.5,8.055487
2009,16,17,-48.094387,-130.5,8.055083
2009,16,18,-48.094387,-129.5,8.054785
2009,16,19,-48.094387,-128.5,8.054496
2009,17,0,-47.422142,-147.5,8.061586
2009,17,1,-47.422142,-146.5,8.060983
2009,17,2,-47.422142,-145.5,8.060168
2009,17,3,-47.422142,-144.5,8.059741
2009,17,4,-47.422142,-143.5,8.059741
2009,17,5,-47.422142,-142.5,8.059559
2009,17,6,-47.422142,-141.5,8.059335
2009,17,7,-47.422142,-140.5,8.058956
2009,17,8,-47.422142,-139.5,8.058708
2009,17,9,-47.422142,-138.5,8.058406
2009,17,10,-47.422142,-137.5,8.058072
2009,17,11,-47.422142,-136.5,8.057781
2009,17,12,-47.422142,-135.5,8.057473
2009,17,13,-47.422142,-134.5,8.057166
2009,17,14,-47.422142,-133.5,8.056962
2009,17,15,-47.422142,-132.5,8.056426
2009,17,16,-47.422142,-131.5,8.056027
2009,17,17,-47.422142,-130.5,8.055509
2009,17,18,-47.422142,-129.5,8.055179
2009,17,19,-47.422142,-128.5,8.054933
2009,18,0,-46.7412,-147.5,8.060395
2009,18,1,-46.7412,-146.5,8.05987
2009,18,2,-46.7412,-145.5,8.059331
2009,18,3,-46.7412,-144.5,8.059083
2009,18,4,-46.7412,-143.5,8.05932
2009,18,5,-46.7412,-142.5,8.059253
2009,18,6,-46.7412,-141.5,8.059178
2009,18,7,-46.7412,-140.5,8.059075
2009,18,8,-46.7412,-139.5,8.058883
2009,18,9,-46.7412,-138.5,8.058646
2009,18,10,-46.7412,-137.5,8.058374
2009,18,11,-46.7412,-136.5,8.058154
2009,18,12,-46.7412,-135.5,8.057771
2009,18,13,-46.7412,-134.5,8.057368
2009,18,14,-46.7412,-133.5,8.057096
2009,18,15,-46.7412,-132.5,8.056619
2009,18,16,-46.7412,-131.5,8.056222
2009,18,17,-46.7412,-130.5,8.055545
2009,18,18,-46.7412,-129.5,8.055211
2009,18,19,-46.7412,-128.5,8.055065
2009,19,0,-46.051548,-147.5,8.059804
2009,19,1,-46.051548,-146.5,8.0596695
2009,19,2,-46.051548,-145.5,8.059273
2009,19,3,-46.051548,-144.5,8.059062
2009,19,4,-46.051548,-143.5,8.059117
2009,19,5,-46.051548,-142.5,8.058965
2009,19,6,-46.051548,-141.5,8.058896
2009,19,7,-46.051548,-140.5,8.05889
2009,19,8,-46.051548,-139.5,8.058715
2009,19,9,-46.051548,-138.5,8.058471
2009,19,10,-46.051548,-137.5,8.058369
2009,19,11,-46.051548,-136.5,8.058049
2009,19,12,-46.051548,-135.5,8.057733
2009,19,13,-46.051548,-134.5,8.057291
2009,19,14,-46.051548,-133.5,8.056914
2009,19,15,-46.051548,-132.5,8.056556
2009,19,16,-46.051548,-131.5,8.05618
2009,19,17,-46.051548,-130.5,8.055571
2009,19,18,-46.051548,-129.5,8.055138
2009,19,19,-46.051548,-128.5,8.054783
2010,0,0,-57.695797,-147.5,8.040584
2010,0,1,-57.695797,-146.5,8.041093
2010,0,2,-57.695797,-145.5,8.041911
2010,0,3,-57.695797,-144.5,8.041026
2010,0,4,-57.695797,-143.5,8.041162
2010,0,5,-57.695797,-142.5,8.041312
2010,0,6,-57.695797,-141.5,8.041399
2010,0,7,-57.695797,-140.5,8.041844
2010,0,8,-57.695797,-139.5,8.042495
2010,0,9,-57.695797,-138.5,8.042982
2010,0,10,-57.695797,-137.5,8.043528
2010,0,11,-57.695797,-136.5,8.043845
2010,0,12,-57.695797,-135.5,8.043819
2010,0,13,-57.695797,-134.5,8.043362
2010,0,14,-57.695797,-133.5,8.043078
2010,0,15,-57.695797,-132.5,8.042721
2010,0,16,-57.695797,-131.5,8.042434
2010,0,17,-57.695797,-130.5,8.042247
2010,0,18,-57.695797,-129.5,8.042228
2010,0,19,-57.695797,-128.5,8.042281
2010,1,0,-57.15743,-147.5,8.039414
2010,1,1,-57.15743,-146.5,8.040906
2010,1,2,-57.15743,-145.5,8.041505
2010,1,3,-57.15743,-144.5,8.04087
2010,1,4,-57.15743,-143.5,8.041106
2010,1,5,-57.15743,-142.5,8.041204
2010,1,6,-57.15743,-141.5,8.041314
2010,1,7,-57.15743,-140.5,8.04173
2010,1,8,-57.15743,-139.5,8.042236
2010,1,9,-57.15743,-138.5,8.042558
2010,1,10,-57.15743,-137.5,8.043062
2010,1,11,-57.15743,-136.5,8.043435
2010,1,12,-57.15743,-135.5,8.0434265
2010,1,13,-57.15743,-134.5,8.042992
2010,1,14,-57.15743,-133.5,8.042704
2010,1,15,-57.15743,-132.5,8.042475
2010,1,16,-57.15743,-131.5,8.042358
2010,1,17,-57.15743,-130.5,8.042357
2010,1,18,-57.15743,-129.5,8.04247
2010,1,19,-57.15743,-128.5,8.04261
2010,2,0,-56.61111,-147.5,8.03854
2010,2,1,-56.61111,-146.5,8.039998
2010,2,2,-56.61111,-145.5,8.040752
2010,2,3,-56.61111,-144.5,8.040601
2010,2,4,-56.61111,-143.5,8.0410795
2010,2,5,-56.61111,-142.5,8.0412
2010,2,6,-56.61111,-141.5,8.041216
2010,2,7,-56.61111,-140.5,8.0417185
2010,2,8,-56.61111,-139.5,8.041875
2010,2,9,-56.61111,-138.5,8.042277
2010,2,10,-56.61111,-137.5,8.04275
2010,2,11,-56.61111,-136.5,8.043117
2010,2,12,-56.61111,-135.5,8.043036
2010,2,13,-56.61111,-134.5,8.042651
2010,2,14,-56.61111,-133.5,8.042449
2010,2,15,-56.61111,-132.5,8.042413
2010,2,16,-56.61111,-131.5,8.042497
2010,2,17,-56.61111,-130.5,8.042689
2010,2,18,-56.61111,-129.5,8.042967
2010,2,19,-56.61111,-128.5,8.043239
2010,3,0,-56.05677,-147.5,8.039897
2010,3,1,-56.05677,-146.5,8.040842
2010,3,2,-56.05677,-145.5,8.041448
2010,3,3,-56.05677,-144.5,8.041387
2010,3,4,-56.05677,-143.5,8.041705
2010,3,5,-56.05677,-142.5,8.041531
2010,3,6,-56.05677,-141.5,8.041565
2010,3,7,-56.05677,-140.5,8.041714
2010,3,8,-56.05677,-139.5,8.041763
2010,3,9,-56.05677,-138.5,8.041977
2010,3,10,-56.05677,-137.5,8.042262
2010,3,11,-56.05677,-136.5,8.04265
2010,3,12,-56.05677,-135.5,8.042613
2010,3,13,-56.05677,-134.5,8.042239
2010,3,14,-56.05677,-133.5,8.042304
2010,3,15,-56.05677,-132.5,8.042529
2010,3,16,-56.05677,-131.5,8.042846
2010,3,17,-56.05677,-130.5,8.043367
2010,3,18,-56.05677,-129.5,8.043788
2010,3,19,-56.05677,-128.5,8.04415
2010,4,0,-55.494347,-147.5,8.041395
2010,4,1,-55.494347,-146.5,8.041652
2010,4,2,-55.494347,-145.5,8.042074
2010,4,3,-55.494347,-144.5,8.0418825
2010,4,4,-55.494347,-143.5,8.041977
2010,4,5,-55.494347,-142.5,8.041849
2010,4,6,-55.494347,-141.5,8.042134
2010,4,7,-55.494347,-140.5,8.041707
2010,4,8,-55.494347,-139.5,8.041829
2010,4,9,-55.494347,-138.5,8.041956
2010,4,10,-55.494347,-137.5,8.04205
2010,4,11,-55.494347,-136.5,8.042415
2010,4,12,-55.494347,-135.5,8.042478
2010,4,13,-55.494347,-134.5,8.042306
2010,4,14,-55.494347,-133.5,8.0425825
2010,4,15,-55.494347,-132.5,8.043009
2010,4,16,-55.494347,-131.5,8.0435295
2010,4,17,-55.494347,-130.5,8.044229
2010,4,18,-55.494347,-129.5,8.044782
2010,4,19,-55.494347,-128.5,8.045121
2010,5,0,-54.923775,-147.5,8.043181
2010,5,1,-54.923775,-146.5,8.043332
2010,5,2,-54.923775,-145.5,8.043543
2010,5,3,-54.923775,-144.5,8.043318
2010,5,4,-54.923775,-143.5,8.043325
2010,5,5,-54.923775,-142.5,8.0431385
2010,5,6,-54.923775,-141.5,8.04335
2010,5,7,-54.923775,-140.5,8.042762
2010,5,8,-54.923775,-139.5,8.042695
2010,5,9,-54.923775,-138.5,8.042556
2010,5,10,-54.923775,-137.5,8.0423765
2010,5,11,-54.923775,-136.5,8.042596
2010,5,12,-54.923775,-135.5,8.042693
2010,5,13,-54.923775,-134.5,8.042714
2010,5,14,-54.923775,-133.5,8.043174
2010,5,15,-54.923775,-132.5,8.043736
2010,5,16,-54.923775,-131.5,8.044417
2010,5,17,-54.923775,-130.5,8.045198
2010,5,18,-54.923775,-129.5,8.045769
2010,5,19,-54.923775,-128.5,8.04593
2010,6,0,-54.344994,-147.5,8.044112
2010,6,1,-54.344994,-146.5,8.044093
2010,6,2,-54.344994,-145.5,8.044193
2010,6,3,-54.344994,-144.5,8.043988
2010,6,4,-54.344994,-143.5,8.044053
2010,6,5,-54.344994,-142.5,8.044066
2010,6,6,-54.344994,-141.5,8.044159
2010,6,7,-54.344994,-140.5,8.043778
2010,6,8,-54.344994,-139.5,8.0436945
2010,6,9,-54.344994,-138.5,8.043434
2010,6,10,-54.344994,-137.5,8.043065
2010,6,11,-54.344994,-136.5,8.043156
2010,6,12,-54.344994,-135.5,8.043318
2010,6,13,-54.344994,-134.5,8.043475
2010,6,14,-54.344994,-133.5,8.044103
2010,6,15,-54.344994,-132.5,8.044833
2010,6,16,-54.344994,-131.5,8.045627
2010,6,17,-54.344994,-130.5,8.04636
2010,6,18,-54.344994,-129.5,8.046812
2010,6,19,-54.344994,-128.5,8.046903
2010,7,0,-53.75795,-147.5,8.045249
2010,7,1,-53.75795,-146.5,8.045269
2010,7,2,-53.75795,-145.5,8.045397
2010,7,3,-53.75795,-144.5,8.045388
2010,7,4,-53.75795,-143.5,8.04557
2010,7,5,-53.75795,-142.5,8.0456915
2010,7,6,-53.75795,-141.5,8.045736
2010,7,7,-53.75795,-140.5,8.045314
2010,7,8,-53.75795,-139.5,8.045077
2010,7,9,-53.75795,-138.5,8.044809
2010,7,10,-53.75795,-137.5,8.0444
2010,7,11,-53.75795,-136.5,8.044453
2010,7,12,-53.75795,-135.5,8.044649
2010,7,13,-53.75795,-134.5,8.044902
2010,7,14,-53.75795,-133.5,8.045505
2010,7,15,-53.75795,-132.5,8.046193
2010,7,16,-53.75795,-131.5,8.0469675
2010,7,17,-53.75795,-130.5,8.0474
2010,7,18,-53.75795,-129.5,8.047584
2010,7,19,-53.75795,-128.5,8.047539
2010,8,0,-53.162582,-147.5,8.046378
2010,8,1,-53.162582,-146.5,8.046517
2010,8,2,-53.162582,-145.5,8.046788
2010,8,3,-53.162582,-144.5,8.046972
2010,8,4,-53.162582,-143.5,8.04723
2010,8,5,-53.162582,-142.5,8.04731
2010,8,6,-53.162582,-141.5,8.047414
2010,8,7,-53.162582,-140.5,8.047019
2010,8,8,-53.162582,-139.5,8.046787
2010,8,9,-53.162582,-138.5,8.046472
2010,8,10,-53.162582,-137.5,8.046075
2010,8,11,-53.162582,-136.5,8.046056
2010,8,12,-53.162582,-135.5,8.046269
2010,8,13,-53.162582,-134.5,8.046454
2010,8,14,-53.162582,-133.5,8.047091
2010,8,15,-53.162582,-132.5,8.047657
2010,8,16,-53.162582,-131.5,8.048294
2010,8,17,-53.162582,-130.5,8.048383
2010,8,18,-53.162582,-129.5,8.048395
2010,8,19,-53.162582,-128.5,8.048217
2010,9,0,-52.558838,-147.5,8.048188
2010,9,1,-52.558838,-146.5,8.048441
2010,9,2,-52.558838,-145.5,8.048738
2010,9,3,-52.558838,-144.5,8.048935
2010,9,4,-52.558838,-143.5,8.049133
2010,9,5,-52.558838,-142.5,8.049082
2010,9,6,-52.558838,-141.5,8.049121
2010,9,7,-52.558838,-140.5,8.048795
2010,9,8,-52.558838,-139.5,8.048518
2010,9,9,-52.558838,-138.5,8.0482
2010,9,10,-52.558838,-137.5,8.047896
2010,9,11,-52.558838,-136.5,8.04786
2010,9,12,-52.558838,-135.5,8.047984
2010,9,13,-52.558838,-134.5,8.048225
2010,9,14,-52.558838,-133.5,8.048707
2010,9,15,-52.558838,-132.5,8.049094
2010,9,16,-52.558838,-131.5,8.0494
2010,9,17,-52.558838,-130.5,8.049287
2010,9,18,-52.558838,-129.5,8.049173
2010,9,19,-52.558838,-128.5,8.048813
2010,10,0,-51.946674,-147.5,8.050206
2010,10,1,-51.946674,-146.5,8.050556
2010,10,2,-51.946674,-145.5,8.050828
2010,10,3,-51.946674,-144.5,8.050988
2010,10,4,-51.946674,-143.5,8.051019
2010,10,5,-51.946674,-142.5,8.050949
2010,10,6,-51.946674,-141.5,8.05087
2010,10,7,-51.946674,-140.5,8.050352
2010,10,8,-51.946674,-139.5,8.050092
2010,10,9,-51.946674,-138.5,8.049849
2010,10,10,-51.946674,-137.5,8.049587
2010,10,11,-51.946674,-136.5,8.049602
2010,10,12,-51.946674,-135.5,8.049676
2010,10,13,-51.946674,-134.5,8.049813
2010,10,14,-51.946674,-133.5,8.050092
2010,10,15,-51.946674,-132.5,8.050237
2010,10,16,-51.946674,-131.5,8.050212
2010,10,17,-51.946674,-130.5,8.049927
2010,10,18,-51.946674,-129.5,8.049731
2010,10,19,-51.946674,-128.5,8.049281
2010,11,0,-51.326035,-147.5,8.05228
2010,11,1,-51.326035,-146.5,8.052611
2010,11,2,-51.326035,-145.5,8.052721
2010,11,3,-51.326035,-144.5,8.052799
2010,11,4,-51.326035,-143.5,8.052699
2010,11,5,-51.326035,-142.5,8.052449
2010,11,6,-51.326035,-141.5,8.052348
2010,11,7,-51.326035,-140.5,8.051864
2010,11,8,-51.326035,-139.5,8.051631
2010,11,9,-51.326035,-138.5,8.051342
2010,11,10,-51.326035,-137.5,8.05112
2010,11,11,-51.326035,-136.5,8.051169
2010,11,12,-51.326035,-135.5,8.051202
2010,11,13,-51.326035,-134.5,8.051211
2010,11,14,-51.326035,-133.5,8.051187
2010,11,15,-51.326035,-132.5,8.051132
2010,11,16,-51.326035,-131.5,8.050956
2010,11,17,-51.326035,-130.5,8.050485
2010,11,18,-51.326035,-129.5,8.05027
2010,11,19,-51.326035,-128.5,8.049754
2010,12,0,-50.696884,-147.5,8.054095
2010,12,1,-50.696884,-146.5,8.054366
2010,12,2,-50.696884,-145.5,8.054309
2010,12,3,-50.696884,-144.5,8.054246
2010,12,4,-50.696884,-143.5,8.054007
2010,12,5,-50.696884,-142.5,8.053669
2010,12,6,-50.696884,-141.5,8.053476
2010,12,7,-50.696884,-140.5,8.052974
2010,12,8,-50.696884,-139.5,8.052814
2010,12,9,-50.696884,-138.5,8.052522
2010,12,10,-50.696884,-137.5,8.0522585
2010,12,11,-50.696884,-136.5,8.05222
2010,12,12,-50.696884,-135.5,8.052218
2010,12,13,-50.696884,-134.5,8.052064
2010,12,14,-50.696884,-133.5,8.051866
2010,12,15,-50.696884,-132.5,8.051616
2010,12,16,-50.696884,-131.5,8.0513315
2010,12,17,-50.696884,-130.5,8.050771
2010,12,18,-50.696884,-129.5,8.050435
2010,12,19,-50.696884,-128.5,8.049945
2010,13,0,-50.059177,-147.5,8.055716
2010,13,1,-50.059177,-146.5,8.055784
2010,13,2,-50.059177,-145.5,8.055619
2010,13,3,-50.059177,-144.5,8.055398
2010,13,4,-50.059177,-143.5,8.055074
2010,13,5,-50.059177,-142.5,8.0546665
2010,13,6,-50.059177,-141.5,8.054471
2010,13,7,-50.059177,-140.5,8.053883
2010,13,8,-50.059177,-139.5,8.053653
2010,13,9,-50.059177,-138.5,8.05339
2010,13,10,-50.059177,-137.5,8.053105
2010,13,11,-50.059177,-136.5,8.052915
2010,13,12,-50.059177,-135.5,8.052869
2010,13,13,-50.059177,-134.5,8.052653
2010,13,14,-50.059177,-133.5,8.052408
2010,13,15,-50.059177,-132.5,8.0521
2010,13,16,-50.059177,-131.5,8.051759
2010,13,17,-50.059177,-130.5,8.051156
2010,13,18,-50.059177,-129.5,8.050761
2010,13,19,-50.059177,-128.5,8.050289
2010,14,0,-49.41288,-147.5,8.0567465
2010,14,1,-49.41288,-146.5,8.056699
2010,14,2,-49.41288,-145.5,8.056403
2010,14,3,-49.41288,-144.5,8.056081
2010,14,4,-49.41288,-143.5,8.055722
2010,14,5,-49.41288,-142.5,8.055356
2010,14,6,-49.41288,-141.5,8.055241
2010,14,7,-49.41288,-140.5,8.054501
2010,14,8,-49.41288,-139.5,8.054158
2010,14,9,-49.41288,-138.5,8.053924
2010,14,10,-49.41288,-137.5,8.053576
2010,14,11,-49.41288,-136.5,8.053277
2010,14,12,-49.41288,-135.5,8.053095
2010,14,13,-49.41288,-134.5,8.052903
2010,14,14,-49.41288,-133.5,8.052619
2010,14,15,-49.41288,-132.5,8.052228
2010,14,16,-49.41288,-131.5,8.051942
2010,14,17,-49.41288,-130.5,8.051415
2010,14,18,-49.41288,-129.5,8.051092
2010,14,19,-49.41288,-128.5,8.050632
2010,15,0,-48.757957,-147.5,8.057427
2010,15,1,-48.757957,-146.5,8.057286
2010,15,2,-48.757957,-145.5,8.056809
2010,15,3,-48.757957,-144.5,8.056441
2010,15,4,-48.757957,-143.5,8.055991
2010,15,5,-48.757957,-142.5,8.055718
2010,15,6,-48.757957,-141.5,8.055602
2010,15,7,-48.757957,-140.5,8.054912
2010,15,8,-48.757957,-139.5,8.054439
2010,15,9,-48.757957,-138.5,8.05418
2010,15,10,-48.757957,-137.5,8.053873
2010,15,11,-48.757957,-136.5,8.053497
2010,15,12,-48.757957,-135.5,8.053304
2010,15,13,-48.757957,-134.5,8.053108
2010,15,14,-48.757957,-133.5,8.052852
2010,15,15,-48.757957,-132.5,8.05263
2010,15,16,-48.757957,-131.5,8.052335
2010,15,17,-48.757957,-130.5,8.051859
2010,15,18,-48.757957,-129.5,8.05154
2010,15,19,-48.757957,-128.5,8.051036
2010,16,0,-48.094387,-147.5,8.057662
2010,16,1,-48.094387,-146.5,8.057455
2010,16,2,-48.094387,-145.5,8.056849
2010,16,3,-48.094387,-144.5,8.056545
2010,16,4,-48.094387,-143.5,8.05626
2010,16,5,-48.094387,-142.5,8.055959
2010,16,6,-48.094387,-141.5,8.055778
2010,16,7,-48.094387,-140.5,8.05511
2010,16,8,-48.094387,-139.5,8.054534
2010,16,9,-48.094387,-138.5,8.054249
2010,16,10,-48.094387,-137.5,8.053846
2010,16,11,-48.094387,-136.5,8.053454
2010,16,12,-48.094387,-135.5,8.053337
2010,16,13,-48.094387,-134.5,8.053141
2010,16,14,-48.094387,-133.5,8.053059
2010,16,15,-48.094387,-132.5,8.052907
2010,16,16,-48.094387,-131.5,8.052613
2010,16,17,-48.094387,-130.5,8.052071
2010,16,18,-48.094387,-129.5,8.051851
2010,16,19,-48.094387,-128.5,8.05129
2010,17,0,-47.422142,-147.5,8.057076
2010,17,1,-47.422142,-146.5,8.056927
2010,17,2,-47.422142,-145.5,8.056637
2010,17,3,-47.422142,-144.5,8.0565405
2010,17,4,-47.422142,-143.5,8.0562525
2010,17,5,-47.422142,-142.5,8.055905
2010,17,6,-47.422142,-141.5,8.055676
2010,17,7,-47.422142,-140.5,8.054961
2010,17,8,-47.422142,-139.5,8.054297
2010,17,9,-47.422142,-138.5,8.054061
2010,17,10,-47.422142,-137.5,8.053845
2010,17,11,-47.422142,-136.5,8.053664
2010,17,12,-47.422142,-135.5,8.0535555
2010,17,13,-47.422142,-134.5,8.0534525
2010,17,14,-47.422142,-133.5,8.053275
2010,17,15,-47.422142,-132.5,8.053129
2010,17,16,-47.422142,-131.5,8.052795
2010,17,17,-47.422142,-130.5,8.052396
2010,17,18,-47.422142,-129.5,8.052117
2010,17,19,-47.422142,-128.5,8.051716
2010,18,0,-46.7412,-147.5,8.056184
2010,18,1,-46.7412,-146.5,8.05614
2010,18,2,-46.7412,-145.5,8.05611
2010,18,3,-46.7412,-144.5,8.056135
2010,18,4,-46.7412,-143.5,8.05597
2010,18,5,-46.7412,-142.5,8.055562
2010,18,6,-46.7412,-141.5,8.055308
2010,18,7,-46.7412,-140.5,8.054557
2010,18,8,-46.7412,-139.5,8.053794
2010,18,9,-46.7412,-138.5,8.053604
2010,18,10,-46.7412,-137.5,8.053428
2010,18,11,-46.7412,-136.5,8.053342
2010,18,12,-46.7412,-135.5,8.053374
2010,18,13,-46.7412,-134.5,8.053367
2010,18,14,-46.7412,-133.5,8.053073
2010,18,15,-46.7412,-132.5,8.052624
2010,18,16,-46.7412,-131.5,8.052246
2010,18,17,-46.7412,-130.5,8.051943
2010,18,18,-46.7412,-129.5,8.051688
2010,18,19,-46.7412,-128.5,8.051471
2010,19,0,-46.051548,-147.5,8.055122
2010,19,1,-46.051548,-146.5,8.055078
2010,19,2,-46.051548,-145.5,8.05526
2010,19,3,-46.051548,-144.5,8.055483
2010,19,4,-46.051548,-143.5,8.055398
2010,19,5,-46.051548,-142.5,8.054917
2010,19,6,-46.051548,-141.5,8.054727
2010,19,7,-46.051548,-140.5,8.054319
2010,19,8,-46.051548,-139.5,8.053659
2010,19,9,-46.051548,-138.5,8.053522
2010,19,10,-46.051548,-137.5,8.0533495
2010,19,11,-46.051548,-136.5,8.053212
2010,19,12,-46.051548,-135.5,8.053103
2010,19,13,-46.051548,-134.5,8.053086
2010,19,14,-46.051548,-133.5,8.052819
2010,19,15,-46.051548,-132.5,8.05219
2010,19,16,-46.051548,-131.5,8.051639
2010,19,17,-46.051548,-130.5,8.051539
2010,19,18,-46.051548,-129.5,8.051446
2010,19,19,-46.051548,-128.5,8.051326
2011,0,0,-57.695797,-147.5,8.031404
2011,0,1,-57.695797,-146.5,8.032211
2011,0,2,-57.695797,-145.5,8.032876
2011,0,3,-57.695797,-144.5,8.033043
2011,0,4,-57.695797,-143.5,8.034333
2011,0,5,-57.695797,-142.5,8.035732
2011,0,6,-57.695797,-141.5,8.036711
2011,0,7,-57.695797,-140.5,8.03799
2011,0,8,-57.695797,-139.5,8.038903
2011,0,9,-57.695797,-138.5,8.039605
2011,0,10,-57.695797,-137.5,8.040242
2011,0,11,-57.695797,-136.5,8.041039
2011,0,12,-57.695797,-135.5,8.041898
2011,0,13,-57.695797,-134.5,8.042459
2011,0,14,-57.695797,-133.5,8.043178
2011,0,15,-57.695797,-132.5,8.043895
2011,0,16,-57.695797,-131.5,8.044408
2011,0,17,-57.695797,-130.5,8.045058
2011,0,18,-57.695797,-129.5,8.045587
2011,0,19,-57.695797,-128.5,8.046179
2011,1,0,-57.15743,-147.5,8.03139
2011,1,1,-57.15743,-146.5,8.032771
2011,1,2,-57.15743,-145.5,8.033443
2011,1,3,-57.15743,-144.5,8.033979
2011,1,4,-57.15743,-143.5,8.035451
2011,1,5,-57.15743,-142.5,8.036845
2011,1,6,-57.15743,-141.5,8.037773
2011,1,7,-57.15743,-140.5,8.038841
2011,1,8,-57.15743,-139.5,8.039568
2011,1,9,-57.15743,-138.5,8.040115
2011,1,10,-57.15743,-137.5,8.040666
2011,1,11,-57.15743,-136.5,8.041297
2011,1,12,-57.15743,-135.5,8.042177
2011,1,13,-57.15743,-134.5,8.042745
2011,1,14,-57.15743,-133.5,8.043534
2011,1,15,-57.15743,-132.5,8.044333
2011,1,16,-57.15743,-131.5,8.044927
2011,1,17,-57.15743,-130.5,8.04577
2011,1,18,-57.15743,-129.5,8.046371
2011,1,19,-57.15743,-128.5,8.047023
2011,2,0,-56.61111,-147.5,8.032725
2011,2,1,-56.61111,-146.5,8.033895
2011,2,2,-56.61111,-145.5,8.03478
2011,2,3,-56.61111,-144.5,8.0356
2011,2,4,-56.61111,-143.5,8.037024
2011,2,5,-56.61111,-142.5,8.038208
2011,2,6,-56.61111,-141.5,8.0390005
2011,2,7,-56.61111,-140.5,8.039826
2011,2,8,-56.61111,-139.5,8.040372
2011,2,9,-56.61111,-138.5,8.040741
2011,2,10,-56.61111,-137.5,8.041244
2011,2,11,-56.61111,-136.5,8.041764
2011,2,12,-56.61111,-135.5,8.042546
2011,2,13,-56.61111,-134.5,8.043115
2011,2,14,-56.61111,-133.5,8.043955
2011,2,15,-56.61111,-132.5,8.044837
2011,2,16,-56.61111,-131.5,8.045522
2011,2,17,-56.61111,-130.5,8.046448
2011,2,18,-56.61111,-129.5,8.0471525
2011,2,19,-56.61111,-128.5,8.047801
2011,3,0,-56.05677,-147.5,8.035934
2011,3,1,-56.05677,-146.5,8.036659
2011,3,2,-56.05677,-145.5,8.037498
2011,3,3,-56.05677,-144.5,8.038116
2011,3,4,-56.05677,-143.5,8.039038
2011,3,5,-56.05677,-142.5,8.039739
2011,3,6,-56.05677,-141.5,8.040385
2011,3,7,-56.05677,-140.5,8.040868
2011,3,8,-56.05677,-139.5,8.041228
2011,3,9,-56.05677,-138.5,8.041457
2011,3,10,-56.05677,-137.5,8.041808
2011,3,11,-56.05677,-136.5,8.042232
2011,3,12,-56.05677,-135.5,8.042945
2011,3,13,-56.05677,-134.5,8.0434885
2011,3,14,-56.05677,-133.5,8.044458
2011,3,15,-56.05677,-132.5,8.045489
2011,3,16,-56.05677,-131.5,8.046283
2011,3,17,-56.05677,-130.5,8.047214
2011,3,18,-56.05677,-129.5,8.047936
2011,3,19,-56.05677,-128.5,8.04858
2011,4,0,-55.494347,-147.5,8.03853
2011,4,1,-55.494347,-146.5,8.038798
2011,4,2,-55.494347,-145.5,8.039487
2011,4,3,-55.494347,-144.5,8.03972
2011,4,4,-55.494347,-143.5,8.040313
2011,4,5,-55.494347,-142.5,8.040851
2011,4,6,-55.494347,-141.5,8.041454
2011,4,7,-55.494347,-140.5,8.041709
2011,4,8,-55.494347,-139.5,8.041998
2011,4,9,-55.494347,-138.5,8.042169
2011,4,10,-55.494347,-137.5,8.042384
2011,4,11,-55.494347,-136.5,8.042851
2011,4,12,-55.494347,-135.5,8.043548
2011,4,13,-55.494347,-134.5,8.044099
2011,4,14,-55.494347,-133.5,8.045091
2011,4,15,-55.494347,-132.5,8.046182
2011,4,16,-55.494347,-131.5,8.047057
2011,4,17,-55.494347,-130.5,8.047925
2011,4,18,-55.494347,-129.5,8.048693
2011,4,19,-55.494347,-128.5,8.049309
2011,5,0,-54.923775,-147.5,8.040933
2011,5,1,-54.923775,-146.5,8.041184
2011,5,2,-54.923775,-145.5,8.041649
2011,5,3,-54.923775,-144.5,8.041825
2011,5,4,-54.923775,-143.5,8.042294
2011,5,5,-54.923775,-142.5,8.042771
2011,5,6,-54.923775,-141.5,8.043244
2011,5,7,-54.923775,-140.5,8.043227
2011,5,8,-54.923775,-139.5,8.043469
2011,5,9,-54.923775,-138.5,8.0433855
2011,5,10,-54.923775,-137.5,8.043424
2011,5,11,-54.923775,-136.5,8.043797
2011,5,12,-54.923775,-135.5,8.044458
2011,5,13,-54.923775,-134.5,8.0449505
2011,5,14,-54.923775,-133.5,8.045863
2011,5,15,-54.923775,-132.5,8.046895
2011,5,16,-54.923775,-131.5,8.047731
2011,5,17,-54.923775,-130.5,8.048577
2011,5,18,-54.923775,-129.5,8.0492935
2011,5,19,-54.923775,-128.5,8.049744
2011,6,0,-54.344994,-147.5,8.04229
2011,6,1,-54.344994,-146.5,8.042478
2011,6,2,-54.344994,-145.5,8.042858
2011,6,3,-54.344994,-144.5,8.043023
2011,6,4,-54.344994,-143.5,8.043572
2011,6,5,-54.344994,-142.5,8.044091
2011,6,6,-54.344994,-141.5,8.044552
2011,6,7,-54.344994,-140.5,8.044505
2011,6,8,-54.344994,-139.5,8.044801
2011,6,9,-54.344994,-138.5,8.044806
2011,6,10,-54.344994,-137.5,8.044803
2011,6,11,-54.344994,-136.5,8.045022
2011,6,12,-54.344994,-135.5,8.045588
2011,6,13,-54.344994,-134.5,8.045968
2011,6,14,-54.344994,-133.5,8.046821
2011,6,15,-54.344994,-132.5,8.047751
2011,6,16,-54.344994,-131.5,8.048523
2011,6,17,-54.344994,-130.5,8.049327
2011,6,18,-54.344994,-129.5,8.049879
2011,6,19,-54.344994,-128.5,8.050258
2011,7,0,-53.75795,-147.5,8.043721
2011,7,1,-53.75795,-146.5,8.043979
2011,7,2,-53.75795,-145.5,8.044424
2011,7,3,-53.75795,-144.5,8.0447645
2011,7,4,-53.75795,-143.5,8.045357
2011,7,5,-53.75795,-142.5,8.045807
2011,7,6,-53.75795,-141.5,8.046178
2011,7,7,-53.75795,-140.5,8.046109
2011,7,8,-53.75795,-139.5,8.0462675
2011,7,9,-53.75795,-138.5,8.046299
2011,7,10,-53.75795,-137.5,8.046218
2011,7,11,-53.75795,-136.5,8.046307
2011,7,12,-53.75795,-135.5,8.046767
2011,7,13,-53.75795,-134.5,8.047011
2011,7,14,-53.75795,-133.5,8.047673
2011,7,15,-53.75795,-132.5,8.048435
2011,7,16,-53.75795,-131.5,8.04909
2011,7,17,-53.75795,-130.5,8.049782
2011,7,18,-53.75795,-129.5,8.05026
2011,7,19,-53.75795,-128.5,8.050402
2011,8,0,-53.162582,-147.5,8.045125
2011,8,1,-53.162582,-146.5,8.045496
2011,8,2,-53.162582,-145.5,8.04605
2011,8,3,-53.162582,-144.5,8.046507
2011,8,4,-53.162582,-143.5,8.047114
2011,8,5,-53.162582,-142.5,8.04745
2011,8,6,-53.162582,-141.5,8.047799
2011,8,7,-53.162582,-140.5,8.047735
2011,8,8,-53.162582,-139.5,8.047812
2011,8,9,-53.162582,-138.5,8.047809
2011,8,10,-53.162582,-137.5,8.047676
2011,8,11,-53.162582,-136.5,8.047633
2011,8,12,-53.162582,-135.5,8.047947
2011,8,13,-53.162582,-134.5,8.048036
2011,8,14,-53.162582,-133.5,8.048568
2011,8,15,-53.162582,-132.5,8.049115
2011,8,16,-53.162582,-131.5,8.049604
2011,8,17,-53.162582,-130.5,8.050136
2011,8,18,-53.162582,-129.5,8.050561
2011,8,19,-53.162582,-128.5,8.050491
2011,9,0,-52.558838,-147.5,8.046983
2011,9,1,-52.558838,-146.5,8.047515
2011,9,2,-52.558838,-145.5,8.048054
2011,9,3,-52.558838,-144.5,8.048493
2011,9,4,-52.558838,-143.5,8.048914
2011,9,5,-52.558838,-142.5,8.049089
2011,9,6,-52.558838,-141.5,8.049294
2011,9,7,-52.558838,-140.5,8.049209
2011,9,8,-52.558838,-139.5,8.0491495
2011,9,9,-52.558838,-138.5,8.049071
2011,9,10,-52.558838,-137.5,8.048869
2011,9,11,-52.558838,-136.5,8.048771
2011,9,12,-52.558838,-135.5,8.04894
2011,9,13,-52.558838,-134.5,8.048924
2011,9,14,-52.558838,-133.5,8.049284
2011,9,15,-52.558838,-132.5,8.049687
2011,9,16,-52.558838,-131.5,8.049939
2011,9,17,-52.558838,-130.5,8.050203
2011,9,18,-52.558838,-129.5,8.050547
2011,9,19,-52.558838,-128.5,8.050372
2011,10,0,-51.946674,-147.5,8.048788
2011,10,1,-51.946674,-146.5,8.049325
2011,10,2,-51.946674,-145.5,8.049769
2011,10,3,-51.946674,-144.5,8.050217
2011,10,4,-51.946674,-143.5,8.050529
2011,10,5,-51.946674,-142.5,8.050612
2011,10,6,-51.946674,-141.5,8.050625
2011,10,7,-51.946674,-140.5,8.050372
2011,10,8,-51.946674,-139.5,8.050208
2011,10,9,-51.946674,-138.5,8.050075
2011,10,10,-51.946674,-137.5,8.049743
2011,10,11,-51.946674,-136.5,8.049548
2011,10,12,-51.946674,-135.5,8.049576
2011,10,13,-51.946674,-134.5,8.049445
2011,10,14,-51.946674,-133.5,8.049703
2011,10,15,-51.946674,-132.5,8.049967
2011,10,16,-51.946674,-131.5,8.050033
2011,10,17,-51.946674,-130.5,8.050029
2011,10,18,-51.946674,-129.5,8.050275
2011,10,19,-51.946674,-128.5,8.050084
2011,11,0,-51.326035,-147.5,8.050518
2011,11,1,-51.326035,-146.5,8.050953
2011,11,2,-51.326035,-145.5,8.05124
2011,11,3,-51.326035,-144.5,8.051625
2011,11,4,-51.326035,-143.5,8.051789
2011,11,5,-51.326035,-142.5,8.051754
2011,11,6,-51.326035,-141.5,8.051646
2011,11,7,-51.326035,-140.5,8.051312
2011,11,8,-51.326035,-139.5,8.051034
2011,11,9,-51.326035,-138.5,8.05078
2011,11,10,-51.326035,-137.5,8.0504465
2011,11,11,-51.326035,-136.5,8.050217
2011,11,12,-51.326035,-135.5,8.050088
2011,11,13,-51.326035,-134.5,8.049838
2011,11,14,-51.326035,-133.5,8.049879
2011,11,15,-51.326035,-132.5,8.049933
2011,11,16,-51.326035,-131.5,8.049869
2011,11,17,-51.326035,-130.5,8.049741
2011,11,18,-51.326035,-129.5,8.049929
2011,11,19,-51.326035,-128.5,8.049704
2011,12,0,-50.696884,-147.5,8.051859
2011,12,1,-50.696884,-146.5,8.052199
2011,12,2,-50.696884,-145.5,8.05231
2011,12,3,-50.696884,-144.5,8.052585
2011,12,4,-50.696884,-143.5,8.052624
2011,12,5,-50.696884,-142.5,8.05244
2011,12,6,-50.696884,-141.5,8.05223
2011,12,7,-50.696884,-140.5,8.051729
2011,12,8,-50.696884,-139.5,8.051329
2011,12,9,-50.696884,-138.5,8.051009
2011,12,10,-50.696884,-137.5,8.050628
2011,12,11,-50.696884,-136.5,8.050382
2011,12,12,-50.696884,-135.5,8.050205
2011,12,13,-50.696884,-134.5,8.049849
2011,12,14,-50.696884,-133.5,8.049645
2011,12,15,-50.696884,-132.5,8.049453
2011,12,16,-50.696884,-131.5,8.04921
2011,12,17,-50.696884,-130.5,8.049104
2011,12,18,-50.696884,-129.5,8.049304
2011,12,19,-50.696884,-128.5,8.049167
2011,13,0,-50.059177,-147.5,8.052784
2011,13,1,-50.059177,-146.5,8.0529375
2011,13,2,-50.059177,-145.5,8.052861
2011,13,3,-50.059177,-144.5,8.053014
2011,13,4,-50.059177,-143.5,8.052995
2011,13,5,-50.059177,-142.5,8.052753
2011,13,6,-50.059177,-141.5,8.052457
2011,13,7,-50.059177,-140.5,8.051878
2011,13,8,-50.059177,-139.5,8.0513315
2011,13,9,-50.059177,-138.5,8.050968
2011,13,10,-50.059177,-137.5,8.0505495
2011,13,11,-50.059177,-136.5,8.050221
2011,13,12,-50.059177,-135.5,8.049987
2011,13,13,-50.059177,-134.5,8.049592
2011,13,14,-50.059177,-133.5,8.049344
2011,13,15,-50.059177,-132.5,8.049137
2011,13,16,-50.059177,-131.5,8.049039
2011,13,17,-50.059177,-130.5,8.048761
2011,13,18,-50.059177,-129.5,8.0489235
2011,13,19,-50.059177,-128.5,8.048747
2011,14,0,-49.41288,-147.5,8.053285
2011,14,1,-49.41288,-146.5,8.053303
2011,14,2,-49.41288,-145.5,8.053043
2011,14,3,-49.41288,-144.5,8.053096
2011,14,4,-49.41288,-143.5,8.0528965
2011,14,5,-49.41288,-142.5,8.052486
2011,14,6,-49.41288,-141.5,8.0521345
2011,14,7,-49.41288,-140.5,8.051432
2011,14,8,-49.41288,-139.5,8.0507555
2011,14,9,-49.41288,-138.5,8.050306
2011,14,10,-49.41288,-137.5,8.049855
2011,14,11,-49.41288,-136.5,8.049583
2011,14,12,-49.41288,-135.5,8.049412
2011,14,13,-49.41288,-134.5,8.048991
2011,14,14,-49.41288,-133.5,8.04884
2011,14,15,-49.41288,-132.5,8.04869
2011,14,16,-49.41288,-131.5,8.048631
2011,14,17,-49.41288,-130.5,8.04843
2011,14,18,-49.41288,-129.5,8.04856
2011,14,19,-49.41288,-128.5,8.048462
2011,15,0,-48.757957,-147.5,8.053134
2011,15,1,-48.757957,-146.5,8.052991
2011,15,2,-48.757957,-145.5,8.052747
2011,15,3,-48.757957,-144.5,8.05269
2011,15,4,-48.757957,-143.5,8.052336
2011,15,5,-48.757957,-142.5,8.051902
2011,15,6,-48.757957,-141.5,8.051631
2011,15,7,-48.757957,-140.5,8.051065
2011,15,8,-48.757957,-139.5,8.050586
2011,15,9,-48.757957,-138.5,8.05014
2011,15,10,-48.757957,-137.5,8.049527
2011,15,11,-48.757957,-136.5,8.049222
2011,15,12,-48.757957,-135.5,8.049094
2011,15,13,-48.757957,-134.5,8.048898
2011,15,14,-48.757957,-133.5,8.048721
2011,15,15,-48.757957,-132.5,8.048431
2011,15,16,-48.757957,-131.5,8.048343
2011,15,17,-48.757957,-130.5,8.04821
2011,15,18,-48.757957,-129.5,8.048304
2011,15,19,-48.757957,-128.5,8.048257
2011,16,0,-48.094387,-147.5,8.052431
2011,16,1,-48.094387,-146.5,8.052104
2011,16,2,-48.094387,-145.5,8.051972
2011,16,3,-48.094387,-144.5,8.051953
2011,16,4,-48.094387,-143.5,8.051597
2011,16,5,-48.094387,-142.5,8.051145
2011,16,6,-48.094387,-141.5,8.050874
2011,16,7,-48.094387,-140.5,8.05048
2011,16,8,-48.094387,-139.5,8.0501
2011,16,9,-48.094387,-138.5,8.049676
2011,16,10,-48.094387,-137.5,8.049073
2011,16,11,-48.094387,-136.5,8.048684
2011,16,12,-48.094387,-135.5,8.048671
2011,16,13,-48.094387,-134.5,8.048578
2011,16,14,-48.094387,-133.5,8.04839
2011,16,15,-48.094387,-132.5,8.04808
2011,16,16,-48.094387,-131.5,8.048032
2011,16,17,-48.094387,-130.5,8.04794
2011,16,18,-48.094387,-129.5,8.04797
2011,16,19,-48.094387,-128.5,8.0479765
2011,17,0,-47.422142,-147.5,8.051847
2011,17,1,-47.422142,-146.5,8.051475
2011,17,2,-47.422142,-145.5,8.051218
2011,17,3,-47.422142,-144.5,8.051097
2011,17,4,-47.422142,-143.5,8.05074
2011,17,5,-47.422142,-142.5,8.050316
2011,17,6,-47.422142,-141.5,8.050096
2011,17,7,-47.422142,-140.5,8.04984
2011,17,8,-47.422142,-139.5,8.049441
2011,17,9,-47.422142,-138.5,8.049211
2011,17,10,-47.422142,-137.5,8.048852
2011,17,11,-47.422142,-136.5,8.04861
2011,17,12,-47.422142,-135.5,8.048602
2011,17,13,-47.422142,-134.5,8.048548
2011,17,14,-47.422142,-133.5,8.048406
2011,17,15,-47.422142,-132.5,8.048165
2011,17,16,-47.422142,-131.5,8.04808
2011,17,17,-47.422142,-130.5,8.048001
2011,17,18,-47.422142,-129.5,8.047955
2011,17,19,-47.422142,-128.5,8.047993
2011,18,0,-46.7412,-147.5,8.050843
2011,18,1,-46.7412,-146.5,8.050525
2011,18,2,-46.7412,-145.5,8.050166
2011,18,3,-46.7412,-144.5,8.049847
2011,18,4,-46.7412,-143.5,8.049609
2011,18,5,-46.7412,-142.5,8.049197
2011,18,6,-46.7412,-141.5,8.049062
2011,18,7,-46.7412,-140.5,8.049007
2011,18,8,-46.7412,-139.5,8.048728
2011,18,9,-46.7412,-138.5,8.048783
2011,18,10,-46.7412,-137.5,8.048679
2011,18,11,-46.7412,-136.5,8.048593
2011,18,12,-46.7412,-135.5,8.048667
2011,18,13,-46.7412,-134.5,8.048705
2011,18,14,-46.7412,-133.5,8.04857
2011,18,15,-46.7412,-132.5,8.048467
2011,18,16,-46.7412,-131.5,8.048303
2011,18,17,-46.7412,-130.5,8.047904
2011,18,18,-46.7412,-129.5,8.047619
2011,18,19,-46.7412,-128.5,8.047648
2011,19,0,-46.051548,-147.5,8.050022
2011,19,1,-46.051548,-146.5,8.049691
2011,19,2,-46.051548,-145.5,8.049287
2011,19,3,-46.051548,-144.5,8.048832
2011,19,4,-46.051548,-143.5,8.048497
2011,19,5,-46.051548,-142.5,8.048097
2011,19,6,-46.051548,-141.5,8.048042
2011,19,7,-46.051548,-140.5,8.0482235
2011,19,8,-46.051548,-139.5,8.048102
2011,19,9,-46.051548,-138.5,8.048408
2011,19,10,-46.051548,-137.5,8.048627
2011,19,11,-46.051548,-136.5,8.048731
2011,19,12,-46.051548,-135.5,8.048643
2011,19,13,-46.051548,-134.5,8.048583
2011,19,14,-46.051548,-133.5,8.048572
2011,19,15,-46.051548,-132.5,8.048539
2011,19,16,-46.051548,-131.5,8.04843
2011,19,17,-46.051548,-130.5,8.048095
2011,19,18,-46.051548,-129.5,8.04773
2011,19,19,-46.051548,-128.5,8.047654
2012,0,0,-57.695797,-147.5,8.027379
2012,0,1,-57.695797,-146.5,8.028204
2012,0,2,-57.695797,-145.5,8.028758
2012,0,3,-57.695797,-144.5,8.02789
2012,0,4,-57.695797,-143.5,8.027848
2012,0,5,-57.695797,-142.5,8.02808
2012,0,6,-57.695797,-141.5,8.028456
2012,0,7,-57.695797,-140.5,8.029378
2012,0,8,-57.695797,-139.5,8.030243
2012,0,9,-57.695797,-138.5,8.031013
2012,0,10,-57.695797,-137.5,8.031748
2012,0,11,-57.695797,-136.5,8.032645
2012,0,12,-57.695797,-135.5,8.033512
2012,0,13,-57.695797,-134.5,8.03407
2012,0,14,-57.695797,-133.5,8.034643
2012,0,15,-57.695797,-132.5,8.03502
2012,0,16,-57.695797,-131.5,8.035264
2012,0,17,-57.695797,-130.5,8.0356455
2012,0,18,-57.695797,-129.5,8.035975
2012,0,19,-57.695797,-128.5,8.0363
2012,1,0,-57.15743,-147.5,8.026369
2012,1,1,-57.15743,-146.5,8.027919
2012,1,2,-57.15743,-145.5,8.028384
2012,1,3,-57.15743,-144.5,8.027838
2012,1,4,-57.15743,-143.5,8.028121
2012,1,5,-57.15743,-142.5,8.02856
2012,1,6,-57.15743,-141.5,8.029061
2012,1,7,-57.15743,-140.5,8.029902
2012,1,8,-57.15743,-139.5,8.030723
2012,1,9,-57.15743,-138.5,8.031223
2012,1,10,-57.15743,-137.5,8.03189
2012,1,11,-57.15743,-136.5,8.032741
2012,1,12,-57.15743,-135.5,8.033587
2012,1,13,-57.15743,-134.5,8.034093
2012,1,14,-57.15743,-133.5,8.034674
2012,1,15,-57.15743,-132.5,8.03511
2012,1,16,-57.15743,-131.5,8.035453
2012,1,17,-57.15743,-130.5,8.035957
2012,1,18,-57.15743,-129.5,8.036349
2012,1,19,-57.15743,-128.5,8.036693
2012,2,0,-56.61111,-147.5,8.026103
2012,2,1,-56.61111,-146.5,8.02749
2012,2,2,-56.61111,-145.5,8.028081
2012,2,3,-56.61111,-144.5,8.028033
2012,2,4,-56.61111,-143.5,8.028683
2012,2,5,-56.61111,-142.5,8.0292635
2012,2,6,-56.61111,-141.5,8.029872
2012,2,7,-56.61111,-140.5,8.030791
2012,2,8,-56.61111,-139.5,8.031238
2012,2,9,-56.61111,-138.5,8.031685
2012,2,10,-56.61111,-137.5,8.03224
2012,2,11,-56.61111,-136.5,8.033057
2012,2,12,-56.61111,-135.5,8.033845
2012,2,13,-56.61111,-134.5,8.03425
2012,2,14,-56.61111,-133.5,8.034848
2012,2,15,-56.61111,-132.5,8.03535
2012,2,16,-56.61111,-131.5,8.035789
2012,2,17,-56.61111,-130.5,8.036343
2012,2,18,-56.61111,-129.5,8.036775
2012,2,19,-56.61111,-128.5,8.037116
2012,3,0,-56.05677,-147.5,8.027531
2012,3,1,-56.05677,-146.5,8.028684
2012,3,2,-56.05677,-145.5,8.02924
2012,3,3,-56.05677,-144.5,8.029414
2012,3,4,-56.05677,-143.5,8.030047
2012,3,5,-56.05677,-142.5,8.030616
2012,3,6,-56.05677,-141.5,8.031375
2012,3,7,-56.05677,-140.5,8.03206
2012,3,8,-56.05677,-139.5,8.032308
2012,3,9,-56.05677,-138.5,8.03246
2012,3,10,-56.05677,-137.5,8.032819
2012,3,11,-56.05677,-136.5,8.033514
2012,3,12,-56.05677,-135.5,8.03412
2012,3,13,-56.05677,-134.5,8.034484
2012,3,14,-56.05677,-133.5,8.035111
2012,3,15,-56.05677,-132.5,8.035743
2012,3,16,-56.05677,-131.5,8.036302
2012,3,17,-56.05677,-130.5,8.03694
2012,3,18,-56.05677,-129.5,8.037381
2012,3,19,-56.05677,-128.5,8.037663
2012,4,0,-55.494347,-147.5,8.029386
2012,4,1,-55.494347,-146.5,8.02999
2012,4,2,-55.494347,-145.5,8.030585
2012,4,3,-55.494347,-144.5,8.030699
2012,4,4,-55.494347,-143.5,8.031398
2012,4,5,-55.494347,-142.5,8.0320635
2012,4,6,-55.494347,-141.5,8.033011
2012,4,7,-55.494347,-140.5,8.033114
2012,4,8,-55.494347,-139.5,8.033435
2012,4,9,-55.494347,-138.5,8.033427
2012,4,10,-55.494347,-137.5,8.033617
2012,4,11,-55.494347,-136.5,8.034091
2012,4,12,-55.494347,-135.5,8.03467
2012,4,13,-55.494347,-134.5,8.035051
2012,4,14,-55.494347,-133.5,8.035783
2012,4,15,-55.494347,-132.5,8.036508
2012,4,16,-55.494347,-131.5,8.037056
2012,4,17,-55.494347,-130.5,8.037683
2012,4,18,-55.494347,-129.5,8.038114
2012,4,19,-55.494347,-128.5,8.038235
2012,5,0,-54.923775,-147.5,8.032166
2012,5,1,-54.923775,-146.5,8.032454
2012,5,2,-54.923775,-145.5,8.0329895
2012,5,3,-54.923775,-144.5,8.0332
2012,5,4,-54.923775,-143.5,8.033944
2012,5,5,-54.923775,-142.5,8.034536
2012,5,6,-54.923775,-141.5,8.0353155
2012,5,7,-54.923775,-140.5,8.035018
2012,5,8,-54.923775,-139.5,8.035072
2012,5,9,-54.923775,-138.5,8.034958
2012,5,10,-54.923775,-137.5,8.034908
2012,5,11,-54.923775,-136.5,8.035193
2012,5,12,-54.923775,-135.5,8.03561
2012,5,13,-54.923775,-134.5,8.035929
2012,5,14,-54.923775,-133.5,8.036643
2012,5,15,-54.923775,-132.5,8.037327
2012,5,16,-54.923775,-131.5,8.037814
2012,5,17,-54.923775,-130.5,8.038352
2012,5,18,-54.923775,-129.5,8.03877
2012,5,19,-54.923775,-128.5,8.0386915
2012,6,0,-54.344994,-147.5,8.034317
2012,6,1,-54.344994,-146.5,8.034568
2012,6,2,-54.344994,-145.5,8.035072
2012,6,3,-54.344994,-144.5,8.035243
2012,6,4,-54.344994,-143.5,8.035837
2012,6,5,-54.344994,-142.5,8.036345
2012,6,6,-54.344994,-141.5,8.036835
2012,6,7,-54.344994,-140.5,8.036722
2012,6,8,-54.344994,-139.5,8.036742
2012,6,9,-54.344994,-138.5,8.036609
2012,6,10,-54.344994,-137.5,8.036459
2012,6,11,-54.344994,-136.5,8.036554
2012,6,12,-54.344994,-135.5,8.036836
2012,6,13,-54.344994,-134.5,8.0371065
2012,6,14,-54.344994,-133.5,8.037769
2012,6,15,-54.344994,-132.5,8.038339
2012,6,16,-54.344994,-131.5,8.03875
2012,6,17,-54.344994,-130.5,8.039202
2012,6,18,-54.344994,-129.5,8.039452
2012,6,19,-54.344994,-128.5,8.039387
2012,7,0,-53.75795,-147.5,8.0366125
2012,7,1,-53.75795,-146.5,8.036877
2012,7,2,-53.75795,-145.5,8.037227
2012,7,3,-53.75795,-144.5,8.037383
2012,7,4,-53.75795,-143.5,8.037746
2012,7,5,-53.75795,-142.5,8.0381155
2012,7,6,-53.75795,-141.5,8.038396
2012,7,7,-53.75795,-140.5,8.038351
2012,7,8,-53.75795,-139.5,8.038274
2012,7,9,-53.75795,-138.5,8.038186
2012,7,10,-53.75795,-137.5,8.038022
2012,7,11,-53.75795,-136.5,8.038036
2012,7,12,-53.75795,-135.5,8.038289
2012,7,13,-53.75795,-134.5,8.038505
2012,7,14,-53.75795,-133.5,8.038985
2012,7,15,-53.75795,-132.5,8.039414
2012,7,16,-53.75795,-131.5,8.039725
2012,7,17,-53.75795,-130.5,8.040004
2012,7,18,-53.75795,-129.5,8.040075
2012,7,19,-53.75795,-128.5,8.039971
2012,8,0,-53.162582,-147.5,8.0384035
2012,8,1,-53.162582,-146.5,8.038653
2012,8,2,-53.162582,-145.5,8.038901
2012,8,3,-53.162582,-144.5,8.039029
2012,8,4,-53.162582,-143.5,8.03933
2012,8,5,-53.162582,-142.5,8.039615
2012,8,6,-53.162582,-141.5,8.039799
2012,8,7,-53.162582,-140.5,8.039815
2012,8,8,-53.162582,-139.5,8.039745
2012,8,9,-53.162582,-138.5,8.039642
2012,8,10,-53.162582,-137.5,8.039436
2012,8,11,-53.162582,-136.5,8.039422
2012,8,12,-53.162582,-135.5,8.03961
2012,8,13,-53.162582,-134.5,8.039773
2012,8,14,-53.162582,-133.5,8.040122
2012,8,15,-53.162582,-132.5,8.04042
2012,8,16,-53.162582,-131.5,8.040618
2012,8,17,-53.162582,-130.5,8.040761
2012,8,18,-53.162582,-129.5,8.040855
2012,8,19,-53.162582,-128.5,8.040612
2012,9,0,-52.558838,-147.5,8.039997
2012,9,1,-52.558838,-146.5,8.040249
2012,9,2,-52.558838,-145.5,8.040591
2012,9,3,-52.558838,-144.5,8.040767
2012,9,4,-52.558838,-143.5,8.040908
2012,9,5,-52.558838,-142.5,8.040994
2012,9,6,-52.558838,-141.5,8.041112
2012,9,7,-52.558838,-140.5,8.041206
2012,9,8,-52.558838,-139.5,8.041175
2012,9,9,-52.558838,-138.5,8.04106
2012,9,10,-52.558838,-137.5,8.040876
2012,9,11,-52.558838,-136.5,8.04087
2012,9,12,-52.558838,-135.5,8.040925
2012,9,13,-52.558838,-134.5,8.040984
2012,9,14,-52.558838,-133.5,8.041204
2012,9,15,-52.558838,-132.5,8.041313
2012,9,16,-52.558838,-131.5,8.041351
2012,9,17,-52.558838,-130.5,8.041352
2012,9,18,-52.558838,-129.5,8.041434
2012,9,19,-52.558838,-128.5,8.041175
2012,10,0,-51.946674,-147.5,8.041423
2012,10,1,-51.946674,-146.5,8.041666
2012,10,2,-51.946674,-145.5,8.042031
2012,10,3,-51.946674,-144.5,8.042171
2012,10,4,-51.946674,-143.5,8.042363
2012,10,5,-51.946674,-142.5,8.042393
2012,10,6,-51.946674,-141.5,8.042358
2012,10,7,-51.946674,-140.5,8.042357
2012,10,8,-51.946674,-139.5,8.042394
2012,10,9,-51.946674,-138.5,8.042323
2012,10,10,-51.946674,-137.5,8.042135
2012,10,11,-51.946674,-136.5,8.042165
2012,10,12,-51.946674,-135.5,8.042174
2012,10,13,-51.946674,-134.5,8.042112
2012,10,14,-51.946674,-133.5,8.042169
2012,10,15,-51.946674,-132.5,8.042113
2012,10,16,-51.946674,-131.5,8.042009
2012,10,17,-51.946674,-130.5,8.041938
2012,10,18,-51.946674,-129.5,8.041941
2012,10,19,-51.946674,-128.5,8.041677
2012,11,0,-51.326035,-147.5,8.042859
2012,11,1,-51.326035,-146.5,8.043045
2012,11,2,-51.326035,-145.5,8.043313
2012,11,3,-51.326035,-144.5,8.043432
2012,11,4,-51.326035,-143.5,8.043633
2012,11,5,-51.326035,-142.5,8.043719
2012,11,6,-51.326035,-141.5,8.043814
2012,11,7,-51.326035,-140.5,8.043678
2012,11,8,-51.326035,-139.5,8.0435705
2012,11,9,-51.326035,-138.5,8.043458
2012,11,10,-51.326035,-137.5,8.043285
2012,11,11,-51.326035,-136.5,8.043282
2012,11,12,-51.326035,-135.5,8.0432005
2012,11,13,-51.326035,-134.5,8.043071
2012,11,14,-51.326035,-133.5,8.042951
2012,11,15,-51.326035,-132.5,8.042754
2012,11,16,-51.326035,-131.5,8.04262
2012,11,17,-51.326035,-130.5,8.04248
2012,11,18,-51.326035,-129.5,8.042525
2012,11,19,-51.326035,-128.5,8.042311
2012,12,0,-50.696884,-147.5,8.044177
2012,12,1,-50.696884,-146.5,8.044288
2012,12,2,-50.696884,-145.5,8.044465
2012,12,3,-50.696884,-144.5,8.04448
2012,12,4,-50.696884,-143.5,8.04469
2012,12,5,-50.696884,-142.5,8.044816
2012,12,6,-50.696884,-141.5,8.044917
2012,12,7,-50.696884,-140.5,8.044835
2012,12,8,-50.696884,-139.5,8.044811
2012,12,9,-50.696884,-138.5,8.044535
2012,12,10,-50.696884,-137.5,8.044226
2012,12,11,-50.696884,-136.5,8.044056
2012,12,12,-50.696884,-135.5,8.043885
2012,12,13,-50.696884,-134.5,8.043658
2012,12,14,-50.696884,-133.5,8.043433
2012,12,15,-50.696884,-132.5,8.043128
2012,12,16,-50.696884,-131.5,8.043006
2012,12,17,-50.696884,-130.5,8.042794
2012,12,18,-50.696884,-129.5,8.042846
2012,12,19,-50.696884,-128.5,8.042668
2012,13,0,-50.059177,-147.5,8.045472
2012,13,1,-50.059177,-146.5,8.04548
2012,13,2,-50.059177,-145.5,8.045593
2012,13,3,-50.059177,-144.5,8.04559
2012,13,4,-50.059177,-143.5,8.045705
2012,13,5,-50.059177,-142.5,8.045723
2012,13,6,-50.059177,-141.5,8.045812
2012,13,7,-50.059177,-140.5,8.045724
2012,13,8,-50.059177,-139.5,8.045793
2012,13,9,-50.059177,-138.5,8.045615
2012,13,10,-50.059177,-137.5,8.045222
2012,13,11,-50.059177,-136.5,8.044906
2012,13,12,-50.059177,-135.5,8.0446415
2012,13,13,-50.059177,-134.5,8.0443535
2012,13,14,-50.059177,-133.5,8.044121
2012,13,15,-50.059177,-132.5,8.043912
2012,13,16,-50.059177,-131.5,8.043785
2012,13,17,-50.059177,-130.5,8.04355
2012,13,18,-50.059177,-129.5,8.043551
2012,13,19,-50.059177,-128.5,8.043298
2012,14,0,-49.41288,-147.5,8.046498
2012,14,1,-49.41288,-146.5,8.04639
2012,14,2,-49.41288,-145.5,8.046425
2012,14,3,-49.41288,-144.5,8.046408
2012,14,4,-49.41288,-143.5,8.0465975
2012,14,5,-49.41288,-142.5,8.0465975
2012,14,6,-49.41288,-141.5,8.046658
2012,14,7,-49.41288,-140.5,8.046428
2012,14,8,-49.41288,-139.5,8.046342
2012,14,9,-49.41288,-138.5,8.046149
2012,14,10,-49.41288,-137.5,8.045782
2012,14,11,-49.41288,-136.5,8.045432
2012,14,12,-49.41288,-135.5,8.045172
2012,14,13,-49.41288,-134.5,8.044906
2012,14,14,-49.41288,-133.5,8.044631
2012,14,15,-49.41288,-132.5,8.044421
2012,14,16,-49.41288,-131.5,8.044286
2012,14,17,-49.41288,-130.5,8.044044
2012,14,18,-49.41288,-129.5,8.044039
2012,14,19,-49.41288,-128.5,8.04384
2012,15,0,-48.757957,-147.5,8.047136
2012,15,1,-48.757957,-146.5,8.047094
2012,15,2,-48.757957,-145.5,8.04709
2012,15,3,-48.757957,-144.5,8.047093
2012,15,4,-48.757957,-143.5,8.0472355
2012,15,5,-48.757957,-142.5,8.0472975
2012,15,6,-48.757957,-141.5,8.0473385
2012,15,7,-48.757957,-140.5,8.047037
2012,15,8,-48.757957,-139.5,8.046788
2012,15,9,-48.757957,-138.5,8.046586
2012,15,10,-48.757957,-137.5,8.046262
2012,15,11,-48.757957,-136.5,8.045943
2012,15,12,-48.757957,-135.5,8.045756
2012,15,13,-48.757957,-134.5,8.045556
2012,15,14,-48.757957,-133.5,8.045373
2012,15,15,-48.757957,-132.5,8.045146
2012,15,16,-48.757957,-131.5,8.045036
2012,15,17,-48.757957,-130.5,8.0448
2012,15,18,-48.757957,-129.5,8.044799
2012,15,19,-48.757957,-128.5,8.044583
2012,16,0,-48.094387,-147.5,8.047594
2012,16,1,-48.094387,-146.5,8.047543
2012,16,2,-48.094387,-145.5,8.047454
2012,16,3,-48.094387,-144.5,8.0475
2012,16,4,-48.094387,-143.5,8.047654
2012,16,5,-48.094387,-142.5,8.04771
2012,16,6,-48.094387,-141.5,8.047692
2012,16,7,-48.094387,-140.5,8.047321
2012,16,8,-48.094387,-139.5,8.046969
2012,16,9,-48.094387,-138.5,8.046776
2012,16,10,-48.094387,-137.5,8.046512
2012,16,11,-48.094387,-136.5,8.046299
2012,16,12,-48.094387,-135.5,8.046212
2012,16,13,-48.094387,-134.5,8.046045
2012,16,14,-48.094387,-133.5,8.045845
2012,16,15,-48.094387,-132.5,8.045615
2012,16,16,-48.094387,-131.5,8.045489
2012,16,17,-48.094387,-130.5,8.045365
2012,16,18,-48.094387,-129.5,8.0454445
2012,16,19,-48.094387,-128.5,8.045293
2012,17,0,-47.422142,-147.5,8.048118
2012,17,1,-47.422142,-146.5,8.048147
2012,17,2,-47.422142,-145.5,8.048159
2012,17,3,-47.422142,-144.5,8.0482
2012,17,4,-47.422142,-143.5,8.048201
2012,17,5,-47.422142,-142.5,8.048107
2012,17,6,-47.422142,-141.5,8.048151
2012,17,7,-47.422142,-140.5,8.047905
2012,17,8,-47.422142,-139.5,8.047561
2012,17,9,-47.422142,-138.5,8.047353
2012,17,10,-47.422142,-137.5,8.047035
2012,17,11,-47.422142,-136.5,8.046812
2012,17,12,-47.422142,-135.5,8.046812
2012,17,13,-47.422142,-134.5,8.046725
2012,17,14,-47.422142,-133.5,8.046548
2012,17,15,-47.422142,-132.5,8.046467
2012,17,16,-47.422142,-131.5,8.046407
2012,17,17,-47.422142,-130.5,8.046252
2012,17,18,-47.422142,-129.5,8.046292
2012,17,19,-47.422142,-128.5,8.045997
2012,18,0,-46.7412,-147.5,8.048226
2012,18,1,-46.7412,-146.5,8.048383
2012,18,2,-46.7412,-145.5,8.048528
2012,18,3,-46.7412,-144.5,8.048616
2012,18,4,-46.7412,-143.5,8.048436
2012,18,5,-46.7412,-142.5,8.048166
2012,18,6,-46.7412,-141.5,8.048205
2012,18,7,-46.7412,-140.5,8.048051
2012,18,8,-46.7412,-139.5,8.047803
2012,18,9,-46.7412,-138.5,8.047626
2012,18,10,-46.7412,-137.5,8.047227
2012,18,11,-46.7412,-136.5,8.047097
2012,18,12,-46.7412,-135.5,8.047305
2012,18,13,-46.7412,-134.5,8.0473385
2012,18,14,-46.7412,-133.5,8.047242
2012,18,15,-46.7412,-132.5,8.047234
2012,18,16,-46.7412,-131.5,8.047275
2012,18,17,-46.7412,-130.5,8.047061
2012,18,18,-46.7412,-129.5,8.047038
2012,18,19,-46.7412,-128.5,8.046574
2012,19,0,-46.051548,-147.5,8.048604
2012,19,1,-46.051548,-146.5,8.048736
2012,19,2,-46.051548,-145.5,8.048866
2012,19,3,-46.051548,-144.5,8.048954
2012,19,4,-46.051548,-143.5,8.048779
2012,19,5,-46.051548,-142.5,8.048536
2012,19,6,-46.051548,-141.5,8.048466
2012,19,7,-46.051548,-140.5,8.048258
2012,19,8,-46.051548,-139.5,8.048041
2012,19,9,-46.051548,-138.5,8.0479765
2012,19,10,-46.051548,-137.5,8.047712
2012,19,11,-46.051548,-136.5,8.047576
2012,19,12,-46.051548,-135.5,8.047792
2012,19,13,-46.051548,-134.5,8.047928
2012,19,14,-46.051548,-133.5,8.047841
2012,19,15,-46.051548,-132.5,8.047802
2012,19,16,-46.051548,-131.5,8.047872
2012,19,17,-46.051548,-130.5,8.047702
2012,19,18,-46.051548,-129.5,8.047625
2012,19,19,-46.051548,-128.5,8.047166
2013,0,0,-57.695797,-147.5,8.02407
2013,0,1,-57.695797,-146.5,8.025637
2013,0,2,-57.695797,-145.5,8.026578
2013,0,3,-57.695797,-144.5,8.026229
2013,0,4,-57.695797,-143.5,8.027336
2013,0,5,-57.695797,-142.5,8.02846
2013,0,6,-57.695797,-141.5,8.029261
2013,0,7,-57.695797,-140.5,8.030358
2013,0,8,-57.695797,-139.5,8.031339
2013,0,9,-57.695797,-138.5,8.032349
2013,0,10,-57.695797,-137.5,8.033166
2013,0,11,-57.695797,-136.5,8.0341425
2013,0,12,-57.695797,-135.5,8.034778
2013,0,13,-57.695797,-134.5,8.035033
2013,0,14,-57.695797,-133.5,8.03533
2013,0,15,-57.695797,-132.5,8.035288
2013,0,16,-57.695797,-131.5,8.035078
2013,0,17,-57.695797,-130.5,8.035119
2013,0,18,-57.695797,-129.5,8.035026
2013,0,19,-57.695797,-128.5,8.035039
2013,1,0,-57.15743,-147.5,8.023704
2013,1,1,-57.15743,-146.5,8.025352
2013,1,2,-57.15743,-145.5,8.026278
2013,1,3,-57.15743,-144.5,8.026538
2013,1,4,-57.15743,-143.5,8.027861
2013,1,5,-57.15743,-142.5,8.028925
2013,1,6,-57.15743,-141.5,8.029668
2013,1,7,-57.15743,-140.5,8.030697
2013,1,8,-57.15743,-139.5,8.031556
2013,1,9,-57.15743,-138.5,8.032229
2013,1,10,-57.15743,-137.5,8.032987
2013,1,11,-57.15743,-136.5,8.033849
2013,1,12,-57.15743,-135.5,8.034457
2013,1,13,-57.15743,-134.5,8.034691
2013,1,14,-57.15743,-133.5,8.034997
2013,1,15,-57.15743,-132.5,8.035043
2013,1,16,-57.15743,-131.5,8.034925
2013,1,17,-57.15743,-130.5,8.035041
2013,1,18,-57.15743,-129.5,8.035146
2013,1,19,-57.15743,-128.5,8.035355
2013,2,0,-56.61111,-147.5,8.024474
2013,2,1,-56.61111,-146.5,8.025809
2013,2,2,-56.61111,-145.5,8.026825
2013,2,3,-56.61111,-144.5,8.027552
2013,2,4,-56.61111,-143.5,8.028899
2013,2,5,-56.61111,-142.5,8.029675
2013,2,6,-56.61111,-141.5,8.030194
2013,2,7,-56.61111,-140.5,8.031211
2013,2,8,-56.61111,-139.5,8.03176
2013,2,9,-56.61111,-138.5,8.032289
2013,2,10,-56.61111,-137.5,8.032941
2013,2,11,-56.61111,-136.5,8.033743
2013,2,12,-56.61111,-135.5,8.034384
2013,2,13,-56.61111,-134.5,8.034557
2013,2,14,-56.61111,-133.5,8.034823
2013,2,15,-56.61111,-132.5,8.034917
2013,2,16,-56.61111,-131.5,8.034882
2013,2,17,-56.61111,-130.5,8.035079
2013,2,18,-56.61111,-129.5,8.03529
2013,2,19,-56.61111,-128.5,8.035672
2013,3,0,-56.05677,-147.5,8.027308
2013,3,1,-56.05677,-146.5,8.028377
2013,3,2,-56.05677,-145.5,8.029162
2013,3,3,-56.05677,-144.5,8.029655
2013,3,4,-56.05677,-143.5,8.030324
2013,3,5,-56.05677,-142.5,8.030544
2013,3,6,-56.05677,-141.5,8.030817
2013,3,7,-56.05677,-140.5,8.031575
2013,3,8,-56.05677,-139.5,8.031917
2013,3,9,-56.05677,-138.5,8.032422
2013,3,10,-56.05677,-137.5,8.032921
2013,3,11,-56.05677,-136.5,8.033711
2013,3,12,-56.05677,-135.5,8.034135
2013,3,13,-56.05677,-134.5,8.034263
2013,3,14,-56.05677,-133.5,8.034557
2013,3,15,-56.05677,-132.5,8.03477
2013,3,16,-56.05677,-131.5,8.034901
2013,3,17,-56.05677,-130.5,8.035293
2013,3,18,-56.05677,-129.5,8.035575
2013,3,19,-56.05677,-128.5,8.03597
2013,4,0,-55.494347,-147.5,8.029457
2013,4,1,-55.494347,-146.5,8.029872
2013,4,2,-55.494347,-145.5,8.03051
2013,4,3,-55.494347,-144.5,8.030574
2013,4,4,-55.494347,-143.5,8.030805
2013,4,5,-55.494347,-142.5,8.030925
2013,4,6,-55.494347,-141.5,8.031369
2013,4,7,-55.494347,-140.5,8.031616
2013,4,8,-55.494347,-139.5,8.03197
2013,4,9,-55.494347,-138.5,8.0324745
2013,4,10,-55.494347,-137.5,8.032764
2013,4,11,-55.494347,-136.5,8.03363
2013,4,12,-55.494347,-135.5,8.034015
2013,4,13,-55.494347,-134.5,8.034177
2013,4,14,-55.494347,-133.5,8.0346155
2013,4,15,-55.494347,-132.5,8.034952
2013,4,16,-55.494347,-131.5,8.035227
2013,4,17,-55.494347,-130.5,8.03569
2013,4,18,-55.494347,-129.5,8.036029
2013,4,19,-55.494347,-128.5,8.036431
2013,5,0,-54.923775,-147.5,8.031495
2013,5,1,-54.923775,-146.5,8.031726
2013,5,2,-54.923775,-145.5,8.0321455
2013,5,3,-54.923775,-144.5,8.032142
2013,5,4,-54.923775,-143.5,8.032267
2013,5,5,-54.923775,-142.5,8.032391
2013,5,6,-54.923775,-141.5,8.03301
2013,5,7,-54.923775,-140.5,8.032739
2013,5,8,-54.923775,-139.5,8.033085
2013,5,9,-54.923775,-138.5,8.0332575
2013,5,10,-54.923775,-137.5,8.033277
2013,5,11,-54.923775,-136.5,8.033818
2013,5,12,-54.923775,-135.5,8.034153
2013,5,13,-54.923775,-134.5,8.034322
2013,5,14,-54.923775,-133.5,8.034821
2013,5,15,-54.923775,-132.5,8.035258
2013,5,16,-54.923775,-131.5,8.035588
2013,5,17,-54.923775,-130.5,8.036027
2013,5,18,-54.923775,-129.5,8.036452
2013,5,19,-54.923775,-128.5,8.036451
2013,6,0,-54.344994,-147.5,8.0322485
2013,6,1,-54.344994,-146.5,8.032405
2013,6,2,-54.344994,-145.5,8.032718
2013,6,3,-54.344994,-144.5,8.032753
2013,6,4,-54.344994,-143.5,8.033033
2013,6,5,-54.344994,-142.5,8.033374
2013,6,6,-54.344994,-141.5,8.033983
2013,6,7,-54.344994,-140.5,8.033847
2013,6,8,-54.344994,-139.5,8.034153
2013,6,9,-54.344994,-138.5,8.034204
2013,6,10,-54.344994,-137.5,8.034141
2013,6,11,-54.344994,-136.5,8.034348
2013,6,12,-54.344994,-135.5,8.034634
2013,6,13,-54.344994,-134.5,8.034807
2013,6,14,-54.344994,-133.5,8.035323
2013,6,15,-54.344994,-132.5,8.035753
2013,6,16,-54.344994,-131.5,8.036129
2013,6,17,-54.344994,-130.5,8.036576
2013,6,18,-54.344994,-129.5,8.036961
2013,6,19,-54.344994,-128.5,8.036783
2013,7,0,-53.75795,-147.5,8.033543
2013,7,1,-53.75795,-146.5,8.033826
2013,7,2,-53.75795,-145.5,8.034254
2013,7,3,-53.75795,-144.5,8.034511
2013,7,4,-53.75795,-143.5,8.034886
2013,7,5,-53.75795,-142.5,8.035203
2013,7,6,-53.75795,-141.5,8.035522
2013,7,7,-53.75795,-140.5,8.035417
2013,7,8,-53.75795,-139.5,8.035549
2013,7,9,-53.75795,-138.5,8.0355
2013,7,10,-53.75795,-137.5,8.035343
2013,7,11,-53.75795,-136.5,8.035316
2013,7,12,-53.75795,-135.5,8.035605
2013,7,13,-53.75795,-134.5,8.035721
2013,7,14,-53.75795,-133.5,8.036093
2013,7,15,-53.75795,-132.5,8.036489
2013,7,16,-53.75795,-131.5,8.036847
2013,7,17,-53.75795,-130.5,8.037162
2013,7,18,-53.75795,-129.5,8.037397
2013,7,19,-53.75795,-128.5,8.037196
2013,8,0,-53.162582,-147.5,8.035092
2013,8,1,-53.162582,-146.5,8.035511
2013,8,2,-53.162582,-145.5,8.03597
2013,8,3,-53.162582,-144.5,8.036305
2013,8,4,-53.162582,-143.5,8.036672
2013,8,5,-53.162582,-142.5,8.036871
2013,8,6,-53.162582,-141.5,8.037038
2013,8,7,-53.162582,-140.5,8.03695
2013,8,8,-53.162582,-139.5,8.037026
2013,8,9,-53.162582,-138.5,8.036901
2013,8,10,-53.162582,-137.5,8.036658
2013,8,11,-53.162582,-136.5,8.036555
2013,8,12,-53.162582,-135.5,8.036681
2013,8,13,-53.162582,-134.5,8.036643
2013,8,14,-53.162582,-133.5,8.036958
2013,8,15,-53.162582,-132.5,8.03729
2013,8,16,-53.162582,-131.5,8.037583
2013,8,17,-53.162582,-130.5,8.03774
2013,8,18,-53.162582,-129.5,8.037894
2013,8,19,-53.162582,-128.5,8.037651
2013,9,0,-52.558838,-147.5,8.037215
2013,9,1,-52.558838,-146.5,8.0377
2013,9,2,-52.558838,-145.5,8.0380125
2013,9,3,-52.558838,-144.5,8.0382395
2013,9,4,-52.558838,-143.5,8.038423
2013,9,5,-52.558838,-142.5,8.038376
2013,9,6,-52.558838,-141.5,8.0384
2013,9,7,-52.558838,-140.5,8.038278
2013,9,8,-52.558838,-139.5,8.038253
2013,9,9,-52.558838,-138.5,8.038081
2013,9,10,-52.558838,-137.5,8.037862
2013,9,11,-52.558838,-136.5,8.037796
2013,9,12,-52.558838,-135.5,8.037789
2013,9,13,-52.558838,-134.5,8.037681
2013,9,14,-52.558838,-133.5,8.037822
2013,9,15,-52.558838,-132.5,8.038073
2013,9,16,-52.558838,-131.5,8.038213
2013,9,17,-52.558838,-130.5,8.038193
2013,9,18,-52.558838,-129.5,8.038224
2013,9,19,-52.558838,-128.5,8.037916
2013,10,0,-51.946674,-147.5,8.03947
2013,10,1,-51.946674,-146.5,8.039954
2013,10,2,-51.946674,-145.5,8.040018
2013,10,3,-51.946674,-144.5,8.040035
2013,10,4,-51.946674,-143.5,8.040054
2013,10,5,-51.946674,-142.5,8.039822
2013,10,6,-51.946674,-141.5,8.03971
2013,10,7,-51.946674,-140.5,8.039416
2013,10,8,-51.946674,-139.5,8.039271
2013,10,9,-51.946674,-138.5,8.039113
2013,10,10,-51.946674,-137.5,8.03888
2013,10,11,-51.946674,-136.5,8.038821
2013,10,12,-51.946674,-135.5,8.038711
2013,10,13,-51.946674,-134.5,8.038539
2013,10,14,-51.946674,-133.5,8.038588
2013,10,15,-51.946674,-132.5,8.038686
2013,10,16,-51.946674,-131.5,8.038682
2013,10,17,-51.946674,-130.5,8.038545
2013,10,18,-51.946674,-129.5,8.038484
2013,10,19,-51.946674,-128.5,8.0381
2013,11,0,-51.326035,-147.5,8.041465
2013,11,1,-51.326035,-146.5,8.04182
2013,11,2,-51.326035,-145.5,8.041724
2013,11,3,-51.326035,-144.5,8.0416
2013,11,4,-51.326035,-143.5,8.041444
2013,11,5,-51.326035,-142.5,8.041126
2013,11,6,-51.326035,-141.5,8.040957
2013,11,7,-51.326035,-140.5,8.040559
2013,11,8,-51.326035,-139.5,8.040349
2013,11,9,-51.326035,-138.5,8.040145
2013,11,10,-51.326035,-137.5,8.039893
2013,11,11,-51.326035,-136.5,8.039728
2013,11,12,-51.326035,-135.5,8.039511
2013,11,13,-51.326035,-134.5,8.039262
2013,11,14,-51.326035,-133.5,8.039133
2013,11,15,-51.326035,-132.5,8.039144
2013,11,16,-51.326035,-131.5,8.039006
2013,11,17,-51.326035,-130.5,8.038698
2013,11,18,-51.326035,-129.5,8.038681
2013,11,19,-51.326035,-128.5,8.038216
2013,12,0,-50.696884,-147.5,8.043121
2013,12,1,-50.696884,-146.5,8.043256
2013,12,2,-50.696884,-145.5,8.04304
2013,12,3,-50.696884,-144.5,8.042762
2013,12,4,-50.696884,-143.5,8.042417
2013,12,5,-50.696884,-142.5,8.042068
2013,12,6,-50.696884,-141.5,8.041886
2013,12,7,-50.696884,-140.5,8.041382
2013,12,8,-50.696884,-139.5,8.041121
2013,12,9,-50.696884,-138.5,8.0409
2013,12,10,-50.696884,-137.5,8.04057
2013,12,11,-50.696884,-136.5,8.040402
2013,12,12,-50.696884,-135.5,8.040191
2013,12,13,-50.696884,-134.5,8.040003
2013,12,14,-50.696884,-133.5,8.039788
2013,12,15,-50.696884,-132.5,8.039558
2013,12,16,-50.696884,-131.5,8.039273
2013,12,17,-50.696884,-130.5,8.038901
2013,12,18,-50.696884,-129.5,8.038825
2013,12,19,-50.696884,-128.5,8.038313
2013,13,0,-50.059177,-147.5,8.044436
2013,13,1,-50.059177,-146.5,8.044461
2013,13,2,-50.059177,-145.5,8.044089
2013,13,3,-50.059177,-144.5,8.043765
2013,13,4,-50.059177,-143.5,8.043282
2013,13,5,-50.059177,-142.5,8.042878
2013,13,6,-50.059177,-141.5,8.04271
2013,13,7,-50.059177,-140.5,8.042207
2013,13,8,-50.059177,-139.5,8.041905
2013,13,9,-50.059177,-138.5,8.041636
2013,13,10,-50.059177,-137.5,8.041309
2013,13,11,-50.059177,-136.5,8.041015
2013,13,12,-50.059177,-135.5,8.040759
2013,13,13,-50.059177,-134.5,8.040552
2013,13,14,-50.059177,-133.5,8.040325
2013,13,15,-50.059177,-132.5,8.040029
2013,13,16,-50.059177,-131.5,8.039676
2013,13,17,-50.059177,-130.5,8.039226
2013,13,18,-50.059177,-129.5,8.039074
2013,13,19,-50.059177,-128.5,8.0386505
2013,14,0,-49.41288,-147.5,8.045459
2013,14,1,-49.41288,-146.5,8.045352
2013,14,2,-49.41288,-145.5,8.04483
2013,14,3,-49.41288,-144.5,8.044399
2013,14,4,-49.41288,-143.5,8.043958
2013,14,5,-49.41288,-142.5,8.043538
2013,14,6,-49.41288,-141.5,8.043308
2013,14,7,-49.41288,-140.5,8.042809
2013,14,8,-49.41288,-139.5,8.042436
2013,14,9,-49.41288,-138.5,8.042029
2013,14,10,-49.41288,-137.5,8.041666
2013,14,11,-49.41288,-136.5,8.041416
2013,14,12,-49.41288,-135.5,8.041069
2013,14,13,-49.41288,-134.5,8.040802
2013,14,14,-49.41288,-133.5,8.040544
2013,14,15,-49.41288,-132.5,8.040182
2013,14,16,-49.41288,-131.5,8.039853
2013,14,17,-49.41288,-130.5,8.039365
2013,14,18,-49.41288,-129.5,8.039167
2013,14,19,-49.41288,-128.5,8.038861
2013,15,0,-48.757957,-147.5,8.046462
2013,15,1,-48.757957,-146.5,8.0462475
2013,15,2,-48.757957,-145.5,8.045588
2013,15,3,-48.757957,-144.5,8.045095
2013,15,4,-48.757957,-143.5,8.04449
2013,15,5,-48.757957,-142.5,8.044038
2013,15,6,-48.757957,-141.5,8.04378
2013,15,7,-48.757957,-140.5,8.043207
2013,15,8,-48.757957,-139.5,8.042839
2013,15,9,-48.757957,-138.5,8.042355
2013,15,10,-48.757957,-137.5,8.042075
2013,15,11,-48.757957,-136.5,8.041919
2013,15,12,-48.757957,-135.5,8.041541
2013,15,13,-48.757957,-134.5,8.041225
2013,15,14,-48.757957,-133.5,8.04106
2013,15,15,-48.757957,-132.5,8.040778
2013,15,16,-48.757957,-131.5,8.040519
2013,15,17,-48.757957,-130.5,8.04013
2013,15,18,-48.757957,-129.5,8.039865
2013,15,19,-48.757957,-128.5,8.03957
2013,16,0,-48.094387,-147.5,8.047299
2013,16,1,-48.094387,-146.5,8.046871
2013,16,2,-48.094387,-145.5,8.046044
2013,16,3,-48.094387,-144.5,8.045495
2013,16,4,-48.094387,-143.5,8.044934
2013,16,5,-48.094387,-142.5,8.04444
2013,16,6,-48.094387,-141.5,8.044144
2013,16,7,-48.094387,-140.5,8.043435
2013,16,8,-48.094387,-139.5,8.043
2013,16,9,-48.094387,-138.5,8.042554
2013,16,10,-48.094387,-137.5,8.042266
2013,16,11,-48.094387,-136.5,8.042142
2013,16,12,-48.094387,-135.5,8.0418005
2013,16,13,-48.094387,-134.5,8.041545
2013,16,14,-48.094387,-133.5,8.04145
2013,16,15,-48.094387,-132.5,8.041261
2013,16,16,-48.094387,-131.5,8.041048
2013,16,17,-48.094387,-130.5,8.040722
2013,16,18,-48.094387,-129.5,8.04047
2013,16,19,-48.094387,-128.5,8.040206
2013,17,0,-47.422142,-147.5,8.047728
2013,17,1,-47.422142,-146.5,8.04718
2013,17,2,-47.422142,-145.5,8.046399
2013,17,3,-47.422142,-144.5,8.045922
2013,17,4,-47.422142,-143.5,8.04542
2013,17,5,-47.422142,-142.5,8.044894
2013,17,6,-47.422142,-141.5,8.044614
2013,17,7,-47.422142,-140.5,8.044057
2013,17,8,-47.422142,-139.5,8.043664
2013,17,9,-47.422142,-138.5,8.043191
2013,17,10,-47.422142,-137.5,8.042878
2013,17,11,-47.422142,-136.5,8.042718
2013,17,12,-47.422142,-135.5,8.042346
2013,17,13,-47.422142,-134.5,8.042072
2013,17,14,-47.422142,-133.5,8.041879
2013,17,15,-47.422142,-132.5,8.041685
2013,17,16,-47.422142,-131.5,8.041451
2013,17,17,-47.422142,-130.5,8.041226
2013,17,18,-47.422142,-129.5,8.040961
2013,17,19,-47.422142,-128.5,8.0407095
2013,18,0,-46.7412,-147.5,8.047832
2013,18,1,-46.7412,-146.5,8.047221
2013,18,2,-46.7412,-145.5,8.046396
2013,18,3,-46.7412,-144.5,8.045953
2013,18,4,-46.7412,-143.5,8.045523
2013,18,5,-46.7412,-142.5,8.04505
2013,18,6,-46.7412,-141.5,8.044759
2013,18,7,-46.7412,-140.5,8.044356
2013,18,8,-46.7412,-139.5,8.044076
2013,18,9,-46.7412,-138.5,8.043652
2013,18,10,-46.7412,-137.5,8.043349
2013,18,11,-46.7412,-136.5,8.043087
2013,18,12,-46.7412,-135.5,8.042696
2013,18,13,-46.7412,-134.5,8.042281
2013,18,14,-46.7412,-133.5,8.041953
2013,18,15,-46.7412,-132.5,8.04169
2013,18,16,-46.7412,-131.5,8.04149
2013,18,17,-46.7412,-130.5,8.041318
2013,18,18,-46.7412,-129.5,8.041107
2013,18,19,-46.7412,-128.5,8.040836
2013,19,0,-46.051548,-147.5,8.047914
2013,19,1,-46.051548,-146.5,8.047296
2013,19,2,-46.051548,-145.5,8.046594
2013,19,3,-46.051548,-144.5,8.046163
2013,19,4,-46.051548,-143.5,8.045731
2013,19,5,-46.051548,-142.5,8.045174
2013,19,6,-46.051548,-141.5,8.044786
2013,19,7,-46.051548,-140.5,8.044398
2013,19,8,-46.051548,-139.5,8.044195
2013,19,9,-46.051548,-138.5,8.043859
2013,19,10,-46.051548,-137.5,8.043607
2013,19,11,-46.051548,-136.5,8.04336
2013,19,12,-46.051548,-135.5,8.042945
2013,19,13,-46.051548,-134.5,8.04255
2013,19,14,-46.051548,-133.5,8.042192
2013,19,15,-46.051548,-132.5,8.041938
2013,19,16,-46.051548,-131.5,8.041693
2013,19,17,-46.051548,-130.5,8.041408
2013,19,18,-46.051548,-129.5,8.041125
2013,19,19,-46.051548,-128.5,8.040967
2014,0,0,-57.695797,-147.5,8.019696
2014,0,1,-57.695797,-146.5,8.021667
2014,0,2,-57.695797,-145.5,8.02188
2014,0,3,-57.695797,-144.5,8.020426
2014,0,4,-57.695797,-143.5,8.021118
2014,0,5,-57.695797,-142.5,8.022916
2014,0,6,-57.695797,-141.5,8.024541
2014,0,7,-57.695797,-140.5,8.026292
2014,0,8,-57.695797,-139.5,8.02794
2014,0,9,-57.695797,-138.5,8.028857
2014,0,10,-57.695797,-137.5,8.029576
2014,0,11,-57.695797,-136.5,8.030318
2014,0,12,-57.695797,-135.5,8.030829
2014,0,13,-57.695797,-134.5,8.031082
2014,0,14,-57.695797,-133.5,8.031444
2014,0,15,-57.695797,-132.5,8.0317545
2014,0,16,-57.695797,-131.5,8.031987
2014,0,17,-57.695797,-130.5,8.0323
2014,0,18,-57.695797,-129.5,8.032388
2014,0,19,-57.695797,-128.5,8.032469
2014,1,0,-57.15743,-147.5,8.017861
2014,1,1,-57.15743,-146.5,8.020029
2014,1,2,-57.15743,-145.5,8.020566
2014,1,3,-57.15743,-144.5,8.020169
2014,1,4,-57.15743,-143.5,8.021601
2014,1,5,-57.15743,-142.5,8.023749
2014,1,6,-57.15743,-141.5,8.02545
2014,1,7,-57.15743,-140.5,8.027247
2014,1,8,-57.15743,-139.5,8.028657
2014,1,9,-57.15743,-138.5,8.02934
2014,1,10,-57.15743,-137.5,8.029906
2014,1,11,-57.15743,-136.5,8.03066
2014,1,12,-57.15743,-135.5,8.031123
2014,1,13,-57.15743,-134.5,8.031345
2014,1,14,-57.15743,-133.5,8.031784
2014,1,15,-57.15743,-132.5,8.032178
2014,1,16,-57.15743,-131.5,8.032431
2014,1,17,-57.15743,-130.5,8.032861
2014,1,18,-57.15743,-129.5,8.032973
2014,1,19,-57.15743,-128.5,8.0331
2014,2,0,-56.61111,-147.5,8.017688
2014,2,1,-56.61111,-146.5,8.019091
2014,2,2,-56.61111,-145.5,8.020063
2014,2,3,-56.61111,-144.5,8.020829
2014,2,4,-56.61111,-143.5,8.023043
2014,2,5,-56.61111,-142.5,8.025358
2014,2,6,-56.61111,-141.5,8.026963
2014,2,7,-56.61111,-140.5,8.028679
2014,2,8,-56.61111,-139.5,8.029445
2014,2,9,-56.61111,-138.5,8.029954
2014,2,10,-56.61111,-137.5,8.030387
2014,2,11,-56.61111,-136.5,8.031067
2014,2,12,-56.61111,-135.5,8.031542
2014,2,13,-56.61111,-134.5,8.031674
2014,2,14,-56.61111,-133.5,8.032155
2014,2,15,-56.61111,-132.5,8.032584
2014,2,16,-56.61111,-131.5,8.0327835
2014,2,17,-56.61111,-130.5,8.033221
2014,2,18,-56.61111,-129.5,8.033351
2014,2,19,-56.61111,-128.5,8.033558
2014,3,0,-56.05677,-147.5,8.020511
2014,3,1,-56.05677,-146.5,8.021732
2014,3,2,-56.05677,-145.5,8.022723
2014,3,3,-56.05677,-144.5,8.023946
2014,3,4,-56.05677,-143.5,8.026084
2014,3,5,-56.05677,-142.5,8.027914
2014,3,6,-56.05677,-141.5,8.029179
2014,3,7,-56.05677,-140.5,8.030171
2014,3,8,-56.05677,-139.5,8.030574
2014,3,9,-56.05677,-138.5,8.030751
2014,3,10,-56.05677,-137.5,8.030833
2014,3,11,-56.05677,-136.5,8.031424
2014,3,12,-56.05677,-135.5,8.031781
2014,3,13,-56.05677,-134.5,8.031801
2014,3,14,-56.05677,-133.5,8.0324135
2014,3,15,-56.05677,-132.5,8.032929
2014,3,16,-56.05677,-131.5,8.033156
2014,3,17,-56.05677,-130.5,8.033588
2014,3,18,-56.05677,-129.5,8.033739
2014,3,19,-56.05677,-128.5,8.033959
2014,4,0,-55.494347,-147.5,8.024778
2014,4,1,-55.494347,-146.5,8.025299
2014,4,2,-55.494347,-145.5,8.026328
2014,4,3,-55.494347,-144.5,8.027264
2014,4,4,-55.494347,-143.5,8.028837
2014,4,5,-55.494347,-142.5,8.030023
2014,4,6,-55.494347,-141.5,8.031108
2014,4,7,-55.494347,-140.5,8.0311775
2014,4,8,-55.494347,-139.5,8.0316305
2014,4,9,-55.494347,-138.5,8.031689
2014,4,10,-55.494347,-137.5,8.031646
2014,4,11,-55.494347,-136.5,8.03206
2014,4,12,-55.494347,-135.5,8.032449
2014,4,13,-55.494347,-134.5,8.032503
2014,4,14,-55.494347,-133.5,8.033059
2014,4,15,-55.494347,-132.5,8.03345
2014,4,16,-55.494347,-131.5,8.033631
2014,4,17,-55.494347,-130.5,8.033939
2014,4,18,-55.494347,-129.5,8.034066
2014,4,19,-55.494347,-128.5,8.034293
2014,5,0,-54.923775,-147.5,8.0290785
2014,5,1,-54.923775,-146.5,8.029292
2014,5,2,-54.923775,-145.5,8.030192
2014,5,3,-54.923775,-144.5,8.030752
2014,5,4,-54.923775,-143.5,8.031647
2014,5,5,-54.923775,-142.5,8.03226
2014,5,6,-54.923775,-141.5,8.033263
2014,5,7,-54.923775,-140.5,8.032754
2014,5,8,-54.923775,-139.5,8.033034
2014,5,9,-54.923775,-138.5,8.03295
2014,5,10,-54.923775,-137.5,8.032826
2014,5,11,-54.923775,-136.5,8.03304
2014,5,12,-54.923775,-135.5,8.033472
2014,5,13,-54.923775,-134.5,8.033437
2014,5,14,-54.923775,-133.5,8.033841
2014,5,15,-54.923775,-132.5,8.034131
2014,5,16,-54.923775,-131.5,8.034232
2014,5,17,-54.923775,-130.5,8.034453
2014,5,18,-54.923775,-129.5,8.03461
2014,5,19,-54.923775,-128.5,8.034504
2014,6,0,-54.344994,-147.5,8.031238
2014,6,1,-54.344994,-146.5,8.031458
2014,6,2,-54.344994,-145.5,8.032227
2014,6,3,-54.344994,-144.5,8.032516
2014,6,4,-54.344994,-143.5,8.0331335
2014,6,5,-54.344994,-142.5,8.033679
2014,6,6,-54.344994,-141.5,8.034413
2014,6,7,-54.344994,-140.5,8.03411
2014,6,8,-54.344994,-139.5,8.034282
2014,6,9,-54.344994,-138.5,8.034158
2014,6,10,-54.344994,-137.5,8.033996
2014,6,11,-54.344994,-136.5,8.033898
2014,6,12,-54.344994,-135.5,8.034283
2014,6,13,-54.344994,-134.5,8.034115
2014,6,14,-54.344994,-133.5,8.0345125
2014,6,15,-54.344994,-132.5,8.034679
2014,6,16,-54.344994,-131.5,8.03478
2014,6,17,-54.344994,-130.5,8.035
2014,6,18,-54.344994,-129.5,8.03502
2014,6,19,-54.344994,-128.5,8.034864
2014,7,0,-53.75795,-147.5,8.032994
2014,7,1,-53.75795,-146.5,8.033313
2014,7,2,-53.75795,-145.5,8.034009
2014,7,3,-53.75795,-144.5,8.0342865
2014,7,4,-53.75795,-143.5,8.034858
2014,7,5,-53.75795,-142.5,8.035507
2014,7,6,-53.75795,-141.5,8.035808
2014,7,7,-53.75795,-140.5,8.035618
2014,7,8,-53.75795,-139.5,8.035619
2014,7,9,-53.75795,-138.5,8.035455
2014,7,10,-53.75795,-137.5,8.03522
2014,7,11,-53.75795,-136.5,8.035003
2014,7,12,-53.75795,-135.5,8.03519
2014,7,13,-53.75795,-134.5,8.035057
2014,7,14,-53.75795,-133.5,8.035203
2014,7,15,-53.75795,-132.5,8.035293
2014,7,16,-53.75795,-131.5,8.035348
2014,7,17,-53.75795,-130.5,8.035401
2014,7,18,-53.75795,-129.5,8.035332
2014,7,19,-53.75795,-128.5,8.034993
2014,8,0,-53.162582,-147.5,8.034411
2014,8,1,-53.162582,-146.5,8.034729
2014,8,2,-53.162582,-145.5,8.03542
2014,8,3,-53.162582,-144.5,8.035796
2014,8,4,-53.162582,-143.5,8.036438
2014,8,5,-53.162582,-142.5,8.036953
2014,8,6,-53.162582,-141.5,8.037315
2014,8,7,-53.162582,-140.5,8.03707
2014,8,8,-53.162582,-139.5,8.037017
2014,8,9,-53.162582,-138.5,8.036857
2014,8,10,-53.162582,-137.5,8.036544
2014,8,11,-53.162582,-136.5,8.036177
2014,8,12,-53.162582,-135.5,8.036115
2014,8,13,-53.162582,-134.5,8.035863
2014,8,14,-53.162582,-133.5,8.035908
2014,8,15,-53.162582,-132.5,8.035908
2014,8,16,-53.162582,-131.5,8.035914
2014,8,17,-53.162582,-130.5,8.0358305
2014,8,18,-53.162582,-129.5,8.035768
2014,8,19,-53.162582,-128.5,8.035323
2014,9,0,-52.558838,-147.5,8.036094
2014,9,1,-52.558838,-146.5,8.036458
2014,9,2,-52.558838,-145.5,8.037089
2014,9,3,-52.558838,-144.5,8.037541
2014,9,4,-52.558838,-143.5,8.038143
2014,9,5,-52.558838,-142.5,8.038493
2014,9,6,-52.558838,-141.5,8.038687
2014,9,7,-52.558838,-140.5,8.038442
2014,9,8,-52.558838,-139.5,8.038227
2014,9,9,-52.558838,-138.5,8.037982
2014,9,10,-52.558838,-137.5,8.037717
2014,9,11,-52.558838,-136.5,8.037301
2014,9,12,-52.558838,-135.5,8.03709
2014,9,13,-52.558838,-134.5,8.036756
2014,9,14,-52.558838,-133.5,8.036637
2014,9,15,-52.558838,-132.5,8.036478
2014,9,16,-52.558838,-131.5,8.036446
2014,9,17,-52.558838,-130.5,8.036131
2014,9,18,-52.558838,-129.5,8.036055
2014,9,19,-52.558838,-128.5,8.035556
2014,10,0,-51.946674,-147.5,8.037811
2014,10,1,-51.946674,-146.5,8.038234
2014,10,2,-51.946674,-145.5,8.03881
2014,10,3,-51.946674,-144.5,8.039192
2014,10,4,-51.946674,-143.5,8.039563
2014,10,5,-51.946674,-142.5,8.039815
2014,10,6,-51.946674,-141.5,8.039948
2014,10,7,-51.946674,-140.5,8.039533
2014,10,8,-51.946674,-139.5,8.039153
2014,10,9,-51.946674,-138.5,8.038856
2014,10,10,-51.946674,-137.5,8.038522
2014,10,11,-51.946674,-136.5,8.038238
2014,10,12,-51.946674,-135.5,8.03791
2014,10,13,-51.946674,-134.5,8.037513
2014,10,14,-51.946674,-133.5,8.03732
2014,10,15,-51.946674,-132.5,8.037032
2014,10,16,-51.946674,-131.5,8.036871
2014,10,17,-51.946674,-130.5,8.036469
2014,10,18,-51.946674,-129.5,8.036315
2014,10,19,-51.946674,-128.5,8.035724
2014,11,0,-51.326035,-147.5,8.039601
2014,11,1,-51.326035,-146.5,8.040098
2014,11,2,-51.326035,-145.5,8.040553
2014,11,3,-51.326035,-144.5,8.040746
2014,11,4,-51.326035,-143.5,8.040893
2014,11,5,-51.326035,-142.5,8.040959
2014,11,6,-51.326035,-141.5,8.041076
2014,11,7,-51.326035,-140.5,8.040595
2014,11,8,-51.326035,-139.5,8.040173
2014,11,9,-51.326035,-138.5,8.03983
2014,11,10,-51.326035,-137.5,8.039372
2014,11,11,-51.326035,-136.5,8.0390005
2014,11,12,-51.326035,-135.5,8.038621
2014,11,13,-51.326035,-134.5,8.0381975
2014,11,14,-51.326035,-133.5,8.03784
2014,11,15,-51.326035,-132.5,8.03747
2014,11,16,-51.326035,-131.5,8.03726
2014,11,17,-51.326035,-130.5,8.036883
2014,11,18,-51.326035,-129.5,8.036714
2014,11,19,-51.326035,-128.5,8.036146
2014,12,0,-50.696884,-147.5,8.041401
2014,12,1,-50.696884,-146.5,8.041762
2014,12,2,-50.696884,-145.5,8.041924
2014,12,3,-50.696884,-144.5,8.042037
2014,12,4,-50.696884,-143.5,8.041981
2014,12,5,-50.696884,-142.5,8.041846
2014,12,6,-50.696884,-141.5,8.041739
2014,12,7,-50.696884,-140.5,8.041216
2014,12,8,-50.696884,-139.5,8.040711
2014,12,9,-50.696884,-138.5,8.040286
2014,12,10,-50.696884,-137.5,8.039805
2014,12,11,-50.696884,-136.5,8.039433
2014,12,12,-50.696884,-135.5,8.039042
2014,12,13,-50.696884,-134.5,8.038656
2014,12,14,-50.696884,-133.5,8.038259
2014,12,15,-50.696884,-132.5,8.037867
2014,12,16,-50.696884,-131.5,8.037674
2014,12,17,-50.696884,-130.5,8.037341
2014,12,18,-50.696884,-129.5,8.037143
2014,12,19,-50.696884,-128.5,8.036584
2014,13,0,-50.059177,-147.5,8.042839
2014,13,1,-50.059177,-146.5,8.043039
2014,13,2,-50.059177,-145.5,8.042971
2014,13,3,-50.059177,-144.5,8.042922
2014,13,4,-50.059177,-143.5,8.042766
2014,13,5,-50.059177,-142.5,8.042534
2014,13,6,-50.059177,-141.5,8.04237
2014,13,7,-50.059177,-140.5,8.041759
2014,13,8,-50.059177,-139.5,8.041261
2014,13,9,-50.059177,-138.5,8.040775
2014,13,10,-50.059177,-137.5,8.040229
2014,13,11,-50.059177,-136.5,8.039813
2014,13,12,-50.059177,-135.5,8.039401
2014,13,13,-50.059177,-134.5,8.039052
2014,13,14,-50.059177,-133.5,8.038754
2014,13,15,-50.059177,-132.5,8.03847
2014,13,16,-50.059177,-131.5,8.038293
2014,13,17,-50.059177,-130.5,8.037892
2014,13,18,-50.059177,-129.5,8.037668
2014,13,19,-50.059177,-128.5,8.037119
2014,14,0,-49.41288,-147.5,8.043746
2014,14,1,-49.41288,-146.5,8.043838
2014,14,2,-49.41288,-145.5,8.043568
2014,14,3,-49.41288,-144.5,8.04337
2014,14,4,-49.41288,-143.5,8.043141
2014,14,5,-49.41288,-142.5,8.042826
2014,14,6,-49.41288,-141.5,8.042613
2014,14,7,-49.41288,-140.5,8.042096
2014,14,8,-49.41288,-139.5,8.041667
2014,14,9,-49.41288,-138.5,8.041163
2014,14,10,-49.41288,-137.5,8.040503
2014,14,11,-49.41288,-136.5,8.04004
2014,14,12,-49.41288,-135.5,8.039596
2014,14,13,-49.41288,-134.5,8.039305
2014,14,14,-49.41288,-133.5,8.039222
2014,14,15,-49.41288,-132.5,8.039008
2014,14,16,-49.41288,-131.5,8.038922
2014,14,17,-49.41288,-130.5,8.038413
2014,14,18,-49.41288,-129.5,8.038096
2014,14,19,-49.41288,-128.5,8.037568
2014,15,0,-48.757957,-147.5,8.044644
2014,15,1,-48.757957,-146.5,8.044582
2014,15,2,-48.757957,-145.5,8.044097
2014,15,3,-48.757957,-144.5,8.043771
2014,15,4,-48.757957,-143.5,8.043462
2014,15,5,-48.757957,-142.5,8.043033
2014,15,6,-48.757957,-141.5,8.042709
2014,15,7,-48.757957,-140.5,8.0421715
2014,15,8,-48.757957,-139.5,8.041794
2014,15,9,-48.757957,-138.5,8.0413885
2014,15,10,-48.757957,-137.5,8.040774
2014,15,11,-48.757957,-136.5,8.040378
2014,15,12,-48.757957,-135.5,8.040177
2014,15,13,-48.757957,-134.5,8.039979
2014,15,14,-48.757957,-133.5,8.039992
2014,15,15,-48.757957,-132.5,8.039779
2014,15,16,-48.757957,-131.5,8.039685
2014,15,17,-48.757957,-130.5,8.039149
2014,15,18,-48.757957,-129.5,8.038774
2014,15,19,-48.757957,-128.5,8.038289
2014,16,0,-48.094387,-147.5,8.045334
2014,16,1,-48.094387,-146.5,8.04496
2014,16,2,-48.094387,-145.5,8.044421
2014,16,3,-48.094387,-144.5,8.044036
2014,16,4,-48.094387,-143.5,8.043679
2014,16,5,-48.094387,-142.5,8.043284
2014,16,6,-48.094387,-141.5,8.042921
2014,16,7,-48.094387,-140.5,8.042408
2014,16,8,-48.094387,-139.5,8.0420065
2014,16,9,-48.094387,-138.5,8.041642
2014,16,10,-48.094387,-137.5,8.041006
2014,16,11,-48.094387,-136.5,8.040656
2014,16,12,-48.094387,-135.5,8.040626
2014,16,13,-48.094387,-134.5,8.040462
2014,16,14,-48.094387,-133.5,8.04046
2014,16,15,-48.094387,-132.5,8.040259
2014,16,16,-48.094387,-131.5,8.040088
2014,16,17,-48.094387,-130.5,8.039666
2014,16,18,-48.094387,-129.5,8.039266
2014,16,19,-48.094387,-128.5,8.038766
2014,17,0,-47.422142,-147.5,8.045751
2014,17,1,-47.422142,-146.5,8.045337
2014,17,2,-47.422142,-145.5,8.044723
2014,17,3,-47.422142,-144.5,8.044356
2014,17,4,-47.422142,-143.5,8.044104
2014,17,5,-47.422142,-142.5,8.043762
2014,17,6,-47.422142,-141.5,8.043372
2014,17,7,-47.422142,-140.5,8.042843
2014,17,8,-47.422142,-139.5,8.042355
2014,17,9,-47.422142,-138.5,8.042144
2014,17,10,-47.422142,-137.5,8.041596
2014,17,11,-47.422142,-136.5,8.041238
2014,17,12,-47.422142,-135.5,8.041064
2014,17,13,-47.422142,-134.5,8.040918
2014,17,14,-47.422142,-133.5,8.040931
2014,17,15,-47.422142,-132.5,8.040807
2014,17,16,-47.422142,-131.5,8.040597
2014,17,17,-47.422142,-130.5,8.040183
2014,17,18,-47.422142,-129.5,8.040008
2014,17,19,-47.422142,-128.5,8.039504
2014,18,0,-46.7412,-147.5,8.045991
2014,18,1,-46.7412,-146.5,8.0457115
2014,18,2,-46.7412,-145.5,8.045053
2014,18,3,-46.7412,-144.5,8.044581
2014,18,4,-46.7412,-143.5,8.044295
2014,18,5,-46.7412,-142.5,8.043904
2014,18,6,-46.7412,-141.5,8.043469
2014,18,7,-46.7412,-140.5,8.0429535
2014,18,8,-46.7412,-139.5,8.04246
2014,18,9,-46.7412,-138.5,8.042425
2014,18,10,-46.7412,-137.5,8.042069
2014,18,11,-46.7412,-136.5,8.041743
2014,18,12,-46.7412,-135.5,8.041436
2014,18,13,-46.7412,-134.5,8.041235
2014,18,14,-46.7412,-133.5,8.041289
2014,18,15,-46.7412,-132.5,8.04122
2014,18,16,-46.7412,-131.5,8.041
2014,18,17,-46.7412,-130.5,8.04055
2014,18,18,-46.7412,-129.5,8.040352
2014,18,19,-46.7412,-128.5,8.039907
2014,19,0,-46.051548,-147.5,8.045996
2014,19,1,-46.051548,-146.5,8.0458
2014,19,2,-46.051548,-145.5,8.045435
2014,19,3,-46.051548,-144.5,8.044938
2014,19,4,-46.051548,-143.5,8.044767
2014,19,5,-46.051548,-142.5,8.044484
2014,19,6,-46.051548,-141.5,8.044105
2014,19,7,-46.051548,-140.5,8.043641
2014,19,8,-46.051548,-139.5,8.043187
2014,19,9,-46.051548,-138.5,8.042896
2014,19,10,-46.051548,-137.5,8.042441
2014,19,11,-46.051548,-136.5,8.04217
2014,19,12,-46.051548,-135.5,8.042029
2014,19,13,-46.051548,-134.5,8.041846
2014,19,14,-46.051548,-133.5,8.04195
2014,19,15,-46.051548,-132.5,8.041988
2014,19,16,-46.051548,-131.5,8.041985
2014,19,17,-46.051548,-130.5,8.041543
2014,19,18,-46.051548,-129.5,8.04132
2014,19,19,-46.051548,-128.5,8.040987
